Period = 0.1 ns   Slack = -0.738875
----- Timing report for period = 0.1 ns -----
----------------------------------------------
Period = 0.2 ns   Slack = -0.638875
----- Timing report for period = 0.2 ns -----
----------------------------------------------
Period = 0.3 ns   Slack = -0.538875
----- Timing report for period = 0.3 ns -----
----------------------------------------------
Period = 0.4 ns   Slack = -0.438875
----- Timing report for period = 0.4 ns -----
----------------------------------------------
Period = 0.5 ns   Slack = -0.338875
----- Timing report for period = 0.5 ns -----
----------------------------------------------
Period = 0.6 ns   Slack = -0.238875
----- Timing report for period = 0.6 ns -----
----------------------------------------------
Period = 0.7 ns   Slack = -0.138875
----- Timing report for period = 0.7 ns -----
----------------------------------------------
Period = 0.8 ns   Slack = -0.038875
----- Timing report for period = 0.8 ns -----
----------------------------------------------
Period = 0.9 ns   Slack = 0.061125
----- Timing report for period = 0.9 ns -----
----------------------------------------------
Period = 1.0 ns   Slack = 0.161125
----- Timing report for period = 1.0 ns -----
----------------------------------------------
Period = 1.1 ns   Slack = 0.261125
----- Timing report for period = 1.1 ns -----
----------------------------------------------
Period = 1.2 ns   Slack = 0.361125
----- Timing report for period = 1.2 ns -----
----------------------------------------------
Period = 1.3 ns   Slack = 0.461125
----- Timing report for period = 1.3 ns -----
----------------------------------------------
Period = 1.4 ns   Slack = 0.561125
----- Timing report for period = 1.4 ns -----
----------------------------------------------
Period = 1.5 ns   Slack = 0.661125
----- Timing report for period = 1.5 ns -----
----------------------------------------------
Period = 1.6 ns   Slack = 0.761125
----- Timing report for period = 1.6 ns -----
----------------------------------------------
Period = 1.7 ns   Slack = 0.861125
----- Timing report for period = 1.7 ns -----
----------------------------------------------
Period = 1.8 ns   Slack = 0.961125
----- Timing report for period = 1.8 ns -----
----------------------------------------------
Period = 1.9 ns   Slack = 1.061125
----- Timing report for period = 1.9 ns -----
----------------------------------------------
Period = 2.0 ns   Slack = 1.161125
----- Timing report for period = 2.0 ns -----
----------------------------------------------
---
  data required time                                0.0930
  data arrival time                                -0.8319
  ---------------------------------------------------------------
  slack (VIOLATED)                                 -0.7389


  Startpoint: sram00_inst
               (rising edge-triggered flip-flop clocked by clk)
  Endpoint: dout[5] (output port clocked by clk)
  Path Group: clk
  Path Type: max

  Point                                    Incr       Path
  ---------------------------------------------------------------
  clock clk (rise edge)                  0.0000     0.0000
  clock network delay (ideal)            0.0000     0.0000
  sram00_inst/CLK (sram00)               0.0000     0.0000 r
  sram00_inst/Q[5] (sram00)              0.8319     0.8319 f
  dout[5] (out)                          0.0000     0.8319 f
  data arrival time                                 0.8319

  clock clk (rise edge)                  0.1000     0.1000
  clock network delay (ideal)            0.0000     0.1000
  clock reconvergence pessimism          0.0000     0.1000
  output external delay                 -0.0070     0.0930
  data required time                                0.0930
  ---------------------------------------------------------------
  data required time                                0.0930
  data arrival time                                -0.8319
  ---------------------------------------------------------------
  slack (VIOLATED)                                 -0.7389


  Startpoint: sram00_inst
               (rising edge-triggered flip-flop clocked by clk)
  Endpoint: dout[4] (output port clocked by clk)
  Path Group: clk
  Path Type: max

  Point                                    Incr       Path
  ---------------------------------------------------------------
  clock clk (rise edge)                  0.0000     0.0000
  clock network delay (ideal)            0.0000     0.0000
  sram00_inst/CLK (sram00)               0.0000     0.0000 r
  sram00_inst/Q[4] (sram00)              0.8319     0.8319 f
  dout[4] (out)                          0.0000     0.8319 f
  data arrival time                                 0.8319

  clock clk (rise edge)                  0.1000     0.1000
  clock network delay (ideal)            0.0000     0.1000
  clock reconvergence pessimism          0.0000     0.1000
  output external delay                 -0.0070     0.0930
  data required time                                0.0930
  ---------------------------------------------------------------
  data required time                                0.0930
  data arrival time                                -0.8319
  ---------------------------------------------------------------
  slack (VIOLATED)                                 -0.7389


  Startpoint: sram00_inst
               (rising edge-triggered flip-flop clocked by clk)
  Endpoint: dout[3] (output port clocked by clk)
  Path Group: clk
  Path Type: max

  Point                                    Incr       Path
  ---------------------------------------------------------------
  clock clk (rise edge)                  0.0000     0.0000
  clock network delay (ideal)            0.0000     0.0000
  sram00_inst/CLK (sram00)               0.0000     0.0000 r
  sram00_inst/Q[3] (sram00)              0.8319     0.8319 f
  dout[3] (out)                          0.0000     0.8319 f
  data arrival time                                 0.8319

  clock clk (rise edge)                  0.1000     0.1000
  clock network delay (ideal)            0.0000     0.1000
  clock reconvergence pessimism          0.0000     0.1000
  output external delay                 -0.0070     0.0930
  data required time                                0.0930
  ---------------------------------------------------------------
  data required time                                0.0930
  data arrival time                                -0.8319
  ---------------------------------------------------------------
  slack (VIOLATED)                                 -0.7389


  Startpoint: sram00_inst
               (rising edge-triggered flip-flop clocked by clk)
  Endpoint: dout[7] (output port clocked by clk)
  Path Group: clk
  Path Type: max

  Point                                    Incr       Path
  ---------------------------------------------------------------
  clock clk (rise edge)                  0.0000     0.0000
  clock network delay (ideal)            0.0000     0.0000
  sram00_inst/CLK (sram00)               0.0000     0.0000 r
  sram00_inst/Q[7] (sram00)              0.8205     0.8205 r
  dout[7] (out)                          0.0000     0.8205 r
  data arrival time                                 0.8205

  clock clk (rise edge)                  0.1000     0.1000
  clock network delay (ideal)            0.0000     0.1000
  clock reconvergence pessimism          0.0000     0.1000
  output external delay                 -0.0070     0.0930
  data required time                                0.0930
  ---------------------------------------------------------------
  data required time                                0.0930
  data arrival time                                -0.8205
  ---------------------------------------------------------------
  slack (VIOLATED)                                 -0.7275


  Startpoint: sram00_inst
               (rising edge-triggered flip-flop clocked by clk)
  Endpoint: dout[6] (output port clocked by clk)
  Path Group: clk
  Path Type: max

  Point                                    Incr       Path
  ---------------------------------------------------------------
  clock clk (rise edge)                  0.0000     0.0000
  clock network delay (ideal)            0.0000     0.0000
  sram00_inst/CLK (sram00)               0.0000     0.0000 r
  sram00_inst/Q[6] (sram00)              0.8205     0.8205 r
  dout[6] (out)                          0.0000     0.8205 r
  data arrival time                                 0.8205

  clock clk (rise edge)                  0.1000     0.1000
  clock network delay (ideal)            0.0000     0.1000
  clock reconvergence pessimism          0.0000     0.1000
  output external delay                 -0.0070     0.0930
  data required time                                0.0930
  ---------------------------------------------------------------
  data required time                                0.0930
  data arrival time                                -0.8205
  ---------------------------------------------------------------
  slack (VIOLATED)                                 -0.7275


  Startpoint: sram00_inst
               (rising edge-triggered flip-flop clocked by clk)
  Endpoint: dout[5] (output port clocked by clk)
  Path Group: clk
  Path Type: max

  Point                                    Incr       Path
  ---------------------------------------------------------------
  clock clk (rise edge)                  0.0000     0.0000
  clock network delay (ideal)            0.0000     0.0000
  sram00_inst/CLK (sram00)               0.0000     0.0000 r
  sram00_inst/Q[5] (sram00)              0.8205     0.8205 r
  dout[5] (out)                          0.0000     0.8205 r
  data arrival time                                 0.8205

  clock clk (rise edge)                  0.1000     0.1000
  clock network delay (ideal)            0.0000     0.1000
  clock reconvergence pessimism          0.0000     0.1000
  output external delay                 -0.0070     0.0930
  data required time                                0.0930
  ---------------------------------------------------------------
  data required time                                0.0930
  data arrival time                                -0.8205
  ---------------------------------------------------------------
  slack (VIOLATED)                                 -0.7275


  Startpoint: sram00_inst
               (rising edge-triggered flip-flop clocked by clk)
  Endpoint: dout[4] (output port clocked by clk)
  Path Group: clk
  Path Type: max

  Point                                    Incr       Path
  ---------------------------------------------------------------
  clock clk (rise edge)                  0.0000     0.0000
  clock network delay (ideal)            0.0000     0.0000
  sram00_inst/CLK (sram00)               0.0000     0.0000 r
  sram00_inst/Q[4] (sram00)              0.8205     0.8205 r
  dout[4] (out)                          0.0000     0.8205 r
  data arrival time                                 0.8205

  clock clk (rise edge)                  0.1000     0.1000
  clock network delay (ideal)            0.0000     0.1000
  clock reconvergence pessimism          0.0000     0.1000
  output external delay                 -0.0070     0.0930
  data required time                                0.0930
  ---------------------------------------------------------------
  data required time                                0.0930
  data arrival time                                -0.8205
  ---------------------------------------------------------------
  slack (VIOLATED)                                 -0.7275


  Startpoint: sram00_inst
               (rising edge-triggered flip-flop clocked by clk)
  Endpoint: dout[3] (output port clocked by clk)
  Path Group: clk
  Path Type: max

  Point                                    Incr       Path
  ---------------------------------------------------------------
  clock clk (rise edge)                  0.0000     0.0000
  clock network delay (ideal)            0.0000     0.0000
  sram00_inst/CLK (sram00)               0.0000     0.0000 r
  sram00_inst/Q[3] (sram00)              0.8205     0.8205 r
  dout[3] (out)                          0.0000     0.8205 r
  data arrival time                                 0.8205

  clock clk (rise edge)                  0.1000     0.1000
  clock network delay (ideal)            0.0000     0.1000
  clock reconvergence pessimism          0.0000     0.1000
  output external delay                 -0.0070     0.0930
  data required time                                0.0930
  ---------------------------------------------------------------
  data required time                                0.0930
  data arrival time                                -0.8205
  ---------------------------------------------------------------
  slack (VIOLATED)                                 -0.7275

Warning: report_timing has satisfied the max_paths criteria. There are 22 further endpoints which have paths of interest with slack less than   0.0000 that were not considered when generating this report. (UITE-502)

1
****************************************
Report : timing
	-path_type full
	-delay_type max
	-nworst 10
	-slack_lesser_than 0.0000
	-max_paths 10
	-sort_by slack
Design : sram_wrapper
Version: U-2022.12-SP5
Date   : Fri Mar  6 21:54:56 2026
****************************************


  Startpoint: sram00_inst
               (rising edge-triggered flip-flop clocked by clk)
  Endpoint: dout[7] (output port clocked by clk)
  Path Group: clk
  Path Type: max

  Point                                    Incr       Path
  ---------------------------------------------------------------
  clock clk (rise edge)                  0.0000     0.0000
  clock network delay (ideal)            0.0000     0.0000
  sram00_inst/CLK (sram00)               0.0000     0.0000 r
  sram00_inst/Q[7] (sram00)              0.8319     0.8319 f
  dout[7] (out)                          0.0000     0.8319 f
  data arrival time                                 0.8319

  clock clk (rise edge)                  0.2000     0.2000
  clock network delay (ideal)            0.0000     0.2000
  clock reconvergence pessimism          0.0000     0.2000
  output external delay                 -0.0070     0.1930
  data required time                                0.1930
  ---------------------------------------------------------------
  data required time                                0.1930
  data arrival time                                -0.8319
  ---------------------------------------------------------------
  slack (VIOLATED)                                 -0.6389


  Startpoint: sram00_inst
               (rising edge-triggered flip-flop clocked by clk)
  Endpoint: dout[6] (output port clocked by clk)
  Path Group: clk
  Path Type: max

  Point                                    Incr       Path
  ---------------------------------------------------------------
  clock clk (rise edge)                  0.0000     0.0000
  clock network delay (ideal)            0.0000     0.0000
  sram00_inst/CLK (sram00)               0.0000     0.0000 r
  sram00_inst/Q[6] (sram00)              0.8319     0.8319 f
  dout[6] (out)                          0.0000     0.8319 f
  data arrival time                                 0.8319

  clock clk (rise edge)                  0.2000     0.2000
  clock network delay (ideal)            0.0000     0.2000
  clock reconvergence pessimism          0.0000     0.2000
  output external delay                 -0.0070     0.1930
  data required time                                0.1930
  ---------------------------------------------------------------
  data required time                                0.1930
  data arrival time                                -0.8319
  ---------------------------------------------------------------
  slack (VIOLATED)                                 -0.6389


  Startpoint: sram00_inst
               (rising edge-triggered flip-flop clocked by clk)
  Endpoint: dout[5] (output port clocked by clk)
  Path Group: clk
  Path Type: max

  Point                                    Incr       Path
  ---------------------------------------------------------------
  clock clk (rise edge)                  0.0000     0.0000
  clock network delay (ideal)            0.0000     0.0000
  sram00_inst/CLK (sram00)               0.0000     0.0000 r
  sram00_inst/Q[5] (sram00)              0.8319     0.8319 f
  dout[5] (out)                          0.0000     0.8319 f
  data arrival time                                 0.8319

  clock clk (rise edge)                  0.2000     0.2000
  clock network delay (ideal)            0.0000     0.2000
  clock reconvergence pessimism          0.0000     0.2000
  output external delay                 -0.0070     0.1930
  data required time                                0.1930
  ---------------------------------------------------------------
  data required time                                0.1930
  data arrival time                                -0.8319
  ---------------------------------------------------------------
  slack (VIOLATED)                                 -0.6389


  Startpoint: sram00_inst
               (rising edge-triggered flip-flop clocked by clk)
  Endpoint: dout[4] (output port clocked by clk)
  Path Group: clk
  Path Type: max

  Point                                    Incr       Path
  ---------------------------------------------------------------
  clock clk (rise edge)                  0.0000     0.0000
  clock network delay (ideal)            0.0000     0.0000
  sram00_inst/CLK (sram00)               0.0000     0.0000 r
  sram00_inst/Q[4] (sram00)              0.8319     0.8319 f
  dout[4] (out)                          0.0000     0.8319 f
  data arrival time                                 0.8319

  clock clk (rise edge)                  0.2000     0.2000
  clock network delay (ideal)            0.0000     0.2000
  clock reconvergence pessimism          0.0000     0.2000
  output external delay                 -0.0070     0.1930
  data required time                                0.1930
  ---------------------------------------------------------------
  data required time                                0.1930
  data arrival time                                -0.8319
  ---------------------------------------------------------------
  slack (VIOLATED)                                 -0.6389


  Startpoint: sram00_inst
               (rising edge-triggered flip-flop clocked by clk)
  Endpoint: dout[3] (output port clocked by clk)
  Path Group: clk
  Path Type: max

  Point                                    Incr       Path
  ---------------------------------------------------------------
  clock clk (rise edge)                  0.0000     0.0000
  clock network delay (ideal)            0.0000     0.0000
  sram00_inst/CLK (sram00)               0.0000     0.0000 r
  sram00_inst/Q[3] (sram00)              0.8319     0.8319 f
  dout[3] (out)                          0.0000     0.8319 f
  data arrival time                                 0.8319

  clock clk (rise edge)                  0.2000     0.2000
  clock network delay (ideal)            0.0000     0.2000
  clock reconvergence pessimism          0.0000     0.2000
  output external delay                 -0.0070     0.1930
  data required time                                0.1930
  ---------------------------------------------------------------
  data required time                                0.1930
  data arrival time                                -0.8319
  ---------------------------------------------------------------
  slack (VIOLATED)                                 -0.6389


  Startpoint: sram00_inst
               (rising edge-triggered flip-flop clocked by clk)
  Endpoint: dout[7] (output port clocked by clk)
  Path Group: clk
  Path Type: max

  Point                                    Incr       Path
  ---------------------------------------------------------------
  clock clk (rise edge)                  0.0000     0.0000
  clock network delay (ideal)            0.0000     0.0000
  sram00_inst/CLK (sram00)               0.0000     0.0000 r
  sram00_inst/Q[7] (sram00)              0.8205     0.8205 r
  dout[7] (out)                          0.0000     0.8205 r
  data arrival time                                 0.8205

  clock clk (rise edge)                  0.2000     0.2000
  clock network delay (ideal)            0.0000     0.2000
  clock reconvergence pessimism          0.0000     0.2000
  output external delay                 -0.0070     0.1930
  data required time                                0.1930
  ---------------------------------------------------------------
  data required time                                0.1930
  data arrival time                                -0.8205
  ---------------------------------------------------------------
  slack (VIOLATED)                                 -0.6275


  Startpoint: sram00_inst
               (rising edge-triggered flip-flop clocked by clk)
  Endpoint: dout[6] (output port clocked by clk)
  Path Group: clk
  Path Type: max

  Point                                    Incr       Path
  ---------------------------------------------------------------
  clock clk (rise edge)                  0.0000     0.0000
  clock network delay (ideal)            0.0000     0.0000
  sram00_inst/CLK (sram00)               0.0000     0.0000 r
  sram00_inst/Q[6] (sram00)              0.8205     0.8205 r
  dout[6] (out)                          0.0000     0.8205 r
  data arrival time                                 0.8205

  clock clk (rise edge)                  0.2000     0.2000
  clock network delay (ideal)            0.0000     0.2000
  clock reconvergence pessimism          0.0000     0.2000
  output external delay                 -0.0070     0.1930
  data required time                                0.1930
  ---------------------------------------------------------------
  data required time                                0.1930
  data arrival time                                -0.8205
  ---------------------------------------------------------------
  slack (VIOLATED)                                 -0.6275


  Startpoint: sram00_inst
               (rising edge-triggered flip-flop clocked by clk)
  Endpoint: dout[5] (output port clocked by clk)
  Path Group: clk
  Path Type: max

  Point                                    Incr       Path
  ---------------------------------------------------------------
  clock clk (rise edge)                  0.0000     0.0000
  clock network delay (ideal)            0.0000     0.0000
  sram00_inst/CLK (sram00)               0.0000     0.0000 r
  sram00_inst/Q[5] (sram00)              0.8205     0.8205 r
  dout[5] (out)                          0.0000     0.8205 r
  data arrival time                                 0.8205

  clock clk (rise edge)                  0.2000     0.2000
  clock network delay (ideal)            0.0000     0.2000
  clock reconvergence pessimism          0.0000     0.2000
  output external delay                 -0.0070     0.1930
  data required time                                0.1930
  ---------------------------------------------------------------
  data required time                                0.1930
  data arrival time                                -0.8205
  ---------------------------------------------------------------
  slack (VIOLATED)                                 -0.6275


  Startpoint: sram00_inst
               (rising edge-triggered flip-flop clocked by clk)
  Endpoint: dout[4] (output port clocked by clk)
  Path Group: clk
  Path Type: max

  Point                                    Incr       Path
  ---------------------------------------------------------------
  clock clk (rise edge)                  0.0000     0.0000
  clock network delay (ideal)            0.0000     0.0000
  sram00_inst/CLK (sram00)               0.0000     0.0000 r
  sram00_inst/Q[4] (sram00)              0.8205     0.8205 r
  dout[4] (out)                          0.0000     0.8205 r
  data arrival time                                 0.8205

  clock clk (rise edge)                  0.2000     0.2000
  clock network delay (ideal)            0.0000     0.2000
  clock reconvergence pessimism          0.0000     0.2000
  output external delay                 -0.0070     0.1930
  data required time                                0.1930
  ---------------------------------------------------------------
  data required time                                0.1930
  data arrival time                                -0.8205
  ---------------------------------------------------------------
  slack (VIOLATED)                                 -0.6275


  Startpoint: sram00_inst
               (rising edge-triggered flip-flop clocked by clk)
  Endpoint: dout[3] (output port clocked by clk)
  Path Group: clk
  Path Type: max

  Point                                    Incr       Path
  ---------------------------------------------------------------
  clock clk (rise edge)                  0.0000     0.0000
  clock network delay (ideal)            0.0000     0.0000
  sram00_inst/CLK (sram00)               0.0000     0.0000 r
  sram00_inst/Q[3] (sram00)              0.8205     0.8205 r
  dout[3] (out)                          0.0000     0.8205 r
  data arrival time                                 0.8205

  clock clk (rise edge)                  0.2000     0.2000
  clock network delay (ideal)            0.0000     0.2000
  clock reconvergence pessimism          0.0000     0.2000
  output external delay                 -0.0070     0.1930
  data required time                                0.1930
  ---------------------------------------------------------------
  data required time                                0.1930
  data arrival time                                -0.8205
  ---------------------------------------------------------------
  slack (VIOLATED)                                 -0.6275

Warning: report_timing has satisfied the max_paths criteria. There are 13 further endpoints which have paths of interest with slack less than   0.0000 that were not considered when generating this report. (UITE-502)

1
****************************************
Report : timing
	-path_type full
	-delay_type max
	-nworst 10
	-slack_lesser_than 0.0000
	-max_paths 10
	-sort_by slack
Design : sram_wrapper
Version: U-2022.12-SP5
Date   : Fri Mar  6 21:54:56 2026
****************************************


  Startpoint: sram00_inst
               (rising edge-triggered flip-flop clocked by clk)
  Endpoint: dout[7] (output port clocked by clk)
  Path Group: clk
  Path Type: max

  Point                                    Incr       Path
  ---------------------------------------------------------------
  clock clk (rise edge)                  0.0000     0.0000
  clock network delay (ideal)            0.0000     0.0000
  sram00_inst/CLK (sram00)               0.0000     0.0000 r
  sram00_inst/Q[7] (sram00)              0.8319     0.8319 f
  dout[7] (out)                          0.0000     0.8319 f
  data arrival time                                 0.8319

  clock clk (rise edge)                  0.3000     0.3000
  clock network delay (ideal)            0.0000     0.3000
  clock reconvergence pessimism          0.0000     0.3000
  output external delay                 -0.0070     0.2930
  data required time                                0.2930
  ---------------------------------------------------------------
  data required time                                0.2930
  data arrival time                                -0.8319
  ---------------------------------------------------------------
  slack (VIOLATED)                                 -0.5389


  Startpoint: sram00_inst
               (rising edge-triggered flip-flop clocked by clk)
  Endpoint: dout[6] (output port clocked by clk)
  Path Group: clk
  Path Type: max

  Point                                    Incr       Path
  ---------------------------------------------------------------
  clock clk (rise edge)                  0.0000     0.0000
  clock network delay (ideal)            0.0000     0.0000
  sram00_inst/CLK (sram00)               0.0000     0.0000 r
  sram00_inst/Q[6] (sram00)              0.8319     0.8319 f
  dout[6] (out)                          0.0000     0.8319 f
  data arrival time                                 0.8319

  clock clk (rise edge)                  0.3000     0.3000
  clock network delay (ideal)            0.0000     0.3000
  clock reconvergence pessimism          0.0000     0.3000
  output external delay                 -0.0070     0.2930
  data required time                                0.2930
  ---------------------------------------------------------------
  data required time                                0.2930
  data arrival time                                -0.8319
  ---------------------------------------------------------------
  slack (VIOLATED)                                 -0.5389


  Startpoint: sram00_inst
               (rising edge-triggered flip-flop clocked by clk)
  Endpoint: dout[5] (output port clocked by clk)
  Path Group: clk
  Path Type: max

  Point                                    Incr       Path
  ---------------------------------------------------------------
  clock clk (rise edge)                  0.0000     0.0000
  clock network delay (ideal)            0.0000     0.0000
  sram00_inst/CLK (sram00)               0.0000     0.0000 r
  sram00_inst/Q[5] (sram00)              0.8319     0.8319 f
  dout[5] (out)                          0.0000     0.8319 f
  data arrival time                                 0.8319

  clock clk (rise edge)                  0.3000     0.3000
  clock network delay (ideal)            0.0000     0.3000
  clock reconvergence pessimism          0.0000     0.3000
  output external delay                 -0.0070     0.2930
  data required time                                0.2930
  ---------------------------------------------------------------
  data required time                                0.2930
  data arrival time                                -0.8319
  ---------------------------------------------------------------
  slack (VIOLATED)                                 -0.5389


  Startpoint: sram00_inst
               (rising edge-triggered flip-flop clocked by clk)
  Endpoint: dout[4] (output port clocked by clk)
  Path Group: clk
  Path Type: max

  Point                                    Incr       Path
  ---------------------------------------------------------------
  clock clk (rise edge)                  0.0000     0.0000
  clock network delay (ideal)            0.0000     0.0000
  sram00_inst/CLK (sram00)               0.0000     0.0000 r
  sram00_inst/Q[4] (sram00)              0.8319     0.8319 f
  dout[4] (out)                          0.0000     0.8319 f
  data arrival time                                 0.8319

  clock clk (rise edge)                  0.3000     0.3000
  clock network delay (ideal)            0.0000     0.3000
  clock reconvergence pessimism          0.0000     0.3000
  output external delay                 -0.0070     0.2930
  data required time                                0.2930
  ---------------------------------------------------------------
  data required time                                0.2930
  data arrival time                                -0.8319
  ---------------------------------------------------------------
  slack (VIOLATED)                                 -0.5389


  Startpoint: sram00_inst
               (rising edge-triggered flip-flop clocked by clk)
  Endpoint: dout[3] (output port clocked by clk)
  Path Group: clk
  Path Type: max

  Point                                    Incr       Path
  ---------------------------------------------------------------
  clock clk (rise edge)                  0.0000     0.0000
  clock network delay (ideal)            0.0000     0.0000
  sram00_inst/CLK (sram00)               0.0000     0.0000 r
  sram00_inst/Q[3] (sram00)              0.8319     0.8319 f
  dout[3] (out)                          0.0000     0.8319 f
  data arrival time                                 0.8319

  clock clk (rise edge)                  0.3000     0.3000
  clock network delay (ideal)            0.0000     0.3000
  clock reconvergence pessimism          0.0000     0.3000
  output external delay                 -0.0070     0.2930
  data required time                                0.2930
  ---------------------------------------------------------------
  data required time                                0.2930
  data arrival time                                -0.8319
  ---------------------------------------------------------------
  slack (VIOLATED)                                 -0.5389


  Startpoint: sram00_inst
               (rising edge-triggered flip-flop clocked by clk)
  Endpoint: dout[7] (output port clocked by clk)
  Path Group: clk
  Path Type: max

  Point                                    Incr       Path
  ---------------------------------------------------------------
  clock clk (rise edge)                  0.0000     0.0000
  clock network delay (ideal)            0.0000     0.0000
  sram00_inst/CLK (sram00)               0.0000     0.0000 r
  sram00_inst/Q[7] (sram00)              0.8205     0.8205 r
  dout[7] (out)                          0.0000     0.8205 r
  data arrival time                                 0.8205

  clock clk (rise edge)                  0.3000     0.3000
  clock network delay (ideal)            0.0000     0.3000
  clock reconvergence pessimism          0.0000     0.3000
  output external delay                 -0.0070     0.2930
  data required time                                0.2930
  ---------------------------------------------------------------
  data required time                                0.2930
  data arrival time                                -0.8205
  ---------------------------------------------------------------
  slack (VIOLATED)                                 -0.5275


  Startpoint: sram00_inst
               (rising edge-triggered flip-flop clocked by clk)
  Endpoint: dout[6] (output port clocked by clk)
  Path Group: clk
  Path Type: max

  Point                                    Incr       Path
  ---------------------------------------------------------------
  clock clk (rise edge)                  0.0000     0.0000
  clock network delay (ideal)            0.0000     0.0000
  sram00_inst/CLK (sram00)               0.0000     0.0000 r
  sram00_inst/Q[6] (sram00)              0.8205     0.8205 r
  dout[6] (out)                          0.0000     0.8205 r
  data arrival time                                 0.8205

  clock clk (rise edge)                  0.3000     0.3000
  clock network delay (ideal)            0.0000     0.3000
  clock reconvergence pessimism          0.0000     0.3000
  output external delay                 -0.0070     0.2930
  data required time                                0.2930
  ---------------------------------------------------------------
  data required time                                0.2930
  data arrival time                                -0.8205
  ---------------------------------------------------------------
  slack (VIOLATED)                                 -0.5275


  Startpoint: sram00_inst
               (rising edge-triggered flip-flop clocked by clk)
  Endpoint: dout[5] (output port clocked by clk)
  Path Group: clk
  Path Type: max

  Point                                    Incr       Path
  ---------------------------------------------------------------
  clock clk (rise edge)                  0.0000     0.0000
  clock network delay (ideal)            0.0000     0.0000
  sram00_inst/CLK (sram00)               0.0000     0.0000 r
  sram00_inst/Q[5] (sram00)              0.8205     0.8205 r
  dout[5] (out)                          0.0000     0.8205 r
  data arrival time                                 0.8205

  clock clk (rise edge)                  0.3000     0.3000
  clock network delay (ideal)            0.0000     0.3000
  clock reconvergence pessimism          0.0000     0.3000
  output external delay                 -0.0070     0.2930
  data required time                                0.2930
  ---------------------------------------------------------------
  data required time                                0.2930
  data arrival time                                -0.8205
  ---------------------------------------------------------------
  slack (VIOLATED)                                 -0.5275


  Startpoint: sram00_inst
               (rising edge-triggered flip-flop clocked by clk)
  Endpoint: dout[4] (output port clocked by clk)
  Path Group: clk
  Path Type: max

  Point                                    Incr       Path
  ---------------------------------------------------------------
  clock clk (rise edge)                  0.0000     0.0000
  clock network delay (ideal)            0.0000     0.0000
  sram00_inst/CLK (sram00)               0.0000     0.0000 r
  sram00_inst/Q[4] (sram00)              0.8205     0.8205 r
  dout[4] (out)                          0.0000     0.8205 r
  data arrival time                                 0.8205

  clock clk (rise edge)                  0.3000     0.3000
  clock network delay (ideal)            0.0000     0.3000
  clock reconvergence pessimism          0.0000     0.3000
  output external delay                 -0.0070     0.2930
  data required time                                0.2930
  ---------------------------------------------------------------
  data required time                                0.2930
  data arrival time                                -0.8205
  ---------------------------------------------------------------
  slack (VIOLATED)                                 -0.5275


  Startpoint: sram00_inst
               (rising edge-triggered flip-flop clocked by clk)
  Endpoint: dout[3] (output port clocked by clk)
  Path Group: clk
  Path Type: max

  Point                                    Incr       Path
  ---------------------------------------------------------------
  clock clk (rise edge)                  0.0000     0.0000
  clock network delay (ideal)            0.0000     0.0000
  sram00_inst/CLK (sram00)               0.0000     0.0000 r
  sram00_inst/Q[3] (sram00)              0.8205     0.8205 r
  dout[3] (out)                          0.0000     0.8205 r
  data arrival time                                 0.8205

  clock clk (rise edge)                  0.3000     0.3000
  clock network delay (ideal)            0.0000     0.3000
  clock reconvergence pessimism          0.0000     0.3000
  output external delay                 -0.0070     0.2930
  data required time                                0.2930
  ---------------------------------------------------------------
  data required time                                0.2930
  data arrival time                                -0.8205
  ---------------------------------------------------------------
  slack (VIOLATED)                                 -0.5275

Warning: report_timing has satisfied the max_paths criteria. There are 12 further endpoints which have paths of interest with slack less than   0.0000 that were not considered when generating this report. (UITE-502)

1
****************************************
Report : timing
	-path_type full
	-delay_type max
	-nworst 10
	-slack_lesser_than 0.0000
	-max_paths 10
	-sort_by slack
Design : sram_wrapper
Version: U-2022.12-SP5
Date   : Fri Mar  6 21:54:56 2026
****************************************


  Startpoint: sram00_inst
               (rising edge-triggered flip-flop clocked by clk)
  Endpoint: dout[7] (output port clocked by clk)
  Path Group: clk
  Path Type: max

  Point                                    Incr       Path
  ---------------------------------------------------------------
  clock clk (rise edge)                  0.0000     0.0000
  clock network delay (ideal)            0.0000     0.0000
  sram00_inst/CLK (sram00)               0.0000     0.0000 r
  sram00_inst/Q[7] (sram00)              0.8319     0.8319 f
  dout[7] (out)                          0.0000     0.8319 f
  data arrival time                                 0.8319

  clock clk (rise edge)                  0.4000     0.4000
  clock network delay (ideal)            0.0000     0.4000
  clock reconvergence pessimism          0.0000     0.4000
  output external delay                 -0.0070     0.3930
  data required time                                0.3930
  ---------------------------------------------------------------
  data required time                                0.3930
  data arrival time                                -0.8319
  ---------------------------------------------------------------
  slack (VIOLATED)                                 -0.4389


  Startpoint: sram00_inst
               (rising edge-triggered flip-flop clocked by clk)
  Endpoint: dout[6] (output port clocked by clk)
  Path Group: clk
  Path Type: max

  Point                                    Incr       Path
  ---------------------------------------------------------------
  clock clk (rise edge)                  0.0000     0.0000
  clock network delay (ideal)            0.0000     0.0000
  sram00_inst/CLK (sram00)               0.0000     0.0000 r
  sram00_inst/Q[6] (sram00)              0.8319     0.8319 f
  dout[6] (out)                          0.0000     0.8319 f
  data arrival time                                 0.8319

  clock clk (rise edge)                  0.4000     0.4000
  clock network delay (ideal)            0.0000     0.4000
  clock reconvergence pessimism          0.0000     0.4000
  output external delay                 -0.0070     0.3930
  data required time                                0.3930
  ---------------------------------------------------------------
  data required time                                0.3930
  data arrival time                                -0.8319
  ---------------------------------------------------------------
  slack (VIOLATED)                                 -0.4389


  Startpoint: sram00_inst
               (rising edge-triggered flip-flop clocked by clk)
  Endpoint: dout[5] (output port clocked by clk)
  Path Group: clk
  Path Type: max

  Point                                    Incr       Path
  ---------------------------------------------------------------
  clock clk (rise edge)                  0.0000     0.0000
  clock network delay (ideal)            0.0000     0.0000
  sram00_inst/CLK (sram00)               0.0000     0.0000 r
  sram00_inst/Q[5] (sram00)              0.8319     0.8319 f
  dout[5] (out)                          0.0000     0.8319 f
  data arrival time                                 0.8319

  clock clk (rise edge)                  0.4000     0.4000
  clock network delay (ideal)            0.0000     0.4000
  clock reconvergence pessimism          0.0000     0.4000
  output external delay                 -0.0070     0.3930
  data required time                                0.3930
  ---------------------------------------------------------------
  data required time                                0.3930
  data arrival time                                -0.8319
  ---------------------------------------------------------------
  slack (VIOLATED)                                 -0.4389


  Startpoint: sram00_inst
               (rising edge-triggered flip-flop clocked by clk)
  Endpoint: dout[4] (output port clocked by clk)
  Path Group: clk
  Path Type: max

  Point                                    Incr       Path
  ---------------------------------------------------------------
  clock clk (rise edge)                  0.0000     0.0000
  clock network delay (ideal)            0.0000     0.0000
  sram00_inst/CLK (sram00)               0.0000     0.0000 r
  sram00_inst/Q[4] (sram00)              0.8319     0.8319 f
  dout[4] (out)                          0.0000     0.8319 f
  data arrival time                                 0.8319

  clock clk (rise edge)                  0.4000     0.4000
  clock network delay (ideal)            0.0000     0.4000
  clock reconvergence pessimism          0.0000     0.4000
  output external delay                 -0.0070     0.3930
  data required time                                0.3930
  ---------------------------------------------------------------
  data required time                                0.3930
  data arrival time                                -0.8319
  ---------------------------------------------------------------
  slack (VIOLATED)                                 -0.4389


  Startpoint: sram00_inst
               (rising edge-triggered flip-flop clocked by clk)
  Endpoint: dout[3] (output port clocked by clk)
  Path Group: clk
  Path Type: max

  Point                                    Incr       Path
  ---------------------------------------------------------------
  clock clk (rise edge)                  0.0000     0.0000
  clock network delay (ideal)            0.0000     0.0000
  sram00_inst/CLK (sram00)               0.0000     0.0000 r
  sram00_inst/Q[3] (sram00)              0.8319     0.8319 f
  dout[3] (out)                          0.0000     0.8319 f
  data arrival time                                 0.8319

  clock clk (rise edge)                  0.4000     0.4000
  clock network delay (ideal)            0.0000     0.4000
  clock reconvergence pessimism          0.0000     0.4000
  output external delay                 -0.0070     0.3930
  data required time                                0.3930
  ---------------------------------------------------------------
  data required time                                0.3930
  data arrival time                                -0.8319
  ---------------------------------------------------------------
  slack (VIOLATED)                                 -0.4389


  Startpoint: sram00_inst
               (rising edge-triggered flip-flop clocked by clk)
  Endpoint: dout[7] (output port clocked by clk)
  Path Group: clk
  Path Type: max

  Point                                    Incr       Path
  ---------------------------------------------------------------
  clock clk (rise edge)                  0.0000     0.0000
  clock network delay (ideal)            0.0000     0.0000
  sram00_inst/CLK (sram00)               0.0000     0.0000 r
  sram00_inst/Q[7] (sram00)              0.8205     0.8205 r
  dout[7] (out)                          0.0000     0.8205 r
  data arrival time                                 0.8205

  clock clk (rise edge)                  0.4000     0.4000
  clock network delay (ideal)            0.0000     0.4000
  clock reconvergence pessimism          0.0000     0.4000
  output external delay                 -0.0070     0.3930
  data required time                                0.3930
  ---------------------------------------------------------------
  data required time                                0.3930
  data arrival time                                -0.8205
  ---------------------------------------------------------------
  slack (VIOLATED)                                 -0.4275


  Startpoint: sram00_inst
               (rising edge-triggered flip-flop clocked by clk)
  Endpoint: dout[6] (output port clocked by clk)
  Path Group: clk
  Path Type: max

  Point                                    Incr       Path
  ---------------------------------------------------------------
  clock clk (rise edge)                  0.0000     0.0000
  clock network delay (ideal)            0.0000     0.0000
  sram00_inst/CLK (sram00)               0.0000     0.0000 r
  sram00_inst/Q[6] (sram00)              0.8205     0.8205 r
  dout[6] (out)                          0.0000     0.8205 r
  data arrival time                                 0.8205

  clock clk (rise edge)                  0.4000     0.4000
  clock network delay (ideal)            0.0000     0.4000
  clock reconvergence pessimism          0.0000     0.4000
  output external delay                 -0.0070     0.3930
  data required time                                0.3930
  ---------------------------------------------------------------
  data required time                                0.3930
  data arrival time                                -0.8205
  ---------------------------------------------------------------
  slack (VIOLATED)                                 -0.4275


  Startpoint: sram00_inst
               (rising edge-triggered flip-flop clocked by clk)
  Endpoint: dout[5] (output port clocked by clk)
  Path Group: clk
  Path Type: max

  Point                                    Incr       Path
  ---------------------------------------------------------------
  clock clk (rise edge)                  0.0000     0.0000
  clock network delay (ideal)            0.0000     0.0000
  sram00_inst/CLK (sram00)               0.0000     0.0000 r
  sram00_inst/Q[5] (sram00)              0.8205     0.8205 r
  dout[5] (out)                          0.0000     0.8205 r
  data arrival time                                 0.8205

  clock clk (rise edge)                  0.4000     0.4000
  clock network delay (ideal)            0.0000     0.4000
  clock reconvergence pessimism          0.0000     0.4000
  output external delay                 -0.0070     0.3930
  data required time                                0.3930
  ---------------------------------------------------------------
  data required time                                0.3930
  data arrival time                                -0.8205
  ---------------------------------------------------------------
  slack (VIOLATED)                                 -0.4275


  Startpoint: sram00_inst
               (rising edge-triggered flip-flop clocked by clk)
  Endpoint: dout[4] (output port clocked by clk)
  Path Group: clk
  Path Type: max

  Point                                    Incr       Path
  ---------------------------------------------------------------
  clock clk (rise edge)                  0.0000     0.0000
  clock network delay (ideal)            0.0000     0.0000
  sram00_inst/CLK (sram00)               0.0000     0.0000 r
  sram00_inst/Q[4] (sram00)              0.8205     0.8205 r
  dout[4] (out)                          0.0000     0.8205 r
  data arrival time                                 0.8205

  clock clk (rise edge)                  0.4000     0.4000
  clock network delay (ideal)            0.0000     0.4000
  clock reconvergence pessimism          0.0000     0.4000
  output external delay                 -0.0070     0.3930
  data required time                                0.3930
  ---------------------------------------------------------------
  data required time                                0.3930
  data arrival time                                -0.8205
  ---------------------------------------------------------------
  slack (VIOLATED)                                 -0.4275


  Startpoint: sram00_inst
               (rising edge-triggered flip-flop clocked by clk)
  Endpoint: dout[3] (output port clocked by clk)
  Path Group: clk
  Path Type: max

  Point                                    Incr       Path
  ---------------------------------------------------------------
  clock clk (rise edge)                  0.0000     0.0000
  clock network delay (ideal)            0.0000     0.0000
  sram00_inst/CLK (sram00)               0.0000     0.0000 r
  sram00_inst/Q[3] (sram00)              0.8205     0.8205 r
  dout[3] (out)                          0.0000     0.8205 r
  data arrival time                                 0.8205

  clock clk (rise edge)                  0.4000     0.4000
  clock network delay (ideal)            0.0000     0.4000
  clock reconvergence pessimism          0.0000     0.4000
  output external delay                 -0.0070     0.3930
  data required time                                0.3930
  ---------------------------------------------------------------
  data required time                                0.3930
  data arrival time                                -0.8205
  ---------------------------------------------------------------
  slack (VIOLATED)                                 -0.4275

Warning: report_timing has satisfied the max_paths criteria. There are 3 further endpoints which have paths of interest with slack less than   0.0000 that were not considered when generating this report. (UITE-502)

1
****************************************
Report : timing
	-path_type full
	-delay_type max
	-nworst 10
	-slack_lesser_than 0.0000
	-max_paths 10
	-sort_by slack
Design : sram_wrapper
Version: U-2022.12-SP5
Date   : Fri Mar  6 21:54:56 2026
****************************************


  Startpoint: sram00_inst
               (rising edge-triggered flip-flop clocked by clk)
  Endpoint: dout[7] (output port clocked by clk)
  Path Group: clk
  Path Type: max

  Point                                    Incr       Path
  ---------------------------------------------------------------
  clock clk (rise edge)                  0.0000     0.0000
  clock network delay (ideal)            0.0000     0.0000
  sram00_inst/CLK (sram00)               0.0000     0.0000 r
  sram00_inst/Q[7] (sram00)              0.8319     0.8319 f
  dout[7] (out)                          0.0000     0.8319 f
  data arrival time                                 0.8319

  clock clk (rise edge)                  0.5000     0.5000
  clock network delay (ideal)            0.0000     0.5000
  clock reconvergence pessimism          0.0000     0.5000
  output external delay                 -0.0070     0.4930
  data required time                                0.4930
  ---------------------------------------------------------------
  data required time                                0.4930
  data arrival time                                -0.8319
  ---------------------------------------------------------------
  slack (VIOLATED)                                 -0.3389


  Startpoint: sram00_inst
               (rising edge-triggered flip-flop clocked by clk)
  Endpoint: dout[6] (output port clocked by clk)
  Path Group: clk
  Path Type: max

  Point                                    Incr       Path
  ---------------------------------------------------------------
  clock clk (rise edge)                  0.0000     0.0000
  clock network delay (ideal)            0.0000     0.0000
  sram00_inst/CLK (sram00)               0.0000     0.0000 r
  sram00_inst/Q[6] (sram00)              0.8319     0.8319 f
  dout[6] (out)                          0.0000     0.8319 f
  data arrival time                                 0.8319

  clock clk (rise edge)                  0.5000     0.5000
  clock network delay (ideal)            0.0000     0.5000
  clock reconvergence pessimism          0.0000     0.5000
  output external delay                 -0.0070     0.4930
  data required time                                0.4930
  ---------------------------------------------------------------
  data required time                                0.4930
  data arrival time                                -0.8319
  ---------------------------------------------------------------
  slack (VIOLATED)                                 -0.3389


  Startpoint: sram00_inst
               (rising edge-triggered flip-flop clocked by clk)
  Endpoint: dout[5] (output port clocked by clk)
  Path Group: clk
  Path Type: max

  Point                                    Incr       Path
  ---------------------------------------------------------------
  clock clk (rise edge)                  0.0000     0.0000
  clock network delay (ideal)            0.0000     0.0000
  sram00_inst/CLK (sram00)               0.0000     0.0000 r
  sram00_inst/Q[5] (sram00)              0.8319     0.8319 f
  dout[5] (out)                          0.0000     0.8319 f
  data arrival time                                 0.8319

  clock clk (rise edge)                  0.5000     0.5000
  clock network delay (ideal)            0.0000     0.5000
  clock reconvergence pessimism          0.0000     0.5000
  output external delay                 -0.0070     0.4930
  data required time                                0.4930
  ---------------------------------------------------------------
  data required time                                0.4930
  data arrival time                                -0.8319
  ---------------------------------------------------------------
  slack (VIOLATED)                                 -0.3389


  Startpoint: sram00_inst
               (rising edge-triggered flip-flop clocked by clk)
  Endpoint: dout[4] (output port clocked by clk)
  Path Group: clk
  Path Type: max

  Point                                    Incr       Path
  ---------------------------------------------------------------
  clock clk (rise edge)                  0.0000     0.0000
  clock network delay (ideal)            0.0000     0.0000
  sram00_inst/CLK (sram00)               0.0000     0.0000 r
  sram00_inst/Q[4] (sram00)              0.8319     0.8319 f
  dout[4] (out)                          0.0000     0.8319 f
  data arrival time                                 0.8319

  clock clk (rise edge)                  0.5000     0.5000
  clock network delay (ideal)            0.0000     0.5000
  clock reconvergence pessimism          0.0000     0.5000
  output external delay                 -0.0070     0.4930
  data required time                                0.4930
  ---------------------------------------------------------------
  data required time                                0.4930
  data arrival time                                -0.8319
  ---------------------------------------------------------------
  slack (VIOLATED)                                 -0.3389


  Startpoint: sram00_inst
               (rising edge-triggered flip-flop clocked by clk)
  Endpoint: dout[3] (output port clocked by clk)
  Path Group: clk
  Path Type: max

  Point                                    Incr       Path
  ---------------------------------------------------------------
  clock clk (rise edge)                  0.0000     0.0000
  clock network delay (ideal)            0.0000     0.0000
  sram00_inst/CLK (sram00)               0.0000     0.0000 r
  sram00_inst/Q[3] (sram00)              0.8319     0.8319 f
  dout[3] (out)                          0.0000     0.8319 f
  data arrival time                                 0.8319

  clock clk (rise edge)                  0.5000     0.5000
  clock network delay (ideal)            0.0000     0.5000
  clock reconvergence pessimism          0.0000     0.5000
  output external delay                 -0.0070     0.4930
  data required time                                0.4930
  ---------------------------------------------------------------
  data required time                                0.4930
  data arrival time                                -0.8319
  ---------------------------------------------------------------
  slack (VIOLATED)                                 -0.3389


  Startpoint: sram00_inst
               (rising edge-triggered flip-flop clocked by clk)
  Endpoint: dout[7] (output port clocked by clk)
  Path Group: clk
  Path Type: max

  Point                                    Incr       Path
  ---------------------------------------------------------------
  clock clk (rise edge)                  0.0000     0.0000
  clock network delay (ideal)            0.0000     0.0000
  sram00_inst/CLK (sram00)               0.0000     0.0000 r
  sram00_inst/Q[7] (sram00)              0.8205     0.8205 r
  dout[7] (out)                          0.0000     0.8205 r
  data arrival time                                 0.8205

  clock clk (rise edge)                  0.5000     0.5000
  clock network delay (ideal)            0.0000     0.5000
  clock reconvergence pessimism          0.0000     0.5000
  output external delay                 -0.0070     0.4930
  data required time                                0.4930
  ---------------------------------------------------------------
  data required time                                0.4930
  data arrival time                                -0.8205
  ---------------------------------------------------------------
  slack (VIOLATED)                                 -0.3275


  Startpoint: sram00_inst
               (rising edge-triggered flip-flop clocked by clk)
  Endpoint: dout[6] (output port clocked by clk)
  Path Group: clk
  Path Type: max

  Point                                    Incr       Path
  ---------------------------------------------------------------
  clock clk (rise edge)                  0.0000     0.0000
  clock network delay (ideal)            0.0000     0.0000
  sram00_inst/CLK (sram00)               0.0000     0.0000 r
  sram00_inst/Q[6] (sram00)              0.8205     0.8205 r
  dout[6] (out)                          0.0000     0.8205 r
  data arrival time                                 0.8205

  clock clk (rise edge)                  0.5000     0.5000
  clock network delay (ideal)            0.0000     0.5000
  clock reconvergence pessimism          0.0000     0.5000
  output external delay                 -0.0070     0.4930
  data required time                                0.4930
  ---------------------------------------------------------------
  data required time                                0.4930
  data arrival time                                -0.8205
  ---------------------------------------------------------------
  slack (VIOLATED)                                 -0.3275


  Startpoint: sram00_inst
               (rising edge-triggered flip-flop clocked by clk)
  Endpoint: dout[5] (output port clocked by clk)
  Path Group: clk
  Path Type: max

  Point                                    Incr       Path
  ---------------------------------------------------------------
  clock clk (rise edge)                  0.0000     0.0000
  clock network delay (ideal)            0.0000     0.0000
  sram00_inst/CLK (sram00)               0.0000     0.0000 r
  sram00_inst/Q[5] (sram00)              0.8205     0.8205 r
  dout[5] (out)                          0.0000     0.8205 r
  data arrival time                                 0.8205

  clock clk (rise edge)                  0.5000     0.5000
  clock network delay (ideal)            0.0000     0.5000
  clock reconvergence pessimism          0.0000     0.5000
  output external delay                 -0.0070     0.4930
  data required time                                0.4930
  ---------------------------------------------------------------
  data required time                                0.4930
  data arrival time                                -0.8205
  ---------------------------------------------------------------
  slack (VIOLATED)                                 -0.3275


  Startpoint: sram00_inst
               (rising edge-triggered flip-flop clocked by clk)
  Endpoint: dout[4] (output port clocked by clk)
  Path Group: clk
  Path Type: max

  Point                                    Incr       Path
  ---------------------------------------------------------------
  clock clk (rise edge)                  0.0000     0.0000
  clock network delay (ideal)            0.0000     0.0000
  sram00_inst/CLK (sram00)               0.0000     0.0000 r
  sram00_inst/Q[4] (sram00)              0.8205     0.8205 r
  dout[4] (out)                          0.0000     0.8205 r
  data arrival time                                 0.8205

  clock clk (rise edge)                  0.5000     0.5000
  clock network delay (ideal)            0.0000     0.5000
  clock reconvergence pessimism          0.0000     0.5000
  output external delay                 -0.0070     0.4930
  data required time                                0.4930
  ---------------------------------------------------------------
  data required time                                0.4930
  data arrival time                                -0.8205
  ---------------------------------------------------------------
  slack (VIOLATED)                                 -0.3275


  Startpoint: sram00_inst
               (rising edge-triggered flip-flop clocked by clk)
  Endpoint: dout[3] (output port clocked by clk)
  Path Group: clk
  Path Type: max

  Point                                    Incr       Path
  ---------------------------------------------------------------
  clock clk (rise edge)                  0.0000     0.0000
  clock network delay (ideal)            0.0000     0.0000
  sram00_inst/CLK (sram00)               0.0000     0.0000 r
  sram00_inst/Q[3] (sram00)              0.8205     0.8205 r
  dout[3] (out)                          0.0000     0.8205 r
  data arrival time                                 0.8205

  clock clk (rise edge)                  0.5000     0.5000
  clock network delay (ideal)            0.0000     0.5000
  clock reconvergence pessimism          0.0000     0.5000
  output external delay                 -0.0070     0.4930
  data required time                                0.4930
  ---------------------------------------------------------------
  data required time                                0.4930
  data arrival time                                -0.8205
  ---------------------------------------------------------------
  slack (VIOLATED)                                 -0.3275

Warning: report_timing has satisfied the max_paths criteria. There are 3 further endpoints which have paths of interest with slack less than   0.0000 that were not considered when generating this report. (UITE-502)

1
****************************************
Report : timing
	-path_type full
	-delay_type max
	-nworst 10
	-slack_lesser_than 0.0000
	-max_paths 10
	-sort_by slack
Design : sram_wrapper
Version: U-2022.12-SP5
Date   : Fri Mar  6 21:54:56 2026
****************************************


  Startpoint: sram00_inst
               (rising edge-triggered flip-flop clocked by clk)
  Endpoint: dout[7] (output port clocked by clk)
  Path Group: clk
  Path Type: max

  Point                                    Incr       Path
  ---------------------------------------------------------------
  clock clk (rise edge)                  0.0000     0.0000
  clock network delay (ideal)            0.0000     0.0000
  sram00_inst/CLK (sram00)               0.0000     0.0000 r
  sram00_inst/Q[7] (sram00)              0.8319     0.8319 f
  dout[7] (out)                          0.0000     0.8319 f
  data arrival time                                 0.8319

  clock clk (rise edge)                  0.6000     0.6000
  clock network delay (ideal)            0.0000     0.6000
  clock reconvergence pessimism          0.0000     0.6000
  output external delay                 -0.0070     0.5930
  data required time                                0.5930
  ---------------------------------------------------------------
  data required time                                0.5930
  data arrival time                                -0.8319
  ---------------------------------------------------------------
  slack (VIOLATED)                                 -0.2389


  Startpoint: sram00_inst
               (rising edge-triggered flip-flop clocked by clk)
  Endpoint: dout[6] (output port clocked by clk)
  Path Group: clk
  Path Type: max

  Point                                    Incr       Path
  ---------------------------------------------------------------
  clock clk (rise edge)                  0.0000     0.0000
  clock network delay (ideal)            0.0000     0.0000
  sram00_inst/CLK (sram00)               0.0000     0.0000 r
  sram00_inst/Q[6] (sram00)              0.8319     0.8319 f
  dout[6] (out)                          0.0000     0.8319 f
  data arrival time                                 0.8319

  clock clk (rise edge)                  0.6000     0.6000
  clock network delay (ideal)            0.0000     0.6000
  clock reconvergence pessimism          0.0000     0.6000
  output external delay                 -0.0070     0.5930
  data required time                                0.5930
  ---------------------------------------------------------------
  data required time                                0.5930
  data arrival time                                -0.8319
  ---------------------------------------------------------------
  slack (VIOLATED)                                 -0.2389


  Startpoint: sram00_inst
               (rising edge-triggered flip-flop clocked by clk)
  Endpoint: dout[5] (output port clocked by clk)
  Path Group: clk
  Path Type: max

  Point                                    Incr       Path
  ---------------------------------------------------------------
  clock clk (rise edge)                  0.0000     0.0000
  clock network delay (ideal)            0.0000     0.0000
  sram00_inst/CLK (sram00)               0.0000     0.0000 r
  sram00_inst/Q[5] (sram00)              0.8319     0.8319 f
  dout[5] (out)                          0.0000     0.8319 f
  data arrival time                                 0.8319

  clock clk (rise edge)                  0.6000     0.6000
  clock network delay (ideal)            0.0000     0.6000
  clock reconvergence pessimism          0.0000     0.6000
  output external delay                 -0.0070     0.5930
  data required time                                0.5930
  ---------------------------------------------------------------
  data required time                                0.5930
  data arrival time                                -0.8319
  ---------------------------------------------------------------
  slack (VIOLATED)                                 -0.2389


  Startpoint: sram00_inst
               (rising edge-triggered flip-flop clocked by clk)
  Endpoint: dout[4] (output port clocked by clk)
  Path Group: clk
  Path Type: max

  Point                                    Incr       Path
  ---------------------------------------------------------------
  clock clk (rise edge)                  0.0000     0.0000
  clock network delay (ideal)            0.0000     0.0000
  sram00_inst/CLK (sram00)               0.0000     0.0000 r
  sram00_inst/Q[4] (sram00)              0.8319     0.8319 f
  dout[4] (out)                          0.0000     0.8319 f
  data arrival time                                 0.8319

  clock clk (rise edge)                  0.6000     0.6000
  clock network delay (ideal)            0.0000     0.6000
  clock reconvergence pessimism          0.0000     0.6000
  output external delay                 -0.0070     0.5930
  data required time                                0.5930
  ---------------------------------------------------------------
  data required time                                0.5930
  data arrival time                                -0.8319
  ---------------------------------------------------------------
  slack (VIOLATED)                                 -0.2389


  Startpoint: sram00_inst
               (rising edge-triggered flip-flop clocked by clk)
  Endpoint: dout[3] (output port clocked by clk)
  Path Group: clk
  Path Type: max

  Point                                    Incr       Path
  ---------------------------------------------------------------
  clock clk (rise edge)                  0.0000     0.0000
  clock network delay (ideal)            0.0000     0.0000
  sram00_inst/CLK (sram00)               0.0000     0.0000 r
  sram00_inst/Q[3] (sram00)              0.8319     0.8319 f
  dout[3] (out)                          0.0000     0.8319 f
  data arrival time                                 0.8319

  clock clk (rise edge)                  0.6000     0.6000
  clock network delay (ideal)            0.0000     0.6000
  clock reconvergence pessimism          0.0000     0.6000
  output external delay                 -0.0070     0.5930
  data required time                                0.5930
  ---------------------------------------------------------------
  data required time                                0.5930
  data arrival time                                -0.8319
  ---------------------------------------------------------------
  slack (VIOLATED)                                 -0.2389


  Startpoint: sram00_inst
               (rising edge-triggered flip-flop clocked by clk)
  Endpoint: dout[7] (output port clocked by clk)
  Path Group: clk
  Path Type: max

  Point                                    Incr       Path
  ---------------------------------------------------------------
  clock clk (rise edge)                  0.0000     0.0000
  clock network delay (ideal)            0.0000     0.0000
  sram00_inst/CLK (sram00)               0.0000     0.0000 r
  sram00_inst/Q[7] (sram00)              0.8205     0.8205 r
  dout[7] (out)                          0.0000     0.8205 r
  data arrival time                                 0.8205

  clock clk (rise edge)                  0.6000     0.6000
  clock network delay (ideal)            0.0000     0.6000
  clock reconvergence pessimism          0.0000     0.6000
  output external delay                 -0.0070     0.5930
  data required time                                0.5930
  ---------------------------------------------------------------
  data required time                                0.5930
  data arrival time                                -0.8205
  ---------------------------------------------------------------
  slack (VIOLATED)                                 -0.2275


  Startpoint: sram00_inst
               (rising edge-triggered flip-flop clocked by clk)
  Endpoint: dout[6] (output port clocked by clk)
  Path Group: clk
  Path Type: max

  Point                                    Incr       Path
  ---------------------------------------------------------------
  clock clk (rise edge)                  0.0000     0.0000
  clock network delay (ideal)            0.0000     0.0000
  sram00_inst/CLK (sram00)               0.0000     0.0000 r
  sram00_inst/Q[6] (sram00)              0.8205     0.8205 r
  dout[6] (out)                          0.0000     0.8205 r
  data arrival time                                 0.8205

  clock clk (rise edge)                  0.6000     0.6000
  clock network delay (ideal)            0.0000     0.6000
  clock reconvergence pessimism          0.0000     0.6000
  output external delay                 -0.0070     0.5930
  data required time                                0.5930
  ---------------------------------------------------------------
  data required time                                0.5930
  data arrival time                                -0.8205
  ---------------------------------------------------------------
  slack (VIOLATED)                                 -0.2275


  Startpoint: sram00_inst
               (rising edge-triggered flip-flop clocked by clk)
  Endpoint: dout[5] (output port clocked by clk)
  Path Group: clk
  Path Type: max

  Point                                    Incr       Path
  ---------------------------------------------------------------
  clock clk (rise edge)                  0.0000     0.0000
  clock network delay (ideal)            0.0000     0.0000
  sram00_inst/CLK (sram00)               0.0000     0.0000 r
  sram00_inst/Q[5] (sram00)              0.8205     0.8205 r
  dout[5] (out)                          0.0000     0.8205 r
  data arrival time                                 0.8205

  clock clk (rise edge)                  0.6000     0.6000
  clock network delay (ideal)            0.0000     0.6000
  clock reconvergence pessimism          0.0000     0.6000
  output external delay                 -0.0070     0.5930
  data required time                                0.5930
  ---------------------------------------------------------------
  data required time                                0.5930
  data arrival time                                -0.8205
  ---------------------------------------------------------------
  slack (VIOLATED)                                 -0.2275


  Startpoint: sram00_inst
               (rising edge-triggered flip-flop clocked by clk)
  Endpoint: dout[4] (output port clocked by clk)
  Path Group: clk
  Path Type: max

  Point                                    Incr       Path
  ---------------------------------------------------------------
  clock clk (rise edge)                  0.0000     0.0000
  clock network delay (ideal)            0.0000     0.0000
  sram00_inst/CLK (sram00)               0.0000     0.0000 r
  sram00_inst/Q[4] (sram00)              0.8205     0.8205 r
  dout[4] (out)                          0.0000     0.8205 r
  data arrival time                                 0.8205

  clock clk (rise edge)                  0.6000     0.6000
  clock network delay (ideal)            0.0000     0.6000
  clock reconvergence pessimism          0.0000     0.6000
  output external delay                 -0.0070     0.5930
  data required time                                0.5930
  ---------------------------------------------------------------
  data required time                                0.5930
  data arrival time                                -0.8205
  ---------------------------------------------------------------
  slack (VIOLATED)                                 -0.2275


  Startpoint: sram00_inst
               (rising edge-triggered flip-flop clocked by clk)
  Endpoint: dout[3] (output port clocked by clk)
  Path Group: clk
  Path Type: max

  Point                                    Incr       Path
  ---------------------------------------------------------------
  clock clk (rise edge)                  0.0000     0.0000
  clock network delay (ideal)            0.0000     0.0000
  sram00_inst/CLK (sram00)               0.0000     0.0000 r
  sram00_inst/Q[3] (sram00)              0.8205     0.8205 r
  dout[3] (out)                          0.0000     0.8205 r
  data arrival time                                 0.8205

  clock clk (rise edge)                  0.6000     0.6000
  clock network delay (ideal)            0.0000     0.6000
  clock reconvergence pessimism          0.0000     0.6000
  output external delay                 -0.0070     0.5930
  data required time                                0.5930
  ---------------------------------------------------------------
  data required time                                0.5930
  data arrival time                                -0.8205
  ---------------------------------------------------------------
  slack (VIOLATED)                                 -0.2275

Warning: report_timing has satisfied the max_paths criteria. There are 3 further endpoints which have paths of interest with slack less than   0.0000 that were not considered when generating this report. (UITE-502)

1
****************************************
Report : timing
	-path_type full
	-delay_type max
	-nworst 10
	-slack_lesser_than 0.0000
	-max_paths 10
	-sort_by slack
Design : sram_wrapper
Version: U-2022.12-SP5
Date   : Fri Mar  6 21:54:56 2026
****************************************


  Startpoint: sram00_inst
               (rising edge-triggered flip-flop clocked by clk)
  Endpoint: dout[7] (output port clocked by clk)
  Path Group: clk
  Path Type: max

  Point                                    Incr       Path
  ---------------------------------------------------------------
  clock clk (rise edge)                  0.0000     0.0000
  clock network delay (ideal)            0.0000     0.0000
  sram00_inst/CLK (sram00)               0.0000     0.0000 r
  sram00_inst/Q[7] (sram00)              0.8319     0.8319 f
  dout[7] (out)                          0.0000     0.8319 f
  data arrival time                                 0.8319

  clock clk (rise edge)                  0.7000     0.7000
  clock network delay (ideal)            0.0000     0.7000
  clock reconvergence pessimism          0.0000     0.7000
  output external delay                 -0.0070     0.6930
  data required time                                0.6930
  ---------------------------------------------------------------
  data required time                                0.6930
  data arrival time                                -0.8319
  ---------------------------------------------------------------
  slack (VIOLATED)                                 -0.1389


  Startpoint: sram00_inst
               (rising edge-triggered flip-flop clocked by clk)
  Endpoint: dout[6] (output port clocked by clk)
  Path Group: clk
  Path Type: max

  Point                                    Incr       Path
  ---------------------------------------------------------------
  clock clk (rise edge)                  0.0000     0.0000
  clock network delay (ideal)            0.0000     0.0000
  sram00_inst/CLK (sram00)               0.0000     0.0000 r
  sram00_inst/Q[6] (sram00)              0.8319     0.8319 f
  dout[6] (out)                          0.0000     0.8319 f
  data arrival time                                 0.8319

  clock clk (rise edge)                  0.7000     0.7000
  clock network delay (ideal)            0.0000     0.7000
  clock reconvergence pessimism          0.0000     0.7000
  output external delay                 -0.0070     0.6930
  data required time                                0.6930
  ---------------------------------------------------------------
  data required time                                0.6930
  data arrival time                                -0.8319
  ---------------------------------------------------------------
  slack (VIOLATED)                                 -0.1389


  Startpoint: sram00_inst
               (rising edge-triggered flip-flop clocked by clk)
  Endpoint: dout[5] (output port clocked by clk)
  Path Group: clk
  Path Type: max

  Point                                    Incr       Path
  ---------------------------------------------------------------
  clock clk (rise edge)                  0.0000     0.0000
  clock network delay (ideal)            0.0000     0.0000
  sram00_inst/CLK (sram00)               0.0000     0.0000 r
  sram00_inst/Q[5] (sram00)              0.8319     0.8319 f
  dout[5] (out)                          0.0000     0.8319 f
  data arrival time                                 0.8319

  clock clk (rise edge)                  0.7000     0.7000
  clock network delay (ideal)            0.0000     0.7000
  clock reconvergence pessimism          0.0000     0.7000
  output external delay                 -0.0070     0.6930
  data required time                                0.6930
  ---------------------------------------------------------------
  data required time                                0.6930
  data arrival time                                -0.8319
  ---------------------------------------------------------------
  slack (VIOLATED)                                 -0.1389


  Startpoint: sram00_inst
               (rising edge-triggered flip-flop clocked by clk)
  Endpoint: dout[4] (output port clocked by clk)
  Path Group: clk
  Path Type: max

  Point                                    Incr       Path
  ---------------------------------------------------------------
  clock clk (rise edge)                  0.0000     0.0000
  clock network delay (ideal)            0.0000     0.0000
  sram00_inst/CLK (sram00)               0.0000     0.0000 r
  sram00_inst/Q[4] (sram00)              0.8319     0.8319 f
  dout[4] (out)                          0.0000     0.8319 f
  data arrival time                                 0.8319

  clock clk (rise edge)                  0.7000     0.7000
  clock network delay (ideal)            0.0000     0.7000
  clock reconvergence pessimism          0.0000     0.7000
  output external delay                 -0.0070     0.6930
  data required time                                0.6930
  ---------------------------------------------------------------
  data required time                                0.6930
  data arrival time                                -0.8319
  ---------------------------------------------------------------
  slack (VIOLATED)                                 -0.1389


  Startpoint: sram00_inst
               (rising edge-triggered flip-flop clocked by clk)
  Endpoint: dout[3] (output port clocked by clk)
  Path Group: clk
  Path Type: max

  Point                                    Incr       Path
  ---------------------------------------------------------------
  clock clk (rise edge)                  0.0000     0.0000
  clock network delay (ideal)            0.0000     0.0000
  sram00_inst/CLK (sram00)               0.0000     0.0000 r
  sram00_inst/Q[3] (sram00)              0.8319     0.8319 f
  dout[3] (out)                          0.0000     0.8319 f
  data arrival time                                 0.8319

  clock clk (rise edge)                  0.7000     0.7000
  clock network delay (ideal)            0.0000     0.7000
  clock reconvergence pessimism          0.0000     0.7000
  output external delay                 -0.0070     0.6930
  data required time                                0.6930
  ---------------------------------------------------------------
  data required time                                0.6930
  data arrival time                                -0.8319
  ---------------------------------------------------------------
  slack (VIOLATED)                                 -0.1389


  Startpoint: sram00_inst
               (rising edge-triggered flip-flop clocked by clk)
  Endpoint: dout[7] (output port clocked by clk)
  Path Group: clk
  Path Type: max

  Point                                    Incr       Path
  ---------------------------------------------------------------
  clock clk (rise edge)                  0.0000     0.0000
  clock network delay (ideal)            0.0000     0.0000
  sram00_inst/CLK (sram00)               0.0000     0.0000 r
  sram00_inst/Q[7] (sram00)              0.8205     0.8205 r
  dout[7] (out)                          0.0000     0.8205 r
  data arrival time                                 0.8205

  clock clk (rise edge)                  0.7000     0.7000
  clock network delay (ideal)            0.0000     0.7000
  clock reconvergence pessimism          0.0000     0.7000
  output external delay                 -0.0070     0.6930
  data required time                                0.6930
  ---------------------------------------------------------------
  data required time                                0.6930
  data arrival time                                -0.8205
  ---------------------------------------------------------------
  slack (VIOLATED)                                 -0.1275


  Startpoint: sram00_inst
               (rising edge-triggered flip-flop clocked by clk)
  Endpoint: dout[6] (output port clocked by clk)
  Path Group: clk
  Path Type: max

  Point                                    Incr       Path
  ---------------------------------------------------------------
  clock clk (rise edge)                  0.0000     0.0000
  clock network delay (ideal)            0.0000     0.0000
  sram00_inst/CLK (sram00)               0.0000     0.0000 r
  sram00_inst/Q[6] (sram00)              0.8205     0.8205 r
  dout[6] (out)                          0.0000     0.8205 r
  data arrival time                                 0.8205

  clock clk (rise edge)                  0.7000     0.7000
  clock network delay (ideal)            0.0000     0.7000
  clock reconvergence pessimism          0.0000     0.7000
  output external delay                 -0.0070     0.6930
  data required time                                0.6930
  ---------------------------------------------------------------
  data required time                                0.6930
  data arrival time                                -0.8205
  ---------------------------------------------------------------
  slack (VIOLATED)                                 -0.1275


  Startpoint: sram00_inst
               (rising edge-triggered flip-flop clocked by clk)
  Endpoint: dout[5] (output port clocked by clk)
  Path Group: clk
  Path Type: max

  Point                                    Incr       Path
  ---------------------------------------------------------------
  clock clk (rise edge)                  0.0000     0.0000
  clock network delay (ideal)            0.0000     0.0000
  sram00_inst/CLK (sram00)               0.0000     0.0000 r
  sram00_inst/Q[5] (sram00)              0.8205     0.8205 r
  dout[5] (out)                          0.0000     0.8205 r
  data arrival time                                 0.8205

  clock clk (rise edge)                  0.7000     0.7000
  clock network delay (ideal)            0.0000     0.7000
  clock reconvergence pessimism          0.0000     0.7000
  output external delay                 -0.0070     0.6930
  data required time                                0.6930
  ---------------------------------------------------------------
  data required time                                0.6930
  data arrival time                                -0.8205
  ---------------------------------------------------------------
  slack (VIOLATED)                                 -0.1275


  Startpoint: sram00_inst
               (rising edge-triggered flip-flop clocked by clk)
  Endpoint: dout[4] (output port clocked by clk)
  Path Group: clk
  Path Type: max

  Point                                    Incr       Path
  ---------------------------------------------------------------
  clock clk (rise edge)                  0.0000     0.0000
  clock network delay (ideal)            0.0000     0.0000
  sram00_inst/CLK (sram00)               0.0000     0.0000 r
  sram00_inst/Q[4] (sram00)              0.8205     0.8205 r
  dout[4] (out)                          0.0000     0.8205 r
  data arrival time                                 0.8205

  clock clk (rise edge)                  0.7000     0.7000
  clock network delay (ideal)            0.0000     0.7000
  clock reconvergence pessimism          0.0000     0.7000
  output external delay                 -0.0070     0.6930
  data required time                                0.6930
  ---------------------------------------------------------------
  data required time                                0.6930
  data arrival time                                -0.8205
  ---------------------------------------------------------------
  slack (VIOLATED)                                 -0.1275


  Startpoint: sram00_inst
               (rising edge-triggered flip-flop clocked by clk)
  Endpoint: dout[3] (output port clocked by clk)
  Path Group: clk
  Path Type: max

  Point                                    Incr       Path
  ---------------------------------------------------------------
  clock clk (rise edge)                  0.0000     0.0000
  clock network delay (ideal)            0.0000     0.0000
  sram00_inst/CLK (sram00)               0.0000     0.0000 r
  sram00_inst/Q[3] (sram00)              0.8205     0.8205 r
  dout[3] (out)                          0.0000     0.8205 r
  data arrival time                                 0.8205

  clock clk (rise edge)                  0.7000     0.7000
  clock network delay (ideal)            0.0000     0.7000
  clock reconvergence pessimism          0.0000     0.7000
  output external delay                 -0.0070     0.6930
  data required time                                0.6930
  ---------------------------------------------------------------
  data required time                                0.6930
  data arrival time                                -0.8205
  ---------------------------------------------------------------
  slack (VIOLATED)                                 -0.1275

Warning: report_timing has satisfied the max_paths criteria. There are 3 further endpoints which have paths of interest with slack less than   0.0000 that were not considered when generating this report. (UITE-502)

1
****************************************
Report : timing
	-path_type full
	-delay_type max
	-nworst 10
	-slack_lesser_than 0.0000
	-max_paths 10
	-sort_by slack
Design : sram_wrapper
Version: U-2022.12-SP5
Date   : Fri Mar  6 21:54:56 2026
****************************************


  Startpoint: sram00_inst
               (rising edge-triggered flip-flop clocked by clk)
  Endpoint: dout[7] (output port clocked by clk)
  Path Group: clk
  Path Type: max

  Point                                    Incr       Path
  ---------------------------------------------------------------
  clock clk (rise edge)                  0.0000     0.0000
  clock network delay (ideal)            0.0000     0.0000
  sram00_inst/CLK (sram00)               0.0000     0.0000 r
  sram00_inst/Q[7] (sram00)              0.8319     0.8319 f
  dout[7] (out)                          0.0000     0.8319 f
  data arrival time                                 0.8319

  clock clk (rise edge)                  0.8000     0.8000
  clock network delay (ideal)            0.0000     0.8000
  clock reconvergence pessimism          0.0000     0.8000
  output external delay                 -0.0070     0.7930
  data required time                                0.7930
  ---------------------------------------------------------------
  data required time                                0.7930
  data arrival time                                -0.8319
  ---------------------------------------------------------------
  slack (VIOLATED)                                 -0.0389


  Startpoint: sram00_inst
               (rising edge-triggered flip-flop clocked by clk)
  Endpoint: dout[6] (output port clocked by clk)
  Path Group: clk
  Path Type: max

  Point                                    Incr       Path
  ---------------------------------------------------------------
  clock clk (rise edge)                  0.0000     0.0000
  clock network delay (ideal)            0.0000     0.0000
  sram00_inst/CLK (sram00)               0.0000     0.0000 r
  sram00_inst/Q[6] (sram00)              0.8319     0.8319 f
  dout[6] (out)                          0.0000     0.8319 f
  data arrival time                                 0.8319

  clock clk (rise edge)                  0.8000     0.8000
  clock network delay (ideal)            0.0000     0.8000
  clock reconvergence pessimism          0.0000     0.8000
  output external delay                 -0.0070     0.7930
  data required time                                0.7930
  ---------------------------------------------------------------
  data required time                                0.7930
  data arrival time                                -0.8319
  ---------------------------------------------------------------
  slack (VIOLATED)                                 -0.0389


  Startpoint: sram00_inst
               (rising edge-triggered flip-flop clocked by clk)
  Endpoint: dout[5] (output port clocked by clk)
  Path Group: clk
  Path Type: max

  Point                                    Incr       Path
  ---------------------------------------------------------------
  clock clk (rise edge)                  0.0000     0.0000
  clock network delay (ideal)            0.0000     0.0000
  sram00_inst/CLK (sram00)               0.0000     0.0000 r
  sram00_inst/Q[5] (sram00)              0.8319     0.8319 f
  dout[5] (out)                          0.0000     0.8319 f
  data arrival time                                 0.8319

  clock clk (rise edge)                  0.8000     0.8000
  clock network delay (ideal)            0.0000     0.8000
  clock reconvergence pessimism          0.0000     0.8000
  output external delay                 -0.0070     0.7930
  data required time                                0.7930
  ---------------------------------------------------------------
  data required time                                0.7930
  data arrival time                                -0.8319
  ---------------------------------------------------------------
  slack (VIOLATED)                                 -0.0389


  Startpoint: sram00_inst
               (rising edge-triggered flip-flop clocked by clk)
  Endpoint: dout[4] (output port clocked by clk)
  Path Group: clk
  Path Type: max

  Point                                    Incr       Path
  ---------------------------------------------------------------
  clock clk (rise edge)                  0.0000     0.0000
  clock network delay (ideal)            0.0000     0.0000
  sram00_inst/CLK (sram00)               0.0000     0.0000 r
  sram00_inst/Q[4] (sram00)              0.8319     0.8319 f
  dout[4] (out)                          0.0000     0.8319 f
  data arrival time                                 0.8319

  clock clk (rise edge)                  0.8000     0.8000
  clock network delay (ideal)            0.0000     0.8000
  clock reconvergence pessimism          0.0000     0.8000
  output external delay                 -0.0070     0.7930
  data required time                                0.7930
  ---------------------------------------------------------------
  data required time                                0.7930
  data arrival time                                -0.8319
  ---------------------------------------------------------------
  slack (VIOLATED)                                 -0.0389


  Startpoint: sram00_inst
               (rising edge-triggered flip-flop clocked by clk)
  Endpoint: dout[3] (output port clocked by clk)
  Path Group: clk
  Path Type: max

  Point                                    Incr       Path
  ---------------------------------------------------------------
  clock clk (rise edge)                  0.0000     0.0000
  clock network delay (ideal)            0.0000     0.0000
  sram00_inst/CLK (sram00)               0.0000     0.0000 r
  sram00_inst/Q[3] (sram00)              0.8319     0.8319 f
  dout[3] (out)                          0.0000     0.8319 f
  data arrival time                                 0.8319

  clock clk (rise edge)                  0.8000     0.8000
  clock network delay (ideal)            0.0000     0.8000
  clock reconvergence pessimism          0.0000     0.8000
  output external delay                 -0.0070     0.7930
  data required time                                0.7930
  ---------------------------------------------------------------
  data required time                                0.7930
  data arrival time                                -0.8319
  ---------------------------------------------------------------
  slack (VIOLATED)                                 -0.0389


  Startpoint: sram00_inst
               (rising edge-triggered flip-flop clocked by clk)
  Endpoint: dout[7] (output port clocked by clk)
  Path Group: clk
  Path Type: max

  Point                                    Incr       Path
  ---------------------------------------------------------------
  clock clk (rise edge)                  0.0000     0.0000
  clock network delay (ideal)            0.0000     0.0000
  sram00_inst/CLK (sram00)               0.0000     0.0000 r
  sram00_inst/Q[7] (sram00)              0.8205     0.8205 r
  dout[7] (out)                          0.0000     0.8205 r
  data arrival time                                 0.8205

  clock clk (rise edge)                  0.8000     0.8000
  clock network delay (ideal)            0.0000     0.8000
  clock reconvergence pessimism          0.0000     0.8000
  output external delay                 -0.0070     0.7930
  data required time                                0.7930
  ---------------------------------------------------------------
  data required time                                0.7930
  data arrival time                                -0.8205
  ---------------------------------------------------------------
  slack (VIOLATED)                                 -0.0275


  Startpoint: sram00_inst
               (rising edge-triggered flip-flop clocked by clk)
  Endpoint: dout[6] (output port clocked by clk)
  Path Group: clk
  Path Type: max

  Point                                    Incr       Path
  ---------------------------------------------------------------
  clock clk (rise edge)                  0.0000     0.0000
  clock network delay (ideal)            0.0000     0.0000
  sram00_inst/CLK (sram00)               0.0000     0.0000 r
  sram00_inst/Q[6] (sram00)              0.8205     0.8205 r
  dout[6] (out)                          0.0000     0.8205 r
  data arrival time                                 0.8205

  clock clk (rise edge)                  0.8000     0.8000
  clock network delay (ideal)            0.0000     0.8000
  clock reconvergence pessimism          0.0000     0.8000
  output external delay                 -0.0070     0.7930
  data required time                                0.7930
  ---------------------------------------------------------------
  data required time                                0.7930
  data arrival time                                -0.8205
  ---------------------------------------------------------------
  slack (VIOLATED)                                 -0.0275


  Startpoint: sram00_inst
               (rising edge-triggered flip-flop clocked by clk)
  Endpoint: dout[5] (output port clocked by clk)
  Path Group: clk
  Path Type: max

  Point                                    Incr       Path
  ---------------------------------------------------------------
  clock clk (rise edge)                  0.0000     0.0000
  clock network delay (ideal)            0.0000     0.0000
  sram00_inst/CLK (sram00)               0.0000     0.0000 r
  sram00_inst/Q[5] (sram00)              0.8205     0.8205 r
  dout[5] (out)                          0.0000     0.8205 r
  data arrival time                                 0.8205

  clock clk (rise edge)                  0.8000     0.8000
  clock network delay (ideal)            0.0000     0.8000
  clock reconvergence pessimism          0.0000     0.8000
  output external delay                 -0.0070     0.7930
  data required time                                0.7930
  ---------------------------------------------------------------
  data required time                                0.7930
  data arrival time                                -0.8205
  ---------------------------------------------------------------
  slack (VIOLATED)                                 -0.0275


  Startpoint: sram00_inst
               (rising edge-triggered flip-flop clocked by clk)
  Endpoint: dout[4] (output port clocked by clk)
  Path Group: clk
  Path Type: max

  Point                                    Incr       Path
  ---------------------------------------------------------------
  clock clk (rise edge)                  0.0000     0.0000
  clock network delay (ideal)            0.0000     0.0000
  sram00_inst/CLK (sram00)               0.0000     0.0000 r
  sram00_inst/Q[4] (sram00)              0.8205     0.8205 r
  dout[4] (out)                          0.0000     0.8205 r
  data arrival time                                 0.8205

  clock clk (rise edge)                  0.8000     0.8000
  clock network delay (ideal)            0.0000     0.8000
  clock reconvergence pessimism          0.0000     0.8000
  output external delay                 -0.0070     0.7930
  data required time                                0.7930
  ---------------------------------------------------------------
  data required time                                0.7930
  data arrival time                                -0.8205
  ---------------------------------------------------------------
  slack (VIOLATED)                                 -0.0275


  Startpoint: sram00_inst
               (rising edge-triggered flip-flop clocked by clk)
  Endpoint: dout[3] (output port clocked by clk)
  Path Group: clk
  Path Type: max

  Point                                    Incr       Path
  ---------------------------------------------------------------
  clock clk (rise edge)                  0.0000     0.0000
  clock network delay (ideal)            0.0000     0.0000
  sram00_inst/CLK (sram00)               0.0000     0.0000 r
  sram00_inst/Q[3] (sram00)              0.8205     0.8205 r
  dout[3] (out)                          0.0000     0.8205 r
  data arrival time                                 0.8205

  clock clk (rise edge)                  0.8000     0.8000
  clock network delay (ideal)            0.0000     0.8000
  clock reconvergence pessimism          0.0000     0.8000
  output external delay                 -0.0070     0.7930
  data required time                                0.7930
  ---------------------------------------------------------------
  data required time                                0.7930
  data arrival time                                -0.8205
  ---------------------------------------------------------------
  slack (VIOLATED)                                 -0.0275

Warning: report_timing has satisfied the max_paths criteria. There are 3 further endpoints which have paths of interest with slack less than   0.0000 that were not considered when generating this report. (UITE-502)

1
****************************************
Report : timing
	-path_type full
	-delay_type max
	-nworst 10
	-slack_lesser_than 0.0000
	-max_paths 10
	-sort_by slack
Design : sram_wrapper
Version: U-2022.12-SP5
Date   : Fri Mar  6 21:54:56 2026
****************************************

No paths with slack less than 0.0000.

1
****************************************
Report : timing
	-path_type full
	-delay_type max
	-nworst 10
	-slack_lesser_than 0.0000
	-max_paths 10
	-sort_by slack
Design : sram_wrapper
Version: U-2022.12-SP5
Date   : Fri Mar  6 21:54:56 2026
****************************************

No paths with slack less than 0.0000.

1
****************************************
Report : timing
	-path_type full
	-delay_type max
	-nworst 10
	-slack_lesser_than 0.0000
	-max_paths 10
	-sort_by slack
Design : sram_wrapper
Version: U-2022.12-SP5
Date   : Fri Mar  6 21:54:56 2026
****************************************

No paths with slack less than 0.0000.

1
****************************************
Report : timing
	-path_type full
	-delay_type max
	-nworst 10
	-slack_lesser_than 0.0000
	-max_paths 10
	-sort_by slack
Design : sram_wrapper
Version: U-2022.12-SP5
Date   : Fri Mar  6 21:54:56 2026
****************************************

No paths with slack less than 0.0000.

1
****************************************
Report : timing
	-path_type full
	-delay_type max
	-nworst 10
	-slack_lesser_than 0.0000
	-max_paths 10
	-sort_by slack
Design : sram_wrapper
Version: U-2022.12-SP5
Date   : Fri Mar  6 21:54:56 2026
****************************************

No paths with slack less than 0.0000.

1
****************************************
Report : timing
	-path_type full
	-delay_type max
	-nworst 10
	-slack_lesser_than 0.0000
	-max_paths 10
	-sort_by slack
Design : sram_wrapper
Version: U-2022.12-SP5
Date   : Fri Mar  6 21:54:56 2026
****************************************

No paths with slack less than 0.0000.

1
****************************************
Report : timing
	-path_type full
	-delay_type max
	-nworst 10
	-slack_lesser_than 0.0000
	-max_paths 10
	-sort_by slack
Design : sram_wrapper
Version: U-2022.12-SP5
Date   : Fri Mar  6 21:54:56 2026
****************************************

No paths with slack less than 0.0000.

1
****************************************
Report : timing
	-path_type full
	-delay_type max
	-nworst 10
	-slack_lesser_than 0.0000
	-max_paths 10
	-sort_by slack
Design : sram_wrapper
Version: U-2022.12-SP5
Date   : Fri Mar  6 21:54:56 2026
****************************************

No paths with slack less than 0.0000.

1
****************************************
Report : timing
	-path_type full
	-delay_type max
	-nworst 10
	-slack_lesser_than 0.0000
	-max_paths 10
	-sort_by slack
Design : sram_wrapper
Version: U-2022.12-SP5
Date   : Fri Mar  6 21:54:56 2026
****************************************

No paths with slack less than 0.0000.

1
****************************************
Report : timing
	-path_type full
	-delay_type max
	-nworst 10
	-slack_lesser_than 0.0000
	-max_paths 10
	-sort_by slack
Design : sram_wrapper
Version: U-2022.12-SP5
Date   : Fri Mar  6 21:54:56 2026
****************************************

No paths with slack less than 0.0000.

1
****************************************
Report : timing
	-path_type full
	-delay_type max
	-nworst 10
	-slack_lesser_than 0.0000
	-max_paths 10
	-sort_by slack
Design : sram_wrapper
Version: U-2022.12-SP5
Date   : Fri Mar  6 21:54:56 2026
****************************************

No paths with slack less than 0.0000.

1
****************************************
Report : timing
	-path_type full
	-delay_type max
	-nworst 10
	-slack_lesser_than 0.0000
	-max_paths 10
	-sort_by slack
Design : sram_wrapper
Version: U-2022.12-SP5
Date   : Fri Mar  6 21:54:56 2026
****************************************

No paths with slack less than 0.0000.

1
