1
 
****************************************
Report : area
Design : fft_core
Version: U-2022.12-SP7
Date   : Sat Jun 27 21:14:48 2026
****************************************

Information: Updating design information... (UID-85)
Library(s) Used:

    tcbn65gplustc_ccs (File: /courses/ee6350/pdk2025/tcbn65gplus/TSMCHOME/digital/Front_End/timing_power_noise/CCS/tcbn65gplus_200a/tcbn65gplustc_ccs.db)

Number of ports:                           84
Number of nets:                          1143
Number of cells:                          986
Number of combinational cells:            953
Number of sequential cells:                33
Number of macros/black boxes:               0
Number of buf/inv:                        419
Number of references:                      35

Combinational area:               2577.240029
Buf/Inv area:                      469.440019
Noncombinational area:             261.360003
Macro/Black Box area:                0.000000
Net Interconnect area:      undefined  (Wire load has zero net area)

Total cell area:                  2838.600032
Total area:                 undefined
1
Information: Propagating switching activity (medium effort zero delay simulation). (PWR-6)
Warning: Design has unannotated primary inputs. (PWR-414)
Warning: Design has unannotated sequential cell outputs. (PWR-415)
 
****************************************
Report : power
        -hier
        -analysis_effort medium
Design : fft_core
Version: U-2022.12-SP7
Date   : Sat Jun 27 21:14:49 2026
****************************************


Library(s) Used:

    tcbn65gplustc_ccs (File: /courses/ee6350/pdk2025/tcbn65gplus/TSMCHOME/digital/Front_End/timing_power_noise/CCS/tcbn65gplus_200a/tcbn65gplustc_ccs.db)


Operating Conditions: NCCOM   Library: tcbn65gplustc_ccs
Wire Load Model Mode: top

Design        Wire Load Model            Library
------------------------------------------------
fft_core               ZeroWireload      tcbn65gplustc_ccs


Global Operating Voltage = 1    
Power-specific unit information :
    Voltage Units = 1V
    Capacitance Units = 1.000000pf
    Time Units = 1ns
    Dynamic Power Units = 1mW    (derived from V,C,T units)
    Leakage Power Units = 1nW


--------------------------------------------------------------------------------
                                       Switch   Int      Leak     Total
Hierarchy                              Power    Power    Power    Power    %
--------------------------------------------------------------------------------
fft_core                               7.38e-02    0.339 1.32e+04    0.426 100.0
1
 
****************************************
Report : design
Design : fft_core
Version: U-2022.12-SP7
Date   : Sat Jun 27 21:14:49 2026
****************************************

Design allows ideal nets on clock nets.

Library(s) Used:

    tcbn65gplustc_ccs (File: /courses/ee6350/pdk2025/tcbn65gplus/TSMCHOME/digital/Front_End/timing_power_noise/CCS/tcbn65gplus_200a/tcbn65gplustc_ccs.db)

Local Link Library:

    {tcbn65gplustc_ccs.db}

Flip-Flop Types:

    No flip-flop types specified.

Latch Types:

    No latch types specified.

Operating Conditions:


    Operating Condition Name : NCCOM
    Library : tcbn65gplustc_ccs
    Process :   1.00
    Temperature :  25.00
    Voltage :   1.00
    Interconnect Model : balanced_tree

Wire Loading Model:

    Selected automatically from the total cell area.

Name           :   ZeroWireload
Location       :   tcbn65gplustc_ccs
Resistance     :   1e-05
Capacitance    :   1
Area           :   0
Slope          :   0
Fanout   Length   Points Average Cap Std Deviation
--------------------------------------------------------------
     1     0.00
     2     0.00
     3     0.00
     4     0.00
     5     0.00
     6     0.00
     7     0.00
     8     0.00
     9     0.00
    10     0.00
    11     0.00
    12     0.00
    13     0.00
    14     0.00
    15     0.00
    16     0.00
    17     0.00
    18     0.00
    19     0.00
    20     0.00



Wire Loading Model Mode: top.

Timing Ranges:

    No timing ranges specified.

Pin Input Delays:

    None specified.

Pin Output Delays:

    None specified.

Disabled Timing Arcs:

    No arcs disabled.

Required Licenses:

    DesignWare

Design Parameters:

    DATA_WIDTH => 16
1
 
****************************************
Report : cell
Design : fft_core
Version: U-2022.12-SP7
Date   : Sat Jun 27 21:14:49 2026
****************************************

Attributes:
    b - black box (unknown)
    h - hierarchical
   mo - map_only
    n - noncombinational
    r - removable
    u - contains unmapped logic

Cell                      Reference       Library             Area  Attributes
--------------------------------------------------------------------------------
DP_OP_19J1_122_3721_U19   CMPE42D1        tcbn65gplustc_ccs
                                                          16.559999 r
DP_OP_19J1_122_3721_U20   CMPE42D1        tcbn65gplustc_ccs
                                                          16.559999 r
DP_OP_19J1_122_3721_U23   CMPE42D1        tcbn65gplustc_ccs
                                                          16.559999 r
DP_OP_19J1_122_3721_U24   CMPE42D1        tcbn65gplustc_ccs
                                                          16.559999 r
DP_OP_19J1_122_3721_U25   CMPE42D1        tcbn65gplustc_ccs
                                                          16.559999 r
DP_OP_19J1_122_3721_U26   CMPE42D1        tcbn65gplustc_ccs
                                                          16.559999 r
DP_OP_19J1_122_3721_U29   CMPE42D1        tcbn65gplustc_ccs
                                                          16.559999 r
DP_OP_19J1_122_3721_U30   CMPE42D1        tcbn65gplustc_ccs
                                                          16.559999 r
DP_OP_19J1_122_3721_U34   CMPE42D1        tcbn65gplustc_ccs
                                                          16.559999 r
DP_OP_19J1_122_3721_U35   CMPE42D1        tcbn65gplustc_ccs
                                                          16.559999 r
DP_OP_19J1_122_3721_U36   CMPE42D1        tcbn65gplustc_ccs
                                                          16.559999 r
DP_OP_19J1_122_3721_U38   CMPE42D1        tcbn65gplustc_ccs
                                                          16.559999 r
DP_OP_19J1_122_3721_U39   CMPE42D1        tcbn65gplustc_ccs
                                                          16.559999 r
DP_OP_19J1_122_3721_U40   CMPE42D1        tcbn65gplustc_ccs
                                                          16.559999 r
DP_OP_19J1_122_3721_U42   CMPE42D1        tcbn65gplustc_ccs
                                                          16.559999 r
DP_OP_19J1_122_3721_U43   CMPE42D1        tcbn65gplustc_ccs
                                                          16.559999 r
DP_OP_19J1_122_3721_U46   CMPE42D1        tcbn65gplustc_ccs
                                                          16.559999 r
DP_OP_19J1_122_3721_U47   CMPE42D1        tcbn65gplustc_ccs
                                                          16.559999 r
DP_OP_19J1_122_3721_U49   CMPE42D1        tcbn65gplustc_ccs
                                                          16.559999 r
DP_OP_19J1_122_3721_U52   CMPE42D1        tcbn65gplustc_ccs
                                                          16.559999 r
DP_OP_20J1_123_3721_U19   CMPE42D1        tcbn65gplustc_ccs
                                                          16.559999 r
DP_OP_20J1_123_3721_U20   CMPE42D1        tcbn65gplustc_ccs
                                                          16.559999 r
DP_OP_20J1_123_3721_U23   CMPE42D1        tcbn65gplustc_ccs
                                                          16.559999 r
DP_OP_20J1_123_3721_U24   CMPE42D1        tcbn65gplustc_ccs
                                                          16.559999 r
DP_OP_20J1_123_3721_U25   CMPE42D1        tcbn65gplustc_ccs
                                                          16.559999 r
DP_OP_20J1_123_3721_U26   CMPE42D1        tcbn65gplustc_ccs
                                                          16.559999 r
DP_OP_20J1_123_3721_U29   CMPE42D1        tcbn65gplustc_ccs
                                                          16.559999 r
DP_OP_20J1_123_3721_U30   CMPE42D1        tcbn65gplustc_ccs
                                                          16.559999 r
DP_OP_20J1_123_3721_U34   CMPE42D1        tcbn65gplustc_ccs
                                                          16.559999 r
DP_OP_20J1_123_3721_U35   CMPE42D1        tcbn65gplustc_ccs
                                                          16.559999 r
DP_OP_20J1_123_3721_U36   CMPE42D1        tcbn65gplustc_ccs
                                                          16.559999 r
DP_OP_20J1_123_3721_U38   CMPE42D1        tcbn65gplustc_ccs
                                                          16.559999 r
DP_OP_20J1_123_3721_U39   CMPE42D1        tcbn65gplustc_ccs
                                                          16.559999 r
DP_OP_20J1_123_3721_U40   CMPE42D1        tcbn65gplustc_ccs
                                                          16.559999 r
DP_OP_20J1_123_3721_U42   CMPE42D1        tcbn65gplustc_ccs
                                                          16.559999 r
DP_OP_20J1_123_3721_U43   CMPE42D1        tcbn65gplustc_ccs
                                                          16.559999 r
DP_OP_20J1_123_3721_U46   CMPE42D1        tcbn65gplustc_ccs
                                                          16.559999 r
DP_OP_20J1_123_3721_U47   CMPE42D1        tcbn65gplustc_ccs
                                                          16.559999 r
DP_OP_20J1_123_3721_U49   CMPE42D1        tcbn65gplustc_ccs
                                                          16.559999 r
DP_OP_20J1_123_3721_U52   CMPE42D1        tcbn65gplustc_ccs
                                                          16.559999 r
U36                       CKAN2D0         tcbn65gplustc_ccs
                                                          2.160000  
U37                       OR2D0           tcbn65gplustc_ccs
                                                          2.160000  
U38                       CKAN2D0         tcbn65gplustc_ccs
                                                          2.160000  
U39                       BUFFD0          tcbn65gplustc_ccs
                                                          1.440000  
U40                       BUFFD0          tcbn65gplustc_ccs
                                                          1.440000  
U41                       INVD0           tcbn65gplustc_ccs
                                                          1.080000  
U42                       BUFFD0          tcbn65gplustc_ccs
                                                          1.440000  
U43                       INVD0           tcbn65gplustc_ccs
                                                          1.080000  
U44                       INVD0           tcbn65gplustc_ccs
                                                          1.080000  
U45                       INVD0           tcbn65gplustc_ccs
                                                          1.080000  
U46                       INVD0           tcbn65gplustc_ccs
                                                          1.080000  
U47                       BUFFD0          tcbn65gplustc_ccs
                                                          1.440000  
U48                       INVD0           tcbn65gplustc_ccs
                                                          1.080000  
U49                       INVD0           tcbn65gplustc_ccs
                                                          1.080000  
U50                       BUFFD0          tcbn65gplustc_ccs
                                                          1.440000  
U51                       BUFFD0          tcbn65gplustc_ccs
                                                          1.440000  
U52                       BUFFD0          tcbn65gplustc_ccs
                                                          1.440000  
U53                       INVD0           tcbn65gplustc_ccs
                                                          1.080000  
U54                       INVD0           tcbn65gplustc_ccs
                                                          1.080000  
U55                       BUFFD0          tcbn65gplustc_ccs
                                                          1.440000  
U56                       OA22D0          tcbn65gplustc_ccs
                                                          2.880000  
U57                       INVD0           tcbn65gplustc_ccs
                                                          1.080000  
U58                       INVD0           tcbn65gplustc_ccs
                                                          1.080000  
U59                       BUFFD0          tcbn65gplustc_ccs
                                                          1.440000  
U60                       BUFFD0          tcbn65gplustc_ccs
                                                          1.440000  
U61                       INVD0           tcbn65gplustc_ccs
                                                          1.080000  
U62                       BUFFD0          tcbn65gplustc_ccs
                                                          1.440000  
U63                       INVD0           tcbn65gplustc_ccs
                                                          1.080000  
U64                       INVD0           tcbn65gplustc_ccs
                                                          1.080000  
U65                       BUFFD0          tcbn65gplustc_ccs
                                                          1.440000  
U66                       BUFFD0          tcbn65gplustc_ccs
                                                          1.440000  
U67                       BUFFD0          tcbn65gplustc_ccs
                                                          1.440000  
U68                       BUFFD0          tcbn65gplustc_ccs
                                                          1.440000  
U69                       BUFFD0          tcbn65gplustc_ccs
                                                          1.440000  
U70                       BUFFD0          tcbn65gplustc_ccs
                                                          1.440000  
U71                       BUFFD0          tcbn65gplustc_ccs
                                                          1.440000  
U72                       BUFFD0          tcbn65gplustc_ccs
                                                          1.440000  
U73                       OR3D0           tcbn65gplustc_ccs
                                                          2.520000  
U74                       INVD0           tcbn65gplustc_ccs
                                                          1.080000  
U75                       INVD0           tcbn65gplustc_ccs
                                                          1.080000  
U76                       INVD0           tcbn65gplustc_ccs
                                                          1.080000  
U77                       OR3D0           tcbn65gplustc_ccs
                                                          2.520000  
U78                       INVD0           tcbn65gplustc_ccs
                                                          1.080000  
U79                       INVD0           tcbn65gplustc_ccs
                                                          1.080000  
U80                       INVD0           tcbn65gplustc_ccs
                                                          1.080000  
U81                       CKAN2D0         tcbn65gplustc_ccs
                                                          2.160000  
U82                       INVD0           tcbn65gplustc_ccs
                                                          1.080000  
U83                       INVD0           tcbn65gplustc_ccs
                                                          1.080000  
U84                       INVD0           tcbn65gplustc_ccs
                                                          1.080000  
U85                       INVD0           tcbn65gplustc_ccs
                                                          1.080000  
U86                       INVD0           tcbn65gplustc_ccs
                                                          1.080000  
U87                       INVD0           tcbn65gplustc_ccs
                                                          1.080000  
U88                       INVD0           tcbn65gplustc_ccs
                                                          1.080000  
U89                       INVD0           tcbn65gplustc_ccs
                                                          1.080000  
U90                       INVD0           tcbn65gplustc_ccs
                                                          1.080000  
U91                       INVD0           tcbn65gplustc_ccs
                                                          1.080000  
U92                       INVD0           tcbn65gplustc_ccs
                                                          1.080000  
U93                       INVD0           tcbn65gplustc_ccs
                                                          1.080000  
U94                       INVD0           tcbn65gplustc_ccs
                                                          1.080000  
U95                       INVD0           tcbn65gplustc_ccs
                                                          1.080000  
U96                       INVD0           tcbn65gplustc_ccs
                                                          1.080000  
U97                       INVD0           tcbn65gplustc_ccs
                                                          1.080000  
U98                       INVD0           tcbn65gplustc_ccs
                                                          1.080000  
U99                       INVD0           tcbn65gplustc_ccs
                                                          1.080000  
U100                      INVD0           tcbn65gplustc_ccs
                                                          1.080000  
U101                      INVD0           tcbn65gplustc_ccs
                                                          1.080000  
U102                      INVD0           tcbn65gplustc_ccs
                                                          1.080000  
U103                      INVD0           tcbn65gplustc_ccs
                                                          1.080000  
U104                      INVD0           tcbn65gplustc_ccs
                                                          1.080000  
U105                      INVD0           tcbn65gplustc_ccs
                                                          1.080000  
U106                      INVD0           tcbn65gplustc_ccs
                                                          1.080000  
U107                      INVD0           tcbn65gplustc_ccs
                                                          1.080000  
U108                      INVD0           tcbn65gplustc_ccs
                                                          1.080000  
U109                      INVD0           tcbn65gplustc_ccs
                                                          1.080000  
U110                      INVD0           tcbn65gplustc_ccs
                                                          1.080000  
U111                      INVD0           tcbn65gplustc_ccs
                                                          1.080000  
U112                      INVD0           tcbn65gplustc_ccs
                                                          1.080000  
U113                      INVD0           tcbn65gplustc_ccs
                                                          1.080000  
U114                      INVD0           tcbn65gplustc_ccs
                                                          1.080000  
U115                      INVD0           tcbn65gplustc_ccs
                                                          1.080000  
U116                      INVD0           tcbn65gplustc_ccs
                                                          1.080000  
U117                      INVD0           tcbn65gplustc_ccs
                                                          1.080000  
U118                      INVD0           tcbn65gplustc_ccs
                                                          1.080000  
U119                      INVD0           tcbn65gplustc_ccs
                                                          1.080000  
U120                      INVD0           tcbn65gplustc_ccs
                                                          1.080000  
U121                      INVD0           tcbn65gplustc_ccs
                                                          1.080000  
U122                      INVD0           tcbn65gplustc_ccs
                                                          1.080000  
U123                      INVD0           tcbn65gplustc_ccs
                                                          1.080000  
U124                      INVD0           tcbn65gplustc_ccs
                                                          1.080000  
U125                      INVD0           tcbn65gplustc_ccs
                                                          1.080000  
U126                      INVD0           tcbn65gplustc_ccs
                                                          1.080000  
U127                      INVD0           tcbn65gplustc_ccs
                                                          1.080000  
U128                      INVD0           tcbn65gplustc_ccs
                                                          1.080000  
U129                      INVD0           tcbn65gplustc_ccs
                                                          1.080000  
U130                      INVD0           tcbn65gplustc_ccs
                                                          1.080000  
U131                      INVD0           tcbn65gplustc_ccs
                                                          1.080000  
U132                      INVD0           tcbn65gplustc_ccs
                                                          1.080000  
U133                      INVD0           tcbn65gplustc_ccs
                                                          1.080000  
U134                      INVD0           tcbn65gplustc_ccs
                                                          1.080000  
U135                      INVD0           tcbn65gplustc_ccs
                                                          1.080000  
U136                      INVD0           tcbn65gplustc_ccs
                                                          1.080000  
U137                      INVD0           tcbn65gplustc_ccs
                                                          1.080000  
U138                      INVD0           tcbn65gplustc_ccs
                                                          1.080000  
U139                      INVD0           tcbn65gplustc_ccs
                                                          1.080000  
U140                      INVD0           tcbn65gplustc_ccs
                                                          1.080000  
U141                      INVD0           tcbn65gplustc_ccs
                                                          1.080000  
U142                      INVD0           tcbn65gplustc_ccs
                                                          1.080000  
U143                      INVD0           tcbn65gplustc_ccs
                                                          1.080000  
U144                      INVD0           tcbn65gplustc_ccs
                                                          1.080000  
U145                      INVD0           tcbn65gplustc_ccs
                                                          1.080000  
U146                      INVD0           tcbn65gplustc_ccs
                                                          1.080000  
U147                      INVD0           tcbn65gplustc_ccs
                                                          1.080000  
U148                      INVD0           tcbn65gplustc_ccs
                                                          1.080000  
U149                      INVD0           tcbn65gplustc_ccs
                                                          1.080000  
U150                      INVD0           tcbn65gplustc_ccs
                                                          1.080000  
U151                      INVD0           tcbn65gplustc_ccs
                                                          1.080000  
U152                      INVD0           tcbn65gplustc_ccs
                                                          1.080000  
U153                      INVD0           tcbn65gplustc_ccs
                                                          1.080000  
U154                      INVD0           tcbn65gplustc_ccs
                                                          1.080000  
U155                      INVD0           tcbn65gplustc_ccs
                                                          1.080000  
U156                      INVD0           tcbn65gplustc_ccs
                                                          1.080000  
U157                      INVD0           tcbn65gplustc_ccs
                                                          1.080000  
U158                      INVD0           tcbn65gplustc_ccs
                                                          1.080000  
U159                      INVD0           tcbn65gplustc_ccs
                                                          1.080000  
U160                      INVD0           tcbn65gplustc_ccs
                                                          1.080000  
U161                      INVD0           tcbn65gplustc_ccs
                                                          1.080000  
U162                      INVD0           tcbn65gplustc_ccs
                                                          1.080000  
U163                      INVD0           tcbn65gplustc_ccs
                                                          1.080000  
U164                      INVD0           tcbn65gplustc_ccs
                                                          1.080000  
U165                      INVD0           tcbn65gplustc_ccs
                                                          1.080000  
U166                      INVD0           tcbn65gplustc_ccs
                                                          1.080000  
U167                      INVD0           tcbn65gplustc_ccs
                                                          1.080000  
U168                      INVD0           tcbn65gplustc_ccs
                                                          1.080000  
U169                      INVD0           tcbn65gplustc_ccs
                                                          1.080000  
U170                      INVD0           tcbn65gplustc_ccs
                                                          1.080000  
U171                      INVD0           tcbn65gplustc_ccs
                                                          1.080000  
U172                      INVD0           tcbn65gplustc_ccs
                                                          1.080000  
U173                      INVD0           tcbn65gplustc_ccs
                                                          1.080000  
U174                      INVD0           tcbn65gplustc_ccs
                                                          1.080000  
U175                      INVD0           tcbn65gplustc_ccs
                                                          1.080000  
U176                      INVD0           tcbn65gplustc_ccs
                                                          1.080000  
U177                      INVD0           tcbn65gplustc_ccs
                                                          1.080000  
U178                      INVD0           tcbn65gplustc_ccs
                                                          1.080000  
U179                      INVD0           tcbn65gplustc_ccs
                                                          1.080000  
U180                      INVD0           tcbn65gplustc_ccs
                                                          1.080000  
U181                      INVD0           tcbn65gplustc_ccs
                                                          1.080000  
U182                      INVD0           tcbn65gplustc_ccs
                                                          1.080000  
U183                      INVD0           tcbn65gplustc_ccs
                                                          1.080000  
U184                      INVD0           tcbn65gplustc_ccs
                                                          1.080000  
U185                      INVD0           tcbn65gplustc_ccs
                                                          1.080000  
U186                      INVD0           tcbn65gplustc_ccs
                                                          1.080000  
U187                      INVD0           tcbn65gplustc_ccs
                                                          1.080000  
U188                      INVD0           tcbn65gplustc_ccs
                                                          1.080000  
U189                      INVD0           tcbn65gplustc_ccs
                                                          1.080000  
U190                      INVD0           tcbn65gplustc_ccs
                                                          1.080000  
U191                      INVD0           tcbn65gplustc_ccs
                                                          1.080000  
U192                      INVD0           tcbn65gplustc_ccs
                                                          1.080000  
U193                      INVD0           tcbn65gplustc_ccs
                                                          1.080000  
U194                      INVD0           tcbn65gplustc_ccs
                                                          1.080000  
U195                      INVD0           tcbn65gplustc_ccs
                                                          1.080000  
U196                      INVD0           tcbn65gplustc_ccs
                                                          1.080000  
U197                      INVD0           tcbn65gplustc_ccs
                                                          1.080000  
U198                      INVD0           tcbn65gplustc_ccs
                                                          1.080000  
U199                      INVD0           tcbn65gplustc_ccs
                                                          1.080000  
U200                      INVD0           tcbn65gplustc_ccs
                                                          1.080000  
U201                      INVD0           tcbn65gplustc_ccs
                                                          1.080000  
U202                      INVD0           tcbn65gplustc_ccs
                                                          1.080000  
U203                      INVD0           tcbn65gplustc_ccs
                                                          1.080000  
U204                      INVD0           tcbn65gplustc_ccs
                                                          1.080000  
U205                      INVD0           tcbn65gplustc_ccs
                                                          1.080000  
U206                      INVD0           tcbn65gplustc_ccs
                                                          1.080000  
U207                      INVD0           tcbn65gplustc_ccs
                                                          1.080000  
U208                      INVD0           tcbn65gplustc_ccs
                                                          1.080000  
U209                      INVD0           tcbn65gplustc_ccs
                                                          1.080000  
U210                      INVD0           tcbn65gplustc_ccs
                                                          1.080000  
U211                      INVD0           tcbn65gplustc_ccs
                                                          1.080000  
U212                      INVD0           tcbn65gplustc_ccs
                                                          1.080000  
U213                      INVD0           tcbn65gplustc_ccs
                                                          1.080000  
U214                      INVD0           tcbn65gplustc_ccs
                                                          1.080000  
U215                      INVD0           tcbn65gplustc_ccs
                                                          1.080000  
U216                      INVD0           tcbn65gplustc_ccs
                                                          1.080000  
U217                      INVD0           tcbn65gplustc_ccs
                                                          1.080000  
U218                      INVD0           tcbn65gplustc_ccs
                                                          1.080000  
U219                      INVD0           tcbn65gplustc_ccs
                                                          1.080000  
U220                      INVD0           tcbn65gplustc_ccs
                                                          1.080000  
U221                      INVD0           tcbn65gplustc_ccs
                                                          1.080000  
U222                      INVD0           tcbn65gplustc_ccs
                                                          1.080000  
U223                      INVD0           tcbn65gplustc_ccs
                                                          1.080000  
U224                      INVD0           tcbn65gplustc_ccs
                                                          1.080000  
U225                      INVD0           tcbn65gplustc_ccs
                                                          1.080000  
U226                      INVD0           tcbn65gplustc_ccs
                                                          1.080000  
U227                      INVD0           tcbn65gplustc_ccs
                                                          1.080000  
U228                      INVD0           tcbn65gplustc_ccs
                                                          1.080000  
U229                      INVD0           tcbn65gplustc_ccs
                                                          1.080000  
U230                      INVD0           tcbn65gplustc_ccs
                                                          1.080000  
U231                      INVD0           tcbn65gplustc_ccs
                                                          1.080000  
U232                      INVD0           tcbn65gplustc_ccs
                                                          1.080000  
U233                      INVD0           tcbn65gplustc_ccs
                                                          1.080000  
U234                      INVD0           tcbn65gplustc_ccs
                                                          1.080000  
U235                      INVD0           tcbn65gplustc_ccs
                                                          1.080000  
U236                      INVD0           tcbn65gplustc_ccs
                                                          1.080000  
U237                      INVD0           tcbn65gplustc_ccs
                                                          1.080000  
U238                      INVD0           tcbn65gplustc_ccs
                                                          1.080000  
U239                      INVD0           tcbn65gplustc_ccs
                                                          1.080000  
U240                      INVD0           tcbn65gplustc_ccs
                                                          1.080000  
U241                      INVD0           tcbn65gplustc_ccs
                                                          1.080000  
U242                      INVD0           tcbn65gplustc_ccs
                                                          1.080000  
U243                      INVD0           tcbn65gplustc_ccs
                                                          1.080000  
U244                      INVD0           tcbn65gplustc_ccs
                                                          1.080000  
U245                      INVD0           tcbn65gplustc_ccs
                                                          1.080000  
U246                      INVD0           tcbn65gplustc_ccs
                                                          1.080000  
U247                      INVD0           tcbn65gplustc_ccs
                                                          1.080000  
U248                      INVD0           tcbn65gplustc_ccs
                                                          1.080000  
U249                      INVD0           tcbn65gplustc_ccs
                                                          1.080000  
U250                      INVD0           tcbn65gplustc_ccs
                                                          1.080000  
U251                      INVD0           tcbn65gplustc_ccs
                                                          1.080000  
U252                      INVD0           tcbn65gplustc_ccs
                                                          1.080000  
U253                      INVD0           tcbn65gplustc_ccs
                                                          1.080000  
U254                      INVD0           tcbn65gplustc_ccs
                                                          1.080000  
U255                      INVD0           tcbn65gplustc_ccs
                                                          1.080000  
U256                      INVD0           tcbn65gplustc_ccs
                                                          1.080000  
U257                      INVD0           tcbn65gplustc_ccs
                                                          1.080000  
U258                      INVD0           tcbn65gplustc_ccs
                                                          1.080000  
U259                      INVD0           tcbn65gplustc_ccs
                                                          1.080000  
U260                      INVD0           tcbn65gplustc_ccs
                                                          1.080000  
U261                      INVD0           tcbn65gplustc_ccs
                                                          1.080000  
U262                      INVD0           tcbn65gplustc_ccs
                                                          1.080000  
U263                      INVD0           tcbn65gplustc_ccs
                                                          1.080000  
U264                      INVD0           tcbn65gplustc_ccs
                                                          1.080000  
U265                      INVD0           tcbn65gplustc_ccs
                                                          1.080000  
U266                      INVD0           tcbn65gplustc_ccs
                                                          1.080000  
U267                      INVD0           tcbn65gplustc_ccs
                                                          1.080000  
U268                      INVD0           tcbn65gplustc_ccs
                                                          1.080000  
U269                      INVD0           tcbn65gplustc_ccs
                                                          1.080000  
U270                      INVD0           tcbn65gplustc_ccs
                                                          1.080000  
U271                      INVD0           tcbn65gplustc_ccs
                                                          1.080000  
U272                      INVD0           tcbn65gplustc_ccs
                                                          1.080000  
U273                      INVD0           tcbn65gplustc_ccs
                                                          1.080000  
U274                      INVD0           tcbn65gplustc_ccs
                                                          1.080000  
U275                      INVD0           tcbn65gplustc_ccs
                                                          1.080000  
U276                      INVD0           tcbn65gplustc_ccs
                                                          1.080000  
U277                      INVD0           tcbn65gplustc_ccs
                                                          1.080000  
U278                      INVD0           tcbn65gplustc_ccs
                                                          1.080000  
U279                      INVD0           tcbn65gplustc_ccs
                                                          1.080000  
U280                      INVD0           tcbn65gplustc_ccs
                                                          1.080000  
U281                      INVD0           tcbn65gplustc_ccs
                                                          1.080000  
U282                      INVD0           tcbn65gplustc_ccs
                                                          1.080000  
U283                      INVD0           tcbn65gplustc_ccs
                                                          1.080000  
U284                      INVD0           tcbn65gplustc_ccs
                                                          1.080000  
U285                      INVD0           tcbn65gplustc_ccs
                                                          1.080000  
U286                      INVD0           tcbn65gplustc_ccs
                                                          1.080000  
U287                      INVD0           tcbn65gplustc_ccs
                                                          1.080000  
U288                      INVD0           tcbn65gplustc_ccs
                                                          1.080000  
U289                      INVD0           tcbn65gplustc_ccs
                                                          1.080000  
U290                      INVD0           tcbn65gplustc_ccs
                                                          1.080000  
U291                      INVD0           tcbn65gplustc_ccs
                                                          1.080000  
U292                      INVD0           tcbn65gplustc_ccs
                                                          1.080000  
U293                      INVD0           tcbn65gplustc_ccs
                                                          1.080000  
U294                      INVD0           tcbn65gplustc_ccs
                                                          1.080000  
U295                      INVD0           tcbn65gplustc_ccs
                                                          1.080000  
U296                      INVD0           tcbn65gplustc_ccs
                                                          1.080000  
U297                      INVD0           tcbn65gplustc_ccs
                                                          1.080000  
U298                      INVD0           tcbn65gplustc_ccs
                                                          1.080000  
U299                      INVD0           tcbn65gplustc_ccs
                                                          1.080000  
U300                      INVD0           tcbn65gplustc_ccs
                                                          1.080000  
U301                      INVD0           tcbn65gplustc_ccs
                                                          1.080000  
U302                      INVD0           tcbn65gplustc_ccs
                                                          1.080000  
U303                      INVD0           tcbn65gplustc_ccs
                                                          1.080000  
U304                      INVD0           tcbn65gplustc_ccs
                                                          1.080000  
U305                      INVD0           tcbn65gplustc_ccs
                                                          1.080000  
U306                      INVD0           tcbn65gplustc_ccs
                                                          1.080000  
U307                      INVD0           tcbn65gplustc_ccs
                                                          1.080000  
U308                      INVD0           tcbn65gplustc_ccs
                                                          1.080000  
U309                      INVD0           tcbn65gplustc_ccs
                                                          1.080000  
U310                      BUFFD0          tcbn65gplustc_ccs
                                                          1.440000  
U311                      AOI22D0         tcbn65gplustc_ccs
                                                          2.520000  
U312                      AOI22D0         tcbn65gplustc_ccs
                                                          2.520000  
U313                      BUFFD0          tcbn65gplustc_ccs
                                                          1.440000  
U314                      AOI22D0         tcbn65gplustc_ccs
                                                          2.520000  
U315                      AOI22D0         tcbn65gplustc_ccs
                                                          2.520000  
U316                      CKAN2D0         tcbn65gplustc_ccs
                                                          2.160000  
U317                      INVD0           tcbn65gplustc_ccs
                                                          1.080000  
U318                      INVD0           tcbn65gplustc_ccs
                                                          1.080000  
U319                      INVD0           tcbn65gplustc_ccs
                                                          1.080000  
U320                      INVD0           tcbn65gplustc_ccs
                                                          1.080000  
U321                      AOI22D0         tcbn65gplustc_ccs
                                                          2.520000  
U322                      AOI22D0         tcbn65gplustc_ccs
                                                          2.520000  
U323                      BUFFD0          tcbn65gplustc_ccs
                                                          1.440000  
U324                      BUFFD0          tcbn65gplustc_ccs
                                                          1.440000  
U325                      INVD0           tcbn65gplustc_ccs
                                                          1.080000  
U326                      INVD0           tcbn65gplustc_ccs
                                                          1.080000  
U327                      AOI22D0         tcbn65gplustc_ccs
                                                          2.520000  
U328                      CKND2D0         tcbn65gplustc_ccs
                                                          1.440000  
U329                      INVD0           tcbn65gplustc_ccs
                                                          1.080000  
U330                      INVD0           tcbn65gplustc_ccs
                                                          1.080000  
U331                      BUFFD0          tcbn65gplustc_ccs
                                                          1.440000  
U332                      NR3D0           tcbn65gplustc_ccs
                                                          2.160000  
U333                      NR3D0           tcbn65gplustc_ccs
                                                          2.160000  
U334                      INVD0           tcbn65gplustc_ccs
                                                          1.080000  
U335                      AOI22D0         tcbn65gplustc_ccs
                                                          2.520000  
U336                      OAI221D0        tcbn65gplustc_ccs
                                                          2.880000  
U337                      INVD0           tcbn65gplustc_ccs
                                                          1.080000  
U338                      INVD0           tcbn65gplustc_ccs
                                                          1.080000  
U339                      AOI22D0         tcbn65gplustc_ccs
                                                          2.520000  
U340                      OAI221D0        tcbn65gplustc_ccs
                                                          2.880000  
U341                      INVD0           tcbn65gplustc_ccs
                                                          1.080000  
U342                      INVD0           tcbn65gplustc_ccs
                                                          1.080000  
U343                      AOI22D0         tcbn65gplustc_ccs
                                                          2.520000  
U344                      INVD0           tcbn65gplustc_ccs
                                                          1.080000  
U345                      CKND2D0         tcbn65gplustc_ccs
                                                          1.440000  
U346                      INVD0           tcbn65gplustc_ccs
                                                          1.080000  
U347                      CKND2D0         tcbn65gplustc_ccs
                                                          1.440000  
U348                      NR3D0           tcbn65gplustc_ccs
                                                          2.160000  
U349                      NR3D0           tcbn65gplustc_ccs
                                                          2.160000  
U350                      AOI22D0         tcbn65gplustc_ccs
                                                          2.520000  
U351                      OAI221D0        tcbn65gplustc_ccs
                                                          2.880000  
U352                      AOI22D0         tcbn65gplustc_ccs
                                                          2.520000  
U353                      OAI221D0        tcbn65gplustc_ccs
                                                          2.880000  
U354                      AOI22D0         tcbn65gplustc_ccs
                                                          2.520000  
U355                      OAI221D0        tcbn65gplustc_ccs
                                                          2.880000  
U356                      AOI22D0         tcbn65gplustc_ccs
                                                          2.520000  
U357                      OAI221D0        tcbn65gplustc_ccs
                                                          2.880000  
U358                      BUFFD0          tcbn65gplustc_ccs
                                                          1.440000  
U359                      NR3D0           tcbn65gplustc_ccs
                                                          2.160000  
U360                      INVD0           tcbn65gplustc_ccs
                                                          1.080000  
U361                      INVD0           tcbn65gplustc_ccs
                                                          1.080000  
U362                      INVD0           tcbn65gplustc_ccs
                                                          1.080000  
U363                      INVD0           tcbn65gplustc_ccs
                                                          1.080000  
U364                      NR3D0           tcbn65gplustc_ccs
                                                          2.160000  
U365                      INVD0           tcbn65gplustc_ccs
                                                          1.080000  
U366                      INVD0           tcbn65gplustc_ccs
                                                          1.080000  
U367                      AOI22D0         tcbn65gplustc_ccs
                                                          2.520000  
U368                      CKND2D0         tcbn65gplustc_ccs
                                                          1.440000  
U369                      OAI221D0        tcbn65gplustc_ccs
                                                          2.880000  
U370                      BUFFD0          tcbn65gplustc_ccs
                                                          1.440000  
U371                      INVD0           tcbn65gplustc_ccs
                                                          1.080000  
U372                      CKND2D0         tcbn65gplustc_ccs
                                                          1.440000  
U373                      OAI221D0        tcbn65gplustc_ccs
                                                          2.880000  
U374                      INVD0           tcbn65gplustc_ccs
                                                          1.080000  
U375                      AOI32D0         tcbn65gplustc_ccs
                                                          2.880000  
U376                      AOI32D0         tcbn65gplustc_ccs
                                                          2.880000  
U377                      AOI22D0         tcbn65gplustc_ccs
                                                          2.520000  
U378                      OAI221D0        tcbn65gplustc_ccs
                                                          2.880000  
U379                      AOI22D0         tcbn65gplustc_ccs
                                                          2.520000  
U380                      OAI221D0        tcbn65gplustc_ccs
                                                          2.880000  
U381                      INVD0           tcbn65gplustc_ccs
                                                          1.080000  
U382                      CKND2D0         tcbn65gplustc_ccs
                                                          1.440000  
U383                      OAI221D0        tcbn65gplustc_ccs
                                                          2.880000  
U384                      CKND2D0         tcbn65gplustc_ccs
                                                          1.440000  
U385                      OAI221D0        tcbn65gplustc_ccs
                                                          2.880000  
U386                      CKND2D0         tcbn65gplustc_ccs
                                                          1.440000  
U387                      CKND2D0         tcbn65gplustc_ccs
                                                          1.440000  
U388                      AOI22D0         tcbn65gplustc_ccs
                                                          2.520000  
U389                      OAI221D0        tcbn65gplustc_ccs
                                                          2.880000  
U390                      AOI22D0         tcbn65gplustc_ccs
                                                          2.520000  
U391                      OAI221D0        tcbn65gplustc_ccs
                                                          2.880000  
U392                      CKND2D0         tcbn65gplustc_ccs
                                                          1.440000  
U393                      OAI221D0        tcbn65gplustc_ccs
                                                          2.880000  
U394                      CKND2D0         tcbn65gplustc_ccs
                                                          1.440000  
U395                      OAI221D0        tcbn65gplustc_ccs
                                                          2.880000  
U396                      INVD0           tcbn65gplustc_ccs
                                                          1.080000  
U397                      ND3D0           tcbn65gplustc_ccs
                                                          2.160000  
U398                      INVD0           tcbn65gplustc_ccs
                                                          1.080000  
U399                      ND3D0           tcbn65gplustc_ccs
                                                          2.160000  
U400                      AOI22D0         tcbn65gplustc_ccs
                                                          2.520000  
U401                      AOI22D0         tcbn65gplustc_ccs
                                                          2.520000  
U402                      CKND2D0         tcbn65gplustc_ccs
                                                          1.440000  
U403                      OAI221D0        tcbn65gplustc_ccs
                                                          2.880000  
U404                      AOI22D0         tcbn65gplustc_ccs
                                                          2.520000  
U405                      CKND2D0         tcbn65gplustc_ccs
                                                          1.440000  
U406                      OAI221D0        tcbn65gplustc_ccs
                                                          2.880000  
U407                      CKND2D0         tcbn65gplustc_ccs
                                                          1.440000  
U408                      NR2D0           tcbn65gplustc_ccs
                                                          1.440000  
U409                      CKND2D0         tcbn65gplustc_ccs
                                                          1.440000  
U410                      OAI221D0        tcbn65gplustc_ccs
                                                          2.880000  
U411                      CKND2D0         tcbn65gplustc_ccs
                                                          1.440000  
U412                      OAI221D0        tcbn65gplustc_ccs
                                                          2.880000  
U413                      BUFFD0          tcbn65gplustc_ccs
                                                          1.440000  
U414                      INVD0           tcbn65gplustc_ccs
                                                          1.080000  
U415                      AOI22D0         tcbn65gplustc_ccs
                                                          2.520000  
U416                      OAI221D0        tcbn65gplustc_ccs
                                                          2.880000  
U417                      AOI22D0         tcbn65gplustc_ccs
                                                          2.520000  
U418                      OAI221D0        tcbn65gplustc_ccs
                                                          2.880000  
U419                      AOI22D0         tcbn65gplustc_ccs
                                                          2.520000  
U420                      OAI221D0        tcbn65gplustc_ccs
                                                          2.880000  
U421                      CKND2D0         tcbn65gplustc_ccs
                                                          1.440000  
U422                      OAI221D0        tcbn65gplustc_ccs
                                                          2.880000  
U423                      CKND2D0         tcbn65gplustc_ccs
                                                          1.440000  
U424                      OAI221D0        tcbn65gplustc_ccs
                                                          2.880000  
U425                      AOI22D0         tcbn65gplustc_ccs
                                                          2.520000  
U426                      OAI221D0        tcbn65gplustc_ccs
                                                          2.880000  
U427                      CKND2D0         tcbn65gplustc_ccs
                                                          1.440000  
U428                      OAI221D0        tcbn65gplustc_ccs
                                                          2.880000  
U429                      CKND2D0         tcbn65gplustc_ccs
                                                          1.440000  
U430                      OAI221D0        tcbn65gplustc_ccs
                                                          2.880000  
U431                      INVD0           tcbn65gplustc_ccs
                                                          1.080000  
U432                      INVD0           tcbn65gplustc_ccs
                                                          1.080000  
U433                      INVD0           tcbn65gplustc_ccs
                                                          1.080000  
U434                      AOI22D0         tcbn65gplustc_ccs
                                                          2.520000  
U435                      AOI22D0         tcbn65gplustc_ccs
                                                          2.520000  
U436                      CKND2D0         tcbn65gplustc_ccs
                                                          1.440000  
U437                      OAI221D0        tcbn65gplustc_ccs
                                                          2.880000  
U438                      AOI22D0         tcbn65gplustc_ccs
                                                          2.520000  
U439                      CKND2D0         tcbn65gplustc_ccs
                                                          1.440000  
U440                      OAI221D0        tcbn65gplustc_ccs
                                                          2.880000  
U441                      INVD0           tcbn65gplustc_ccs
                                                          1.080000  
U442                      NR2D0           tcbn65gplustc_ccs
                                                          1.440000  
U443                      NR2D0           tcbn65gplustc_ccs
                                                          1.440000  
U444                      NR3D0           tcbn65gplustc_ccs
                                                          2.160000  
U445                      NR3D0           tcbn65gplustc_ccs
                                                          2.160000  
U446                      AOI22D0         tcbn65gplustc_ccs
                                                          2.520000  
U447                      OAI221D0        tcbn65gplustc_ccs
                                                          2.880000  
U448                      AOI22D0         tcbn65gplustc_ccs
                                                          2.520000  
U449                      OAI221D0        tcbn65gplustc_ccs
                                                          2.880000  
U450                      CKND2D0         tcbn65gplustc_ccs
                                                          1.440000  
U451                      CKND2D0         tcbn65gplustc_ccs
                                                          1.440000  
U452                      AOI221D0        tcbn65gplustc_ccs
                                                          2.880000  
U453                      AOI22D0         tcbn65gplustc_ccs
                                                          2.520000  
U454                      CKND2D0         tcbn65gplustc_ccs
                                                          1.440000  
U455                      OAI221D0        tcbn65gplustc_ccs
                                                          2.880000  
U456                      AOI22D0         tcbn65gplustc_ccs
                                                          2.520000  
U457                      CKND2D0         tcbn65gplustc_ccs
                                                          1.440000  
U458                      OAI221D0        tcbn65gplustc_ccs
                                                          2.880000  
U459                      INVD0           tcbn65gplustc_ccs
                                                          1.080000  
U460                      CKND2D0         tcbn65gplustc_ccs
                                                          1.440000  
U461                      INVD0           tcbn65gplustc_ccs
                                                          1.080000  
U462                      INVD0           tcbn65gplustc_ccs
                                                          1.080000  
U463                      INVD0           tcbn65gplustc_ccs
                                                          1.080000  
U464                      NR4D0           tcbn65gplustc_ccs
                                                          2.520000  
U465                      AOI221D0        tcbn65gplustc_ccs
                                                          2.880000  
U466                      AOI22D0         tcbn65gplustc_ccs
                                                          2.520000  
U467                      OAI221D0        tcbn65gplustc_ccs
                                                          2.880000  
U468                      AOI22D0         tcbn65gplustc_ccs
                                                          2.520000  
U469                      OAI221D0        tcbn65gplustc_ccs
                                                          2.880000  
U470                      AOI22D0         tcbn65gplustc_ccs
                                                          2.520000  
U471                      OAI221D0        tcbn65gplustc_ccs
                                                          2.880000  
U472                      CKAN2D0         tcbn65gplustc_ccs
                                                          2.160000  
U473                      CKND2D0         tcbn65gplustc_ccs
                                                          1.440000  
U474                      INVD0           tcbn65gplustc_ccs
                                                          1.080000  
U475                      AOI22D0         tcbn65gplustc_ccs
                                                          2.520000  
U476                      OAI221D0        tcbn65gplustc_ccs
                                                          2.880000  
U477                      AOI22D0         tcbn65gplustc_ccs
                                                          2.520000  
U478                      OAI221D0        tcbn65gplustc_ccs
                                                          2.880000  
U479                      AOI22D0         tcbn65gplustc_ccs
                                                          2.520000  
U480                      OAI221D0        tcbn65gplustc_ccs
                                                          2.880000  
U481                      AOI22D0         tcbn65gplustc_ccs
                                                          2.520000  
U482                      OAI221D0        tcbn65gplustc_ccs
                                                          2.880000  
U483                      AOI22D0         tcbn65gplustc_ccs
                                                          2.520000  
U484                      OAI221D0        tcbn65gplustc_ccs
                                                          2.880000  
U485                      CKND2D0         tcbn65gplustc_ccs
                                                          1.440000  
U486                      OAI221D0        tcbn65gplustc_ccs
                                                          2.880000  
U487                      CKND2D0         tcbn65gplustc_ccs
                                                          1.440000  
U488                      OAI221D0        tcbn65gplustc_ccs
                                                          2.880000  
U489                      AOI22D0         tcbn65gplustc_ccs
                                                          2.520000  
U490                      OAI221D0        tcbn65gplustc_ccs
                                                          2.880000  
U491                      AOI22D0         tcbn65gplustc_ccs
                                                          2.520000  
U492                      OAI221D0        tcbn65gplustc_ccs
                                                          2.880000  
U493                      AOI22D0         tcbn65gplustc_ccs
                                                          2.520000  
U494                      OAI221D0        tcbn65gplustc_ccs
                                                          2.880000  
U495                      AOI22D0         tcbn65gplustc_ccs
                                                          2.520000  
U496                      OAI221D0        tcbn65gplustc_ccs
                                                          2.880000  
U497                      AOI22D0         tcbn65gplustc_ccs
                                                          2.520000  
U498                      OAI221D0        tcbn65gplustc_ccs
                                                          2.880000  
U499                      AOI22D0         tcbn65gplustc_ccs
                                                          2.520000  
U500                      OAI221D0        tcbn65gplustc_ccs
                                                          2.880000  
U501                      AOI22D0         tcbn65gplustc_ccs
                                                          2.520000  
U502                      OAI221D0        tcbn65gplustc_ccs
                                                          2.880000  
U503                      AOI22D0         tcbn65gplustc_ccs
                                                          2.520000  
U504                      OAI221D0        tcbn65gplustc_ccs
                                                          2.880000  
U505                      AOI22D0         tcbn65gplustc_ccs
                                                          2.520000  
U506                      OAI221D0        tcbn65gplustc_ccs
                                                          2.880000  
U507                      AOI22D0         tcbn65gplustc_ccs
                                                          2.520000  
U508                      OAI221D0        tcbn65gplustc_ccs
                                                          2.880000  
U509                      AOI22D0         tcbn65gplustc_ccs
                                                          2.520000  
U510                      OAI221D0        tcbn65gplustc_ccs
                                                          2.880000  
U511                      AOI22D0         tcbn65gplustc_ccs
                                                          2.520000  
U512                      OAI221D0        tcbn65gplustc_ccs
                                                          2.880000  
U513                      AOI22D0         tcbn65gplustc_ccs
                                                          2.520000  
U514                      OAI221D0        tcbn65gplustc_ccs
                                                          2.880000  
U515                      CKND2D0         tcbn65gplustc_ccs
                                                          1.440000  
U516                      INVD0           tcbn65gplustc_ccs
                                                          1.080000  
U517                      NR4D0           tcbn65gplustc_ccs
                                                          2.520000  
U518                      AOI221D0        tcbn65gplustc_ccs
                                                          2.880000  
U519                      AOI22D0         tcbn65gplustc_ccs
                                                          2.520000  
U520                      NR3D0           tcbn65gplustc_ccs
                                                          2.160000  
U521                      AOI221D0        tcbn65gplustc_ccs
                                                          2.880000  
U522                      AOI22D0         tcbn65gplustc_ccs
                                                          2.520000  
U523                      NR2D0           tcbn65gplustc_ccs
                                                          1.440000  
U524                      XNR4D0          tcbn65gplustc_ccs
                                                          9.000000  
U525                      OAI21D0         tcbn65gplustc_ccs
                                                          2.160000  
U526                      OAI31D0         tcbn65gplustc_ccs
                                                          2.520000  
U527                      CKND2D0         tcbn65gplustc_ccs
                                                          1.440000  
U528                      CKND2D0         tcbn65gplustc_ccs
                                                          1.440000  
U529                      INVD0           tcbn65gplustc_ccs
                                                          1.080000  
U530                      MAOI222D0       tcbn65gplustc_ccs
                                                          2.880000  
U531                      INVD0           tcbn65gplustc_ccs
                                                          1.080000  
U532                      MAOI222D0       tcbn65gplustc_ccs
                                                          2.880000  
U533                      INVD0           tcbn65gplustc_ccs
                                                          1.080000  
U534                      MAOI222D0       tcbn65gplustc_ccs
                                                          2.880000  
U535                      INVD0           tcbn65gplustc_ccs
                                                          1.080000  
U536                      MAOI222D0       tcbn65gplustc_ccs
                                                          2.880000  
U537                      INVD0           tcbn65gplustc_ccs
                                                          1.080000  
U538                      MAOI222D0       tcbn65gplustc_ccs
                                                          2.880000  
U539                      INVD0           tcbn65gplustc_ccs
                                                          1.080000  
U540                      MAOI222D0       tcbn65gplustc_ccs
                                                          2.880000  
U541                      INVD0           tcbn65gplustc_ccs
                                                          1.080000  
U542                      INVD0           tcbn65gplustc_ccs
                                                          1.080000  
U543                      BUFFD0          tcbn65gplustc_ccs
                                                          1.440000  
U544                      BUFFD0          tcbn65gplustc_ccs
                                                          1.440000  
U545                      AOI21D0         tcbn65gplustc_ccs
                                                          2.160000  
U546                      OR2D0           tcbn65gplustc_ccs
                                                          2.160000  
U547                      AO22D0          tcbn65gplustc_ccs
                                                          2.880000  
U548                      AOI22D0         tcbn65gplustc_ccs
                                                          2.520000  
U549                      AOI22D0         tcbn65gplustc_ccs
                                                          2.520000  
U550                      NR2D0           tcbn65gplustc_ccs
                                                          1.440000  
U551                      XNR4D0          tcbn65gplustc_ccs
                                                          9.000000  
U552                      OAI21D0         tcbn65gplustc_ccs
                                                          2.160000  
U553                      OAI31D0         tcbn65gplustc_ccs
                                                          2.520000  
U554                      CKND2D0         tcbn65gplustc_ccs
                                                          1.440000  
U555                      CKND2D0         tcbn65gplustc_ccs
                                                          1.440000  
U556                      INVD0           tcbn65gplustc_ccs
                                                          1.080000  
U557                      MAOI222D0       tcbn65gplustc_ccs
                                                          2.880000  
U558                      INVD0           tcbn65gplustc_ccs
                                                          1.080000  
U559                      MAOI222D0       tcbn65gplustc_ccs
                                                          2.880000  
U560                      INVD0           tcbn65gplustc_ccs
                                                          1.080000  
U561                      MAOI222D0       tcbn65gplustc_ccs
                                                          2.880000  
U562                      INVD0           tcbn65gplustc_ccs
                                                          1.080000  
U563                      MAOI222D0       tcbn65gplustc_ccs
                                                          2.880000  
U564                      INVD0           tcbn65gplustc_ccs
                                                          1.080000  
U565                      MAOI222D0       tcbn65gplustc_ccs
                                                          2.880000  
U566                      INVD0           tcbn65gplustc_ccs
                                                          1.080000  
U567                      MAOI222D0       tcbn65gplustc_ccs
                                                          2.880000  
U568                      INVD0           tcbn65gplustc_ccs
                                                          1.080000  
U569                      AOI21D0         tcbn65gplustc_ccs
                                                          2.160000  
U570                      OR2D0           tcbn65gplustc_ccs
                                                          2.160000  
U571                      AO22D0          tcbn65gplustc_ccs
                                                          2.880000  
U572                      AOI22D0         tcbn65gplustc_ccs
                                                          2.520000  
U573                      OAI21D0         tcbn65gplustc_ccs
                                                          2.160000  
U574                      AOI22D0         tcbn65gplustc_ccs
                                                          2.520000  
U575                      OAI21D0         tcbn65gplustc_ccs
                                                          2.160000  
U576                      AOI22D0         tcbn65gplustc_ccs
                                                          2.520000  
U577                      OAI21D0         tcbn65gplustc_ccs
                                                          2.160000  
U578                      AOI22D0         tcbn65gplustc_ccs
                                                          2.520000  
U579                      OAI21D0         tcbn65gplustc_ccs
                                                          2.160000  
U580                      OAI221D0        tcbn65gplustc_ccs
                                                          2.880000  
U581                      CKND2D0         tcbn65gplustc_ccs
                                                          1.440000  
U582                      CKND2D0         tcbn65gplustc_ccs
                                                          1.440000  
U583                      AOI22D0         tcbn65gplustc_ccs
                                                          2.520000  
U584                      AOI221D0        tcbn65gplustc_ccs
                                                          2.880000  
U585                      NR2D0           tcbn65gplustc_ccs
                                                          1.440000  
U586                      NR2D0           tcbn65gplustc_ccs
                                                          1.440000  
U587                      INVD0           tcbn65gplustc_ccs
                                                          1.080000  
U588                      AOI22D0         tcbn65gplustc_ccs
                                                          2.520000  
U589                      AOI221D0        tcbn65gplustc_ccs
                                                          2.880000  
U590                      NR2D0           tcbn65gplustc_ccs
                                                          1.440000  
U591                      INVD0           tcbn65gplustc_ccs
                                                          1.080000  
U592                      AOI22D0         tcbn65gplustc_ccs
                                                          2.520000  
U593                      OAI21D0         tcbn65gplustc_ccs
                                                          2.160000  
U594                      AOI22D0         tcbn65gplustc_ccs
                                                          2.520000  
U595                      OAI21D0         tcbn65gplustc_ccs
                                                          2.160000  
U596                      CKND2D0         tcbn65gplustc_ccs
                                                          1.440000  
U597                      AOI22D0         tcbn65gplustc_ccs
                                                          2.520000  
U598                      OAI21D0         tcbn65gplustc_ccs
                                                          2.160000  
U599                      AOI22D0         tcbn65gplustc_ccs
                                                          2.520000  
U600                      OAI21D0         tcbn65gplustc_ccs
                                                          2.160000  
U601                      FA1D0           tcbn65gplustc_ccs
                                                          9.000000  r
U602                      INVD0           tcbn65gplustc_ccs
                                                          1.080000  
U603                      FA1D0           tcbn65gplustc_ccs
                                                          9.000000  r
U604                      INVD0           tcbn65gplustc_ccs
                                                          1.080000  
U605                      OAI22D0         tcbn65gplustc_ccs
                                                          2.520000  
U606                      OAI221D0        tcbn65gplustc_ccs
                                                          2.880000  
U607                      CKND2D0         tcbn65gplustc_ccs
                                                          1.440000  
U608                      OAI22D0         tcbn65gplustc_ccs
                                                          2.520000  
U609                      CKND2D0         tcbn65gplustc_ccs
                                                          1.440000  
U610                      AOI22D0         tcbn65gplustc_ccs
                                                          2.520000  
U611                      AOI221D0        tcbn65gplustc_ccs
                                                          2.880000  
U612                      AOI22D0         tcbn65gplustc_ccs
                                                          2.520000  
U613                      AOI221D0        tcbn65gplustc_ccs
                                                          2.880000  
U614                      INVD0           tcbn65gplustc_ccs
                                                          1.080000  
U615                      AOI22D0         tcbn65gplustc_ccs
                                                          2.520000  
U616                      AOI221D0        tcbn65gplustc_ccs
                                                          2.880000  
U617                      AOI22D0         tcbn65gplustc_ccs
                                                          2.520000  
U618                      AOI221D0        tcbn65gplustc_ccs
                                                          2.880000  
U619                      INVD0           tcbn65gplustc_ccs
                                                          1.080000  
U620                      INR2D0          tcbn65gplustc_ccs
                                                          2.160000  
U621                      AOI221D0        tcbn65gplustc_ccs
                                                          2.880000  
U622                      AOI22D0         tcbn65gplustc_ccs
                                                          2.520000  
U623                      AOI221D0        tcbn65gplustc_ccs
                                                          2.880000  
U624                      AOI22D0         tcbn65gplustc_ccs
                                                          2.520000  
U625                      AOI221D0        tcbn65gplustc_ccs
                                                          2.880000  
U626                      INVD0           tcbn65gplustc_ccs
                                                          1.080000  
U627                      INR2D0          tcbn65gplustc_ccs
                                                          2.160000  
U628                      AOI221D0        tcbn65gplustc_ccs
                                                          2.880000  
U629                      AOI22D0         tcbn65gplustc_ccs
                                                          2.520000  
U630                      AOI221D0        tcbn65gplustc_ccs
                                                          2.880000  
U631                      AOI22D0         tcbn65gplustc_ccs
                                                          2.520000  
U632                      AOI221D0        tcbn65gplustc_ccs
                                                          2.880000  
U633                      INVD0           tcbn65gplustc_ccs
                                                          1.080000  
U634                      FA1D0           tcbn65gplustc_ccs
                                                          9.000000  r
U635                      INVD0           tcbn65gplustc_ccs
                                                          1.080000  
U636                      FA1D0           tcbn65gplustc_ccs
                                                          9.000000  r
U637                      INVD0           tcbn65gplustc_ccs
                                                          1.080000  
U638                      FA1D0           tcbn65gplustc_ccs
                                                          9.000000  r
U639                      INVD0           tcbn65gplustc_ccs
                                                          1.080000  
U640                      FA1D0           tcbn65gplustc_ccs
                                                          9.000000  r
U641                      INVD0           tcbn65gplustc_ccs
                                                          1.080000  
U642                      INVD0           tcbn65gplustc_ccs
                                                          1.080000  
U643                      OAI21D0         tcbn65gplustc_ccs
                                                          2.160000  
U644                      OAI21D0         tcbn65gplustc_ccs
                                                          2.160000  
U645                      NR2D0           tcbn65gplustc_ccs
                                                          1.440000  
U646                      OAI21D0         tcbn65gplustc_ccs
                                                          2.160000  
U647                      OAI31D0         tcbn65gplustc_ccs
                                                          2.520000  
U648                      AOI22D0         tcbn65gplustc_ccs
                                                          2.520000  
U649                      AOI22D0         tcbn65gplustc_ccs
                                                          2.520000  
U650                      CKND2D0         tcbn65gplustc_ccs
                                                          1.440000  
U651                      OAI21D0         tcbn65gplustc_ccs
                                                          2.160000  
U652                      AOI22D0         tcbn65gplustc_ccs
                                                          2.520000  
U653                      AOI22D0         tcbn65gplustc_ccs
                                                          2.520000  
U654                      CKND2D0         tcbn65gplustc_ccs
                                                          1.440000  
U655                      OAI21D0         tcbn65gplustc_ccs
                                                          2.160000  
U656                      AOI22D0         tcbn65gplustc_ccs
                                                          2.520000  
U657                      AOI221D0        tcbn65gplustc_ccs
                                                          2.880000  
U658                      INVD0           tcbn65gplustc_ccs
                                                          1.080000  
U659                      AOI211D0        tcbn65gplustc_ccs
                                                          2.520000  
U660                      NR2D0           tcbn65gplustc_ccs
                                                          1.440000  
U661                      AOI22D0         tcbn65gplustc_ccs
                                                          2.520000  
U662                      AOI221D0        tcbn65gplustc_ccs
                                                          2.880000  
U663                      INVD0           tcbn65gplustc_ccs
                                                          1.080000  
U664                      AOI211D0        tcbn65gplustc_ccs
                                                          2.520000  
U665                      NR2D0           tcbn65gplustc_ccs
                                                          1.440000  
U666                      AOI22D0         tcbn65gplustc_ccs
                                                          2.520000  
U667                      AOI221D0        tcbn65gplustc_ccs
                                                          2.880000  
U668                      NR2D0           tcbn65gplustc_ccs
                                                          1.440000  
U669                      AOI22D0         tcbn65gplustc_ccs
                                                          2.520000  
U670                      AOI221D0        tcbn65gplustc_ccs
                                                          2.880000  
U671                      NR2D0           tcbn65gplustc_ccs
                                                          1.440000  
U672                      OAI21D0         tcbn65gplustc_ccs
                                                          2.160000  
U673                      OAI21D0         tcbn65gplustc_ccs
                                                          2.160000  
U674                      AOI22D0         tcbn65gplustc_ccs
                                                          2.520000  
U675                      AOI221D0        tcbn65gplustc_ccs
                                                          2.880000  
U676                      INVD0           tcbn65gplustc_ccs
                                                          1.080000  
U677                      INVD0           tcbn65gplustc_ccs
                                                          1.080000  
U678                      INVD0           tcbn65gplustc_ccs
                                                          1.080000  
U679                      NR2D0           tcbn65gplustc_ccs
                                                          1.440000  
U680                      AOI221D0        tcbn65gplustc_ccs
                                                          2.880000  
U681                      INVD0           tcbn65gplustc_ccs
                                                          1.080000  
U682                      INVD0           tcbn65gplustc_ccs
                                                          1.080000  
U683                      INVD0           tcbn65gplustc_ccs
                                                          1.080000  
U684                      NR2D0           tcbn65gplustc_ccs
                                                          1.440000  
U685                      AOI221D0        tcbn65gplustc_ccs
                                                          2.880000  
U686                      INVD0           tcbn65gplustc_ccs
                                                          1.080000  
U687                      AOI22D0         tcbn65gplustc_ccs
                                                          2.520000  
U688                      AOI221D0        tcbn65gplustc_ccs
                                                          2.880000  
U689                      NR2D0           tcbn65gplustc_ccs
                                                          1.440000  
U690                      AOI221D0        tcbn65gplustc_ccs
                                                          2.880000  
U691                      NR2D0           tcbn65gplustc_ccs
                                                          1.440000  
U692                      AOI221D0        tcbn65gplustc_ccs
                                                          2.880000  
U693                      INVD0           tcbn65gplustc_ccs
                                                          1.080000  
U694                      CKND2D0         tcbn65gplustc_ccs
                                                          1.440000  
U695                      OAI221D0        tcbn65gplustc_ccs
                                                          2.880000  
U696                      INVD0           tcbn65gplustc_ccs
                                                          1.080000  
U697                      CKND2D0         tcbn65gplustc_ccs
                                                          1.440000  
U698                      OAI221D0        tcbn65gplustc_ccs
                                                          2.880000  
U699                      INVD0           tcbn65gplustc_ccs
                                                          1.080000  
U700                      NR2D0           tcbn65gplustc_ccs
                                                          1.440000  
U701                      CKND2D0         tcbn65gplustc_ccs
                                                          1.440000  
U702                      OAI21D0         tcbn65gplustc_ccs
                                                          2.160000  
U703                      OAI31D0         tcbn65gplustc_ccs
                                                          2.520000  
U704                      OAI22D0         tcbn65gplustc_ccs
                                                          2.520000  
U705                      AOI22D0         tcbn65gplustc_ccs
                                                          2.520000  
U706                      AOI221D0        tcbn65gplustc_ccs
                                                          2.880000  
U707                      INVD0           tcbn65gplustc_ccs
                                                          1.080000  
U708                      AOI211D0        tcbn65gplustc_ccs
                                                          2.520000  
U709                      NR2D0           tcbn65gplustc_ccs
                                                          1.440000  
U710                      AOI22D0         tcbn65gplustc_ccs
                                                          2.520000  
U711                      AOI221D0        tcbn65gplustc_ccs
                                                          2.880000  
U712                      AOI211D0        tcbn65gplustc_ccs
                                                          2.520000  
U713                      NR2D0           tcbn65gplustc_ccs
                                                          1.440000  
U714                      CKND2D0         tcbn65gplustc_ccs
                                                          1.440000  
U715                      OAI221D0        tcbn65gplustc_ccs
                                                          2.880000  
U716                      INVD0           tcbn65gplustc_ccs
                                                          1.080000  
U717                      CKND2D0         tcbn65gplustc_ccs
                                                          1.440000  
U718                      OAI221D0        tcbn65gplustc_ccs
                                                          2.880000  
U719                      INVD0           tcbn65gplustc_ccs
                                                          1.080000  
U720                      NR2D0           tcbn65gplustc_ccs
                                                          1.440000  
U721                      CKND2D0         tcbn65gplustc_ccs
                                                          1.440000  
U722                      OR2D0           tcbn65gplustc_ccs
                                                          2.160000  
U723                      NR2D0           tcbn65gplustc_ccs
                                                          1.440000  
U724                      AO21D0          tcbn65gplustc_ccs
                                                          2.520000  
U725                      OAI22D0         tcbn65gplustc_ccs
                                                          2.520000  
U726                      FA1D0           tcbn65gplustc_ccs
                                                          9.000000  r
U727                      INVD0           tcbn65gplustc_ccs
                                                          1.080000  
U728                      FA1D0           tcbn65gplustc_ccs
                                                          9.000000  r
U729                      INVD0           tcbn65gplustc_ccs
                                                          1.080000  
U730                      NR2D0           tcbn65gplustc_ccs
                                                          1.440000  
U731                      OAI21D0         tcbn65gplustc_ccs
                                                          2.160000  
U732                      OAI31D0         tcbn65gplustc_ccs
                                                          2.520000  
U733                      OAI21D0         tcbn65gplustc_ccs
                                                          2.160000  
U734                      OAI21D0         tcbn65gplustc_ccs
                                                          2.160000  
U735                      AOI22D0         tcbn65gplustc_ccs
                                                          2.520000  
U736                      AOI221D0        tcbn65gplustc_ccs
                                                          2.880000  
U737                      AOI22D0         tcbn65gplustc_ccs
                                                          2.520000  
U738                      AOI221D0        tcbn65gplustc_ccs
                                                          2.880000  
U739                      NR2D0           tcbn65gplustc_ccs
                                                          1.440000  
U740                      AOI221D0        tcbn65gplustc_ccs
                                                          2.880000  
U741                      INVD0           tcbn65gplustc_ccs
                                                          1.080000  
U742                      AOI22D0         tcbn65gplustc_ccs
                                                          2.520000  
U743                      AOI221D0        tcbn65gplustc_ccs
                                                          2.880000  
U744                      AOI22D0         tcbn65gplustc_ccs
                                                          2.520000  
U745                      AOI221D0        tcbn65gplustc_ccs
                                                          2.880000  
U746                      NR2D0           tcbn65gplustc_ccs
                                                          1.440000  
U747                      AOI221D0        tcbn65gplustc_ccs
                                                          2.880000  
U748                      INVD0           tcbn65gplustc_ccs
                                                          1.080000  
U749                      BUFFD0          tcbn65gplustc_ccs
                                                          1.440000  
U750                      CKND2D0         tcbn65gplustc_ccs
                                                          1.440000  
U751                      INVD0           tcbn65gplustc_ccs
                                                          1.080000  
U752                      INVD0           tcbn65gplustc_ccs
                                                          1.080000  
U753                      INVD0           tcbn65gplustc_ccs
                                                          1.080000  
U754                      INR2D0          tcbn65gplustc_ccs
                                                          2.160000  
U755                      INVD0           tcbn65gplustc_ccs
                                                          1.080000  
U756                      MAOI222D0       tcbn65gplustc_ccs
                                                          2.880000  
U757                      INVD0           tcbn65gplustc_ccs
                                                          1.080000  
U758                      MAOI222D0       tcbn65gplustc_ccs
                                                          2.880000  
U759                      INVD0           tcbn65gplustc_ccs
                                                          1.080000  
U760                      MAOI222D0       tcbn65gplustc_ccs
                                                          2.880000  
U761                      MAOI222D0       tcbn65gplustc_ccs
                                                          2.880000  
U762                      INVD0           tcbn65gplustc_ccs
                                                          1.080000  
U763                      MAOI222D0       tcbn65gplustc_ccs
                                                          2.880000  
U764                      MAOI222D0       tcbn65gplustc_ccs
                                                          2.880000  
U765                      INVD0           tcbn65gplustc_ccs
                                                          1.080000  
U766                      AOI221D0        tcbn65gplustc_ccs
                                                          2.880000  
U767                      AO21D0          tcbn65gplustc_ccs
                                                          2.520000  
U768                      CKND2D0         tcbn65gplustc_ccs
                                                          1.440000  
U769                      INVD0           tcbn65gplustc_ccs
                                                          1.080000  
U770                      INVD0           tcbn65gplustc_ccs
                                                          1.080000  
U771                      INVD0           tcbn65gplustc_ccs
                                                          1.080000  
U772                      INR2D0          tcbn65gplustc_ccs
                                                          2.160000  
U773                      INVD0           tcbn65gplustc_ccs
                                                          1.080000  
U774                      MAOI222D0       tcbn65gplustc_ccs
                                                          2.880000  
U775                      INVD0           tcbn65gplustc_ccs
                                                          1.080000  
U776                      MAOI222D0       tcbn65gplustc_ccs
                                                          2.880000  
U777                      INVD0           tcbn65gplustc_ccs
                                                          1.080000  
U778                      MAOI222D0       tcbn65gplustc_ccs
                                                          2.880000  
U779                      MAOI222D0       tcbn65gplustc_ccs
                                                          2.880000  
U780                      INVD0           tcbn65gplustc_ccs
                                                          1.080000  
U781                      MAOI222D0       tcbn65gplustc_ccs
                                                          2.880000  
U782                      MAOI222D0       tcbn65gplustc_ccs
                                                          2.880000  
U783                      INVD0           tcbn65gplustc_ccs
                                                          1.080000  
U784                      AOI221D0        tcbn65gplustc_ccs
                                                          2.880000  
U785                      AO21D0          tcbn65gplustc_ccs
                                                          2.520000  
U786                      AOI22D0         tcbn65gplustc_ccs
                                                          2.520000  
U787                      AOI221D0        tcbn65gplustc_ccs
                                                          2.880000  
U788                      AOI211D0        tcbn65gplustc_ccs
                                                          2.520000  
U789                      NR2D0           tcbn65gplustc_ccs
                                                          1.440000  
U790                      CKND2D0         tcbn65gplustc_ccs
                                                          1.440000  
U791                      CKND2D0         tcbn65gplustc_ccs
                                                          1.440000  
U792                      NR2D0           tcbn65gplustc_ccs
                                                          1.440000  
U793                      AOI221D0        tcbn65gplustc_ccs
                                                          2.880000  
U794                      NR2D0           tcbn65gplustc_ccs
                                                          1.440000  
U795                      AOI221D0        tcbn65gplustc_ccs
                                                          2.880000  
U796                      FA1D0           tcbn65gplustc_ccs
                                                          9.000000  r
U797                      AOI221D0        tcbn65gplustc_ccs
                                                          2.880000  
U798                      CKND2D0         tcbn65gplustc_ccs
                                                          1.440000  
U799                      NR2D0           tcbn65gplustc_ccs
                                                          1.440000  
U800                      NR2D0           tcbn65gplustc_ccs
                                                          1.440000  
U801                      XOR2D0          tcbn65gplustc_ccs
                                                          3.600000  
U802                      MAOI222D0       tcbn65gplustc_ccs
                                                          2.880000  
U803                      AOI21D0         tcbn65gplustc_ccs
                                                          2.160000  
U804                      MAOI222D0       tcbn65gplustc_ccs
                                                          2.880000  
U805                      INVD0           tcbn65gplustc_ccs
                                                          1.080000  
U806                      MAOI222D0       tcbn65gplustc_ccs
                                                          2.880000  
U807                      INVD0           tcbn65gplustc_ccs
                                                          1.080000  
U808                      MAOI222D0       tcbn65gplustc_ccs
                                                          2.880000  
U809                      INVD0           tcbn65gplustc_ccs
                                                          1.080000  
U810                      MAOI222D0       tcbn65gplustc_ccs
                                                          2.880000  
U811                      INVD0           tcbn65gplustc_ccs
                                                          1.080000  
U812                      FA1D0           tcbn65gplustc_ccs
                                                          9.000000  r
U813                      INVD0           tcbn65gplustc_ccs
                                                          1.080000  
U814                      AOI22D0         tcbn65gplustc_ccs
                                                          2.520000  
U815                      AOI221D0        tcbn65gplustc_ccs
                                                          2.880000  
U816                      AOI211D0        tcbn65gplustc_ccs
                                                          2.520000  
U817                      NR2D0           tcbn65gplustc_ccs
                                                          1.440000  
U818                      AOI21D0         tcbn65gplustc_ccs
                                                          2.160000  
U819                      AOI21D0         tcbn65gplustc_ccs
                                                          2.160000  
U820                      NR2D0           tcbn65gplustc_ccs
                                                          1.440000  
U821                      AOI221D0        tcbn65gplustc_ccs
                                                          2.880000  
U822                      NR2D0           tcbn65gplustc_ccs
                                                          1.440000  
U823                      AOI221D0        tcbn65gplustc_ccs
                                                          2.880000  
U824                      NR2D0           tcbn65gplustc_ccs
                                                          1.440000  
U825                      AOI22D0         tcbn65gplustc_ccs
                                                          2.520000  
U826                      FA1D0           tcbn65gplustc_ccs
                                                          9.000000  r
U827                      AO21D0          tcbn65gplustc_ccs
                                                          2.520000  
U828                      NR2D0           tcbn65gplustc_ccs
                                                          1.440000  
U829                      NR2D0           tcbn65gplustc_ccs
                                                          1.440000  
U830                      XOR2D0          tcbn65gplustc_ccs
                                                          3.600000  
U831                      MAOI222D0       tcbn65gplustc_ccs
                                                          2.880000  
U832                      MAOI222D0       tcbn65gplustc_ccs
                                                          2.880000  
U833                      INVD0           tcbn65gplustc_ccs
                                                          1.080000  
U834                      MAOI222D0       tcbn65gplustc_ccs
                                                          2.880000  
U835                      INVD0           tcbn65gplustc_ccs
                                                          1.080000  
U836                      MAOI222D0       tcbn65gplustc_ccs
                                                          2.880000  
U837                      INVD0           tcbn65gplustc_ccs
                                                          1.080000  
U838                      MAOI222D0       tcbn65gplustc_ccs
                                                          2.880000  
U839                      INVD0           tcbn65gplustc_ccs
                                                          1.080000  
U840                      FA1D0           tcbn65gplustc_ccs
                                                          9.000000  r
U841                      INVD0           tcbn65gplustc_ccs
                                                          1.080000  
U842                      BUFFD0          tcbn65gplustc_ccs
                                                          1.440000  
U843                      BUFFD0          tcbn65gplustc_ccs
                                                          1.440000  
U844                      BUFFD0          tcbn65gplustc_ccs
                                                          1.440000  
U845                      BUFFD0          tcbn65gplustc_ccs
                                                          1.440000  
U846                      BUFFD0          tcbn65gplustc_ccs
                                                          1.440000  
U847                      BUFFD0          tcbn65gplustc_ccs
                                                          1.440000  
U848                      BUFFD0          tcbn65gplustc_ccs
                                                          1.440000  
U849                      BUFFD0          tcbn65gplustc_ccs
                                                          1.440000  
U850                      BUFFD0          tcbn65gplustc_ccs
                                                          1.440000  
U851                      BUFFD0          tcbn65gplustc_ccs
                                                          1.440000  
U852                      MOAI22D0        tcbn65gplustc_ccs
                                                          2.880000  
U853                      INVD0           tcbn65gplustc_ccs
                                                          1.080000  
U854                      BUFFD0          tcbn65gplustc_ccs
                                                          1.440000  
U855                      BUFFD0          tcbn65gplustc_ccs
                                                          1.440000  
U856                      MUX3D0          tcbn65gplustc_ccs
                                                          5.760000  
U857                      MOAI22D0        tcbn65gplustc_ccs
                                                          2.880000  
U858                      INVD0           tcbn65gplustc_ccs
                                                          1.080000  
U859                      BUFFD0          tcbn65gplustc_ccs
                                                          1.440000  
U860                      MUX3D0          tcbn65gplustc_ccs
                                                          5.760000  
U861                      BUFFD0          tcbn65gplustc_ccs
                                                          1.440000  
U862                      MUX3D0          tcbn65gplustc_ccs
                                                          5.760000  
U863                      BUFFD0          tcbn65gplustc_ccs
                                                          1.440000  
U864                      MUX3D0          tcbn65gplustc_ccs
                                                          5.760000  
U865                      MUX2ND0         tcbn65gplustc_ccs
                                                          2.880000  
U866                      INVD0           tcbn65gplustc_ccs
                                                          1.080000  
U867                      MUX3D0          tcbn65gplustc_ccs
                                                          5.760000  
U868                      MUX2ND0         tcbn65gplustc_ccs
                                                          2.880000  
U869                      INVD0           tcbn65gplustc_ccs
                                                          1.080000  
U870                      BUFFD0          tcbn65gplustc_ccs
                                                          1.440000  
U871                      MUX3D0          tcbn65gplustc_ccs
                                                          5.760000  
U872                      BUFFD0          tcbn65gplustc_ccs
                                                          1.440000  
U873                      MUX3D0          tcbn65gplustc_ccs
                                                          5.760000  
U874                      MUX3D0          tcbn65gplustc_ccs
                                                          5.760000  
U875                      MOAI22D0        tcbn65gplustc_ccs
                                                          2.880000  
U876                      INVD0           tcbn65gplustc_ccs
                                                          1.080000  
U877                      MUX3D0          tcbn65gplustc_ccs
                                                          5.760000  
U878                      MOAI22D0        tcbn65gplustc_ccs
                                                          2.880000  
U879                      INVD0           tcbn65gplustc_ccs
                                                          1.080000  
U880                      MUX3D0          tcbn65gplustc_ccs
                                                          5.760000  
U881                      MUX3D0          tcbn65gplustc_ccs
                                                          5.760000  
U882                      MUX3D0          tcbn65gplustc_ccs
                                                          5.760000  
U883                      MUX2ND0         tcbn65gplustc_ccs
                                                          2.880000  
U884                      INVD0           tcbn65gplustc_ccs
                                                          1.080000  
U885                      MUX3D0          tcbn65gplustc_ccs
                                                          5.760000  
U886                      MUX2ND0         tcbn65gplustc_ccs
                                                          2.880000  
U887                      INVD0           tcbn65gplustc_ccs
                                                          1.080000  
U888                      MUX3D0          tcbn65gplustc_ccs
                                                          5.760000  
U889                      MUX3D0          tcbn65gplustc_ccs
                                                          5.760000  
U890                      MUX3D0          tcbn65gplustc_ccs
                                                          5.760000  
U891                      MOAI22D0        tcbn65gplustc_ccs
                                                          2.880000  
U892                      INVD0           tcbn65gplustc_ccs
                                                          1.080000  
U893                      MUX3D0          tcbn65gplustc_ccs
                                                          5.760000  
U894                      MOAI22D0        tcbn65gplustc_ccs
                                                          2.880000  
U895                      INVD0           tcbn65gplustc_ccs
                                                          1.080000  
U896                      MUX3D0          tcbn65gplustc_ccs
                                                          5.760000  
U897                      MUX3D0          tcbn65gplustc_ccs
                                                          5.760000  
U898                      MUX3D0          tcbn65gplustc_ccs
                                                          5.760000  
U899                      MUX2ND0         tcbn65gplustc_ccs
                                                          2.880000  
U900                      INVD0           tcbn65gplustc_ccs
                                                          1.080000  
U901                      MUX3D0          tcbn65gplustc_ccs
                                                          5.760000  
U902                      MUX2ND0         tcbn65gplustc_ccs
                                                          2.880000  
U903                      INVD0           tcbn65gplustc_ccs
                                                          1.080000  
U904                      MUX3D0          tcbn65gplustc_ccs
                                                          5.760000  
U905                      AOI21D0         tcbn65gplustc_ccs
                                                          2.160000  
U906                      AOI21D0         tcbn65gplustc_ccs
                                                          2.160000  
U907                      AOI21D0         tcbn65gplustc_ccs
                                                          2.160000  
U908                      AOI21D0         tcbn65gplustc_ccs
                                                          2.160000  
U909                      MUX3D0          tcbn65gplustc_ccs
                                                          5.760000  
U910                      MUX3D0          tcbn65gplustc_ccs
                                                          5.760000  
U911                      AOI21D0         tcbn65gplustc_ccs
                                                          2.160000  
U912                      AOI21D0         tcbn65gplustc_ccs
                                                          2.160000  
U913                      CKND2D0         tcbn65gplustc_ccs
                                                          1.440000  
U914                      OAI211D0        tcbn65gplustc_ccs
                                                          2.520000  
U915                      IOA21D0         tcbn65gplustc_ccs
                                                          2.520000  
U916                      CKND2D0         tcbn65gplustc_ccs
                                                          1.440000  
U917                      OAI211D0        tcbn65gplustc_ccs
                                                          2.520000  
U918                      IOA21D0         tcbn65gplustc_ccs
                                                          2.520000  
U919                      CKND2D0         tcbn65gplustc_ccs
                                                          1.440000  
U920                      OAI221D0        tcbn65gplustc_ccs
                                                          2.880000  
U921                      AOI22D0         tcbn65gplustc_ccs
                                                          2.520000  
U922                      OAI221D0        tcbn65gplustc_ccs
                                                          2.880000  
U923                      CKND2D0         tcbn65gplustc_ccs
                                                          1.440000  
U924                      OAI221D0        tcbn65gplustc_ccs
                                                          2.880000  
U925                      AOI22D0         tcbn65gplustc_ccs
                                                          2.520000  
U926                      OAI221D0        tcbn65gplustc_ccs
                                                          2.880000  
U927                      AOI22D0         tcbn65gplustc_ccs
                                                          2.520000  
U928                      OAI221D0        tcbn65gplustc_ccs
                                                          2.880000  
U929                      INVD0           tcbn65gplustc_ccs
                                                          1.080000  
U930                      MAOI222D0       tcbn65gplustc_ccs
                                                          2.880000  
U931                      MAOI22D0        tcbn65gplustc_ccs
                                                          2.880000  
U932                      INVD0           tcbn65gplustc_ccs
                                                          1.080000  
U933                      MAOI222D0       tcbn65gplustc_ccs
                                                          2.880000  
U934                      MAOI22D0        tcbn65gplustc_ccs
                                                          2.880000  
done_reg                  DFCNQD1         tcbn65gplustc_ccs
                                                          7.920000  n
intadd_0_U2               FA1D0           tcbn65gplustc_ccs
                                                          9.000000  mo, r
intadd_0_U3               FA1D0           tcbn65gplustc_ccs
                                                          9.000000  mo, r
intadd_0_U4               FA1D0           tcbn65gplustc_ccs
                                                          9.000000  mo, r
intadd_0_U5               FA1D0           tcbn65gplustc_ccs
                                                          9.000000  mo, r
intadd_0_U6               FA1D0           tcbn65gplustc_ccs
                                                          9.000000  mo, r
intadd_0_U7               FA1D0           tcbn65gplustc_ccs
                                                          9.000000  mo, r
intadd_0_U8               FA1D0           tcbn65gplustc_ccs
                                                          9.000000  mo, r
intadd_1_U2               FA1D0           tcbn65gplustc_ccs
                                                          9.000000  mo, r
intadd_1_U3               FA1D0           tcbn65gplustc_ccs
                                                          9.000000  mo, r
intadd_1_U4               FA1D0           tcbn65gplustc_ccs
                                                          9.000000  mo, r
intadd_1_U5               FA1D0           tcbn65gplustc_ccs
                                                          9.000000  mo, r
intadd_1_U6               FA1D0           tcbn65gplustc_ccs
                                                          9.000000  mo, r
intadd_1_U7               FA1D0           tcbn65gplustc_ccs
                                                          9.000000  mo, r
intadd_1_U8               FA1D0           tcbn65gplustc_ccs
                                                          9.000000  mo, r
x0_out_reg_0_             DFCNQD1         tcbn65gplustc_ccs
                                                          7.920000  n
x0_out_reg_1_             DFCNQD1         tcbn65gplustc_ccs
                                                          7.920000  n
x0_out_reg_2_             DFCNQD1         tcbn65gplustc_ccs
                                                          7.920000  n
x0_out_reg_3_             DFCNQD1         tcbn65gplustc_ccs
                                                          7.920000  n
x0_out_reg_4_             DFCNQD1         tcbn65gplustc_ccs
                                                          7.920000  n
x0_out_reg_5_             DFCNQD1         tcbn65gplustc_ccs
                                                          7.920000  n
x0_out_reg_6_             DFCNQD1         tcbn65gplustc_ccs
                                                          7.920000  n
x0_out_reg_7_             DFCNQD1         tcbn65gplustc_ccs
                                                          7.920000  n
x0_out_reg_8_             DFCNQD1         tcbn65gplustc_ccs
                                                          7.920000  n
x0_out_reg_9_             DFCNQD1         tcbn65gplustc_ccs
                                                          7.920000  n
x0_out_reg_10_            DFCNQD1         tcbn65gplustc_ccs
                                                          7.920000  n
x0_out_reg_11_            DFCNQD1         tcbn65gplustc_ccs
                                                          7.920000  n
x0_out_reg_12_            DFCNQD1         tcbn65gplustc_ccs
                                                          7.920000  n
x0_out_reg_13_            DFCNQD1         tcbn65gplustc_ccs
                                                          7.920000  n
x0_out_reg_14_            DFCNQD1         tcbn65gplustc_ccs
                                                          7.920000  n
x0_out_reg_15_            DFCNQD1         tcbn65gplustc_ccs
                                                          7.920000  n
x1_out_reg_0_             DFCNQD1         tcbn65gplustc_ccs
                                                          7.920000  n
x1_out_reg_1_             DFCNQD1         tcbn65gplustc_ccs
                                                          7.920000  n
x1_out_reg_2_             DFCNQD1         tcbn65gplustc_ccs
                                                          7.920000  n
x1_out_reg_3_             DFCNQD1         tcbn65gplustc_ccs
                                                          7.920000  n
x1_out_reg_4_             DFCNQD1         tcbn65gplustc_ccs
                                                          7.920000  n
x1_out_reg_5_             DFCNQD1         tcbn65gplustc_ccs
                                                          7.920000  n
x1_out_reg_6_             DFCNQD1         tcbn65gplustc_ccs
                                                          7.920000  n
x1_out_reg_7_             DFCNQD1         tcbn65gplustc_ccs
                                                          7.920000  n
x1_out_reg_8_             DFCNQD1         tcbn65gplustc_ccs
                                                          7.920000  n
x1_out_reg_9_             DFCNQD1         tcbn65gplustc_ccs
                                                          7.920000  n
x1_out_reg_10_            DFCNQD1         tcbn65gplustc_ccs
                                                          7.920000  n
x1_out_reg_11_            DFCNQD1         tcbn65gplustc_ccs
                                                          7.920000  n
x1_out_reg_12_            DFCNQD1         tcbn65gplustc_ccs
                                                          7.920000  n
x1_out_reg_13_            DFCNQD1         tcbn65gplustc_ccs
                                                          7.920000  n
x1_out_reg_14_            DFCNQD1         tcbn65gplustc_ccs
                                                          7.920000  n
x1_out_reg_15_            DFCNQD1         tcbn65gplustc_ccs
                                                          7.920000  n
--------------------------------------------------------------------------------
Total 986 cells                                           2838.600032
1
 
****************************************
Report : port
        -verbose
Design : fft_core
Version: U-2022.12-SP7
Date   : Sat Jun 27 21:14:49 2026
****************************************


                       Pin      Wire     Max     Max     Connection
Port           Dir     Load     Load     Trans   Cap     Class      Attrs
--------------------------------------------------------------------------------
clk            in      0.0000   0.0000    0.39    0.01   --         
rstn           in      0.0000   0.0000    0.39    0.01   --         
start          in      0.0000   0.0000    0.39    0.01   --         
w[0]           in      0.0000   0.0000    0.39    0.01   --         
w[1]           in      0.0000   0.0000    0.39    0.01   --         
w[2]           in      0.0000   0.0000    0.39    0.01   --         
w[3]           in      0.0000   0.0000    0.39    0.01   --         
w[4]           in      0.0000   0.0000    0.39    0.01   --         
w[5]           in      0.0000   0.0000    0.39    0.01   --         
w[6]           in      0.0000   0.0000    0.39    0.01   --         
w[7]           in      0.0000   0.0000    0.39    0.01   --         
w[8]           in      0.0000   0.0000    0.39    0.01   --         
w[9]           in      0.0000   0.0000    0.39    0.01   --         
w[10]          in      0.0000   0.0000    0.39    0.01   --         
w[11]          in      0.0000   0.0000    0.39    0.01   --         
w[12]          in      0.0000   0.0000    0.39    0.01   --         
w[13]          in      0.0000   0.0000    0.39    0.01   --         
w[14]          in      0.0000   0.0000    0.39    0.01   --         
w[15]          in      0.0000   0.0000    0.39    0.01   --         
x0[0]          in      0.0000   0.0000    0.39    0.01   --         
x0[1]          in      0.0000   0.0000    0.39    0.01   --         
x0[2]          in      0.0000   0.0000    0.39    0.01   --         
x0[3]          in      0.0000   0.0000    0.39    0.01   --         
x0[4]          in      0.0000   0.0000    0.39    0.01   --         
x0[5]          in      0.0000   0.0000    0.39    0.01   --         
x0[6]          in      0.0000   0.0000    0.39    0.01   --         
x0[7]          in      0.0000   0.0000    0.39    0.01   --         
x0[8]          in      0.0000   0.0000    0.39    0.01   --         
x0[9]          in      0.0000   0.0000    0.39    0.01   --         
x0[10]         in      0.0000   0.0000    0.39    0.01   --         
x0[11]         in      0.0000   0.0000    0.39    0.01   --         
x0[12]         in      0.0000   0.0000    0.39    0.01   --         
x0[13]         in      0.0000   0.0000    0.39    0.01   --         
x0[14]         in      0.0000   0.0000    0.39    0.01   --         
x0[15]         in      0.0000   0.0000    0.39    0.01   --         
x1[0]          in      0.0000   0.0000    0.39    0.01   --         
x1[1]          in      0.0000   0.0000    0.39    0.01   --         
x1[2]          in      0.0000   0.0000    0.39    0.01   --         
x1[3]          in      0.0000   0.0000    0.39    0.01   --         
x1[4]          in      0.0000   0.0000    0.39    0.01   --         
x1[5]          in      0.0000   0.0000    0.39    0.01   --         
x1[6]          in      0.0000   0.0000    0.39    0.01   --         
x1[7]          in      0.0000   0.0000    0.39    0.01   --         
x1[8]          in      0.0000   0.0000    0.39    0.01   --         
x1[9]          in      0.0000   0.0000    0.39    0.01   --         
x1[10]         in      0.0000   0.0000    0.39    0.01   --         
x1[11]         in      0.0000   0.0000    0.39    0.01   --         
x1[12]         in      0.0000   0.0000    0.39    0.01   --         
x1[13]         in      0.0000   0.0000    0.39    0.01   --         
x1[14]         in      0.0000   0.0000    0.39    0.01   --         
x1[15]         in      0.0000   0.0000    0.39    0.01   --         
done           out     0.0050   0.0000   --      --      --         
x0_out[0]      out     0.0050   0.0000   --      --      --         
x0_out[1]      out     0.0050   0.0000   --      --      --         
x0_out[2]      out     0.0050   0.0000   --      --      --         
x0_out[3]      out     0.0050   0.0000   --      --      --         
x0_out[4]      out     0.0050   0.0000   --      --      --         
x0_out[5]      out     0.0050   0.0000   --      --      --         
x0_out[6]      out     0.0050   0.0000   --      --      --         
x0_out[7]      out     0.0050   0.0000   --      --      --         
x0_out[8]      out     0.0050   0.0000   --      --      --         
x0_out[9]      out     0.0050   0.0000   --      --      --         
x0_out[10]     out     0.0050   0.0000   --      --      --         
x0_out[11]     out     0.0050   0.0000   --      --      --         
x0_out[12]     out     0.0050   0.0000   --      --      --         
x0_out[13]     out     0.0050   0.0000   --      --      --         
x0_out[14]     out     0.0050   0.0000   --      --      --         
x0_out[15]     out     0.0050   0.0000   --      --      --         
x1_out[0]      out     0.0050   0.0000   --      --      --         
x1_out[1]      out     0.0050   0.0000   --      --      --         
x1_out[2]      out     0.0050   0.0000   --      --      --         
x1_out[3]      out     0.0050   0.0000   --      --      --         
x1_out[4]      out     0.0050   0.0000   --      --      --         
x1_out[5]      out     0.0050   0.0000   --      --      --         
x1_out[6]      out     0.0050   0.0000   --      --      --         
x1_out[7]      out     0.0050   0.0000   --      --      --         
x1_out[8]      out     0.0050   0.0000   --      --      --         
x1_out[9]      out     0.0050   0.0000   --      --      --         
x1_out[10]     out     0.0050   0.0000   --      --      --         
x1_out[11]     out     0.0050   0.0000   --      --      --         
x1_out[12]     out     0.0050   0.0000   --      --      --         
x1_out[13]     out     0.0050   0.0000   --      --      --         
x1_out[14]     out     0.0050   0.0000   --      --      --         
x1_out[15]     out     0.0050   0.0000   --      --      --         


              External  Max             Min                Min       Min
              Number    Wireload        Wireload           Pin       Wire
Port          Points    Model           Model              Load      Load
--------------------------------------------------------------------------------
clk                1      --              --              --        -- 
rstn               1      --              --              --        -- 
start              1      --              --              --        -- 
w[0]               1      --              --              --        -- 
w[1]               1      --              --              --        -- 
w[2]               1      --              --              --        -- 
w[3]               1      --              --              --        -- 
w[4]               1      --              --              --        -- 
w[5]               1      --              --              --        -- 
w[6]               1      --              --              --        -- 
w[7]               1      --              --              --        -- 
w[8]               1      --              --              --        -- 
w[9]               1      --              --              --        -- 
w[10]              1      --              --              --        -- 
w[11]              1      --              --              --        -- 
w[12]              1      --              --              --        -- 
w[13]              1      --              --              --        -- 
w[14]              1      --              --              --        -- 
w[15]              1      --              --              --        -- 
x0[0]              1      --              --              --        -- 
x0[1]              1      --              --              --        -- 
x0[2]              1      --              --              --        -- 
x0[3]              1      --              --              --        -- 
x0[4]              1      --              --              --        -- 
x0[5]              1      --              --              --        -- 
x0[6]              1      --              --              --        -- 
x0[7]              1      --              --              --        -- 
x0[8]              1      --              --              --        -- 
x0[9]              1      --              --              --        -- 
x0[10]             1      --              --              --        -- 
x0[11]             1      --              --              --        -- 
x0[12]             1      --              --              --        -- 
x0[13]             1      --              --              --        -- 
x0[14]             1      --              --              --        -- 
x0[15]             1      --              --              --        -- 
x1[0]              1      --              --              --        -- 
x1[1]              1      --              --              --        -- 
x1[2]              1      --              --              --        -- 
x1[3]              1      --              --              --        -- 
x1[4]              1      --              --              --        -- 
x1[5]              1      --              --              --        -- 
x1[6]              1      --              --              --        -- 
x1[7]              1      --              --              --        -- 
x1[8]              1      --              --              --        -- 
x1[9]              1      --              --              --        -- 
x1[10]             1      --              --              --        -- 
x1[11]             1      --              --              --        -- 
x1[12]             1      --              --              --        -- 
x1[13]             1      --              --              --        -- 
x1[14]             1      --              --              --        -- 
x1[15]             1      --              --              --        -- 
done               1      --              --              --        -- 
x0_out[0]          1      --              --              --        -- 
x0_out[1]          1      --              --              --        -- 
x0_out[2]          1      --              --              --        -- 
x0_out[3]          1      --              --              --        -- 
x0_out[4]          1      --              --              --        -- 
x0_out[5]          1      --              --              --        -- 
x0_out[6]          1      --              --              --        -- 
x0_out[7]          1      --              --              --        -- 
x0_out[8]          1      --              --              --        -- 
x0_out[9]          1      --              --              --        -- 
x0_out[10]         1      --              --              --        -- 
x0_out[11]         1      --              --              --        -- 
x0_out[12]         1      --              --              --        -- 
x0_out[13]         1      --              --              --        -- 
x0_out[14]         1      --              --              --        -- 
x0_out[15]         1      --              --              --        -- 
x1_out[0]          1      --              --              --        -- 
x1_out[1]          1      --              --              --        -- 
x1_out[2]          1      --              --              --        -- 
x1_out[3]          1      --              --              --        -- 
x1_out[4]          1      --              --              --        -- 
x1_out[5]          1      --              --              --        -- 
x1_out[6]          1      --              --              --        -- 
x1_out[7]          1      --              --              --        -- 
x1_out[8]          1      --              --              --        -- 
x1_out[9]          1      --              --              --        -- 
x1_out[10]         1      --              --              --        -- 
x1_out[11]         1      --              --              --        -- 
x1_out[12]         1      --              --              --        -- 
x1_out[13]         1      --              --              --        -- 
x1_out[14]         1      --              --              --        -- 
x1_out[15]         1      --              --              --        -- 

                    Input Delay
                  Min             Max       Related   Max
Input Port    Rise    Fall    Rise    Fall   Clock  Fanout
--------------------------------------------------------------------------------
clk           --      --      --      --      --      4.00
rstn          0.10    0.10    0.10    0.10  clk       4.00  
start         0.10    0.10    0.10    0.10  clk       4.00  
w[0]          0.10    0.10    0.10    0.10  clk       4.00  
w[1]          0.10    0.10    0.10    0.10  clk       4.00  
w[2]          0.10    0.10    0.10    0.10  clk       4.00  
w[3]          0.10    0.10    0.10    0.10  clk       4.00  
w[4]          0.10    0.10    0.10    0.10  clk       4.00  
w[5]          0.10    0.10    0.10    0.10  clk       4.00  
w[6]          0.10    0.10    0.10    0.10  clk       4.00  
w[7]          0.10    0.10    0.10    0.10  clk       4.00  
w[8]          0.10    0.10    0.10    0.10  clk       4.00  
w[9]          0.10    0.10    0.10    0.10  clk       4.00  
w[10]         0.10    0.10    0.10    0.10  clk       4.00  
w[11]         0.10    0.10    0.10    0.10  clk       4.00  
w[12]         0.10    0.10    0.10    0.10  clk       4.00  
w[13]         0.10    0.10    0.10    0.10  clk       4.00  
w[14]         0.10    0.10    0.10    0.10  clk       4.00  
w[15]         0.10    0.10    0.10    0.10  clk       4.00  
x0[0]         0.10    0.10    0.10    0.10  clk       4.00  
x0[1]         0.10    0.10    0.10    0.10  clk       4.00  
x0[2]         0.10    0.10    0.10    0.10  clk       4.00  
x0[3]         0.10    0.10    0.10    0.10  clk       4.00  
x0[4]         0.10    0.10    0.10    0.10  clk       4.00  
x0[5]         0.10    0.10    0.10    0.10  clk       4.00  
x0[6]         0.10    0.10    0.10    0.10  clk       4.00  
x0[7]         0.10    0.10    0.10    0.10  clk       4.00  
x0[8]         0.10    0.10    0.10    0.10  clk       4.00  
x0[9]         0.10    0.10    0.10    0.10  clk       4.00  
x0[10]        0.10    0.10    0.10    0.10  clk       4.00  
x0[11]        0.10    0.10    0.10    0.10  clk       4.00  
x0[12]        0.10    0.10    0.10    0.10  clk       4.00  
x0[13]        0.10    0.10    0.10    0.10  clk       4.00  
x0[14]        0.10    0.10    0.10    0.10  clk       4.00  
x0[15]        0.10    0.10    0.10    0.10  clk       4.00  
x1[0]         0.10    0.10    0.10    0.10  clk       4.00  
x1[1]         0.10    0.10    0.10    0.10  clk       4.00  
x1[2]         0.10    0.10    0.10    0.10  clk       4.00  
x1[3]         0.10    0.10    0.10    0.10  clk       4.00  
x1[4]         0.10    0.10    0.10    0.10  clk       4.00  
x1[5]         0.10    0.10    0.10    0.10  clk       4.00  
x1[6]         0.10    0.10    0.10    0.10  clk       4.00  
x1[7]         0.10    0.10    0.10    0.10  clk       4.00  
x1[8]         0.10    0.10    0.10    0.10  clk       4.00  
x1[9]         0.10    0.10    0.10    0.10  clk       4.00  
x1[10]        0.10    0.10    0.10    0.10  clk       4.00  
x1[11]        0.10    0.10    0.10    0.10  clk       4.00  
x1[12]        0.10    0.10    0.10    0.10  clk       4.00  
x1[13]        0.10    0.10    0.10    0.10  clk       4.00  
x1[14]        0.10    0.10    0.10    0.10  clk       4.00  
x1[15]        0.10    0.10    0.10    0.10  clk       4.00  


                    Driving Cell
Input Port   Rise(min/max)      Fall(min/max)      Mult(min/max)  Attrs(min/max)
--------------------------------------------------------------------------------
clk          INVD0              INVD0                -- /  --     
rstn         INVD0              INVD0                -- /  --     
start        INVD0              INVD0                -- /  --     
w[0]         INVD0              INVD0                -- /  --     
w[1]         INVD0              INVD0                -- /  --     
w[2]         INVD0              INVD0                -- /  --     
w[3]         INVD0              INVD0                -- /  --     
w[4]         INVD0              INVD0                -- /  --     
w[5]         INVD0              INVD0                -- /  --     
w[6]         INVD0              INVD0                -- /  --     
w[7]         INVD0              INVD0                -- /  --     
w[8]         INVD0              INVD0                -- /  --     
w[9]         INVD0              INVD0                -- /  --     
w[10]        INVD0              INVD0                -- /  --     
w[11]        INVD0              INVD0                -- /  --     
w[12]        INVD0              INVD0                -- /  --     
w[13]        INVD0              INVD0                -- /  --     
w[14]        INVD0              INVD0                -- /  --     
w[15]        INVD0              INVD0                -- /  --     
x0[0]        INVD0              INVD0                -- /  --     
x0[1]        INVD0              INVD0                -- /  --     
x0[2]        INVD0              INVD0                -- /  --     
x0[3]        INVD0              INVD0                -- /  --     
x0[4]        INVD0              INVD0                -- /  --     
x0[5]        INVD0              INVD0                -- /  --     
x0[6]        INVD0              INVD0                -- /  --     
x0[7]        INVD0              INVD0                -- /  --     
x0[8]        INVD0              INVD0                -- /  --     
x0[9]        INVD0              INVD0                -- /  --     
x0[10]       INVD0              INVD0                -- /  --     
x0[11]       INVD0              INVD0                -- /  --     
x0[12]       INVD0              INVD0                -- /  --     
x0[13]       INVD0              INVD0                -- /  --     
x0[14]       INVD0              INVD0                -- /  --     
x0[15]       INVD0              INVD0                -- /  --     
x1[0]        INVD0              INVD0                -- /  --     
x1[1]        INVD0              INVD0                -- /  --     
x1[2]        INVD0              INVD0                -- /  --     
x1[3]        INVD0              INVD0                -- /  --     
x1[4]        INVD0              INVD0                -- /  --     
x1[5]        INVD0              INVD0                -- /  --     
x1[6]        INVD0              INVD0                -- /  --     
x1[7]        INVD0              INVD0                -- /  --     
x1[8]        INVD0              INVD0                -- /  --     
x1[9]        INVD0              INVD0                -- /  --     
x1[10]       INVD0              INVD0                -- /  --     
x1[11]       INVD0              INVD0                -- /  --     
x1[12]       INVD0              INVD0                -- /  --     
x1[13]       INVD0              INVD0                -- /  --     
x1[14]       INVD0              INVD0                -- /  --     
x1[15]       INVD0              INVD0                -- /  --     


               Max Drive      Min Drive      Resistance    Min    Min       Cell
Input Port    Rise    Fall   Rise    Fall   Max     Min    Cap    Fanout    Deg
--------------------------------------------------------------------------------
clk           --      --     --      --     --      --     --     --        -- 
rstn          --      --     --      --     --      --     --     --        -- 
start         --      --     --      --     --      --     --     --        -- 
w[0]          --      --     --      --     --      --     --     --        -- 
w[1]          --      --     --      --     --      --     --     --        -- 
w[2]          --      --     --      --     --      --     --     --        -- 
w[3]          --      --     --      --     --      --     --     --        -- 
w[4]          --      --     --      --     --      --     --     --        -- 
w[5]          --      --     --      --     --      --     --     --        -- 
w[6]          --      --     --      --     --      --     --     --        -- 
w[7]          --      --     --      --     --      --     --     --        -- 
w[8]          --      --     --      --     --      --     --     --        -- 
w[9]          --      --     --      --     --      --     --     --        -- 
w[10]         --      --     --      --     --      --     --     --        -- 
w[11]         --      --     --      --     --      --     --     --        -- 
w[12]         --      --     --      --     --      --     --     --        -- 
w[13]         --      --     --      --     --      --     --     --        -- 
w[14]         --      --     --      --     --      --     --     --        -- 
w[15]         --      --     --      --     --      --     --     --        -- 
x0[0]         --      --     --      --     --      --     --     --        -- 
x0[1]         --      --     --      --     --      --     --     --        -- 
x0[2]         --      --     --      --     --      --     --     --        -- 
x0[3]         --      --     --      --     --      --     --     --        -- 
x0[4]         --      --     --      --     --      --     --     --        -- 
x0[5]         --      --     --      --     --      --     --     --        -- 
x0[6]         --      --     --      --     --      --     --     --        -- 
x0[7]         --      --     --      --     --      --     --     --        -- 
x0[8]         --      --     --      --     --      --     --     --        -- 
x0[9]         --      --     --      --     --      --     --     --        -- 
x0[10]        --      --     --      --     --      --     --     --        -- 
x0[11]        --      --     --      --     --      --     --     --        -- 
x0[12]        --      --     --      --     --      --     --     --        -- 
x0[13]        --      --     --      --     --      --     --     --        -- 
x0[14]        --      --     --      --     --      --     --     --        -- 
x0[15]        --      --     --      --     --      --     --     --        -- 
x1[0]         --      --     --      --     --      --     --     --        -- 
x1[1]         --      --     --      --     --      --     --     --        -- 
x1[2]         --      --     --      --     --      --     --     --        -- 
x1[3]         --      --     --      --     --      --     --     --        -- 
x1[4]         --      --     --      --     --      --     --     --        -- 
x1[5]         --      --     --      --     --      --     --     --        -- 
x1[6]         --      --     --      --     --      --     --     --        -- 
x1[7]         --      --     --      --     --      --     --     --        -- 
x1[8]         --      --     --      --     --      --     --     --        -- 
x1[9]         --      --     --      --     --      --     --     --        -- 
x1[10]        --      --     --      --     --      --     --     --        -- 
x1[11]        --      --     --      --     --      --     --     --        -- 
x1[12]        --      --     --      --     --      --     --     --        -- 
x1[13]        --      --     --      --     --      --     --     --        -- 
x1[14]        --      --     --      --     --      --     --     --        -- 
x1[15]        --      --     --      --     --      --     --     --        -- 


               Max Tran        Min Tran
Input Port    Rise    Fall    Rise    Fall
--------------------------------------------------------------------------------
clk           --      --      --      -- 
rstn          --      --      --      -- 
start         --      --      --      -- 
w[0]          --      --      --      -- 
w[1]          --      --      --      -- 
w[2]          --      --      --      -- 
w[3]          --      --      --      -- 
w[4]          --      --      --      -- 
w[5]          --      --      --      -- 
w[6]          --      --      --      -- 
w[7]          --      --      --      -- 
w[8]          --      --      --      -- 
w[9]          --      --      --      -- 
w[10]         --      --      --      -- 
w[11]         --      --      --      -- 
w[12]         --      --      --      -- 
w[13]         --      --      --      -- 
w[14]         --      --      --      -- 
w[15]         --      --      --      -- 
x0[0]         --      --      --      -- 
x0[1]         --      --      --      -- 
x0[2]         --      --      --      -- 
x0[3]         --      --      --      -- 
x0[4]         --      --      --      -- 
x0[5]         --      --      --      -- 
x0[6]         --      --      --      -- 
x0[7]         --      --      --      -- 
x0[8]         --      --      --      -- 
x0[9]         --      --      --      -- 
x0[10]        --      --      --      -- 
x0[11]        --      --      --      -- 
x0[12]        --      --      --      -- 
x0[13]        --      --      --      -- 
x0[14]        --      --      --      -- 
x0[15]        --      --      --      -- 
x1[0]         --      --      --      -- 
x1[1]         --      --      --      -- 
x1[2]         --      --      --      -- 
x1[3]         --      --      --      -- 
x1[4]         --      --      --      -- 
x1[5]         --      --      --      -- 
x1[6]         --      --      --      -- 
x1[7]         --      --      --      -- 
x1[8]         --      --      --      -- 
x1[9]         --      --      --      -- 
x1[10]        --      --      --      -- 
x1[11]        --      --      --      -- 
x1[12]        --      --      --      -- 
x1[13]        --      --      --      -- 
x1[14]        --      --      --      -- 
x1[15]        --      --      --      -- 


                    Output Delay
                  Min             Max      Related  Fanout
Output Port   Rise    Fall    Rise    Fall  Clock     Load
--------------------------------------------------------------------------------
done          0.05    0.05    0.05    0.05  clk       0.00  
x0_out[0]     0.05    0.05    0.05    0.05  clk       0.00  
x0_out[1]     0.05    0.05    0.05    0.05  clk       0.00  
x0_out[2]     0.05    0.05    0.05    0.05  clk       0.00  
x0_out[3]     0.05    0.05    0.05    0.05  clk       0.00  
x0_out[4]     0.05    0.05    0.05    0.05  clk       0.00  
x0_out[5]     0.05    0.05    0.05    0.05  clk       0.00  
x0_out[6]     0.05    0.05    0.05    0.05  clk       0.00  
x0_out[7]     0.05    0.05    0.05    0.05  clk       0.00  
x0_out[8]     0.05    0.05    0.05    0.05  clk       0.00  
x0_out[9]     0.05    0.05    0.05    0.05  clk       0.00  
x0_out[10]    0.05    0.05    0.05    0.05  clk       0.00  
x0_out[11]    0.05    0.05    0.05    0.05  clk       0.00  
x0_out[12]    0.05    0.05    0.05    0.05  clk       0.00  
x0_out[13]    0.05    0.05    0.05    0.05  clk       0.00  
x0_out[14]    0.05    0.05    0.05    0.05  clk       0.00  
x0_out[15]    0.05    0.05    0.05    0.05  clk       0.00  
x1_out[0]     0.05    0.05    0.05    0.05  clk       0.00  
x1_out[1]     0.05    0.05    0.05    0.05  clk       0.00  
x1_out[2]     0.05    0.05    0.05    0.05  clk       0.00  
x1_out[3]     0.05    0.05    0.05    0.05  clk       0.00  
x1_out[4]     0.05    0.05    0.05    0.05  clk       0.00  
x1_out[5]     0.05    0.05    0.05    0.05  clk       0.00  
x1_out[6]     0.05    0.05    0.05    0.05  clk       0.00  
x1_out[7]     0.05    0.05    0.05    0.05  clk       0.00  
x1_out[8]     0.05    0.05    0.05    0.05  clk       0.00  
x1_out[9]     0.05    0.05    0.05    0.05  clk       0.00  
x1_out[10]    0.05    0.05    0.05    0.05  clk       0.00  
x1_out[11]    0.05    0.05    0.05    0.05  clk       0.00  
x1_out[12]    0.05    0.05    0.05    0.05  clk       0.00  
x1_out[13]    0.05    0.05    0.05    0.05  clk       0.00  
x1_out[14]    0.05    0.05    0.05    0.05  clk       0.00  
x1_out[15]    0.05    0.05    0.05    0.05  clk       0.00  

1
 
****************************************
Report : compile_options
Design : fft_core
Version: U-2022.12-SP7
Date   : Sat Jun 27 21:14:49 2026
****************************************

Design                                   Compile Option         Value
--------------------------------------------------------------------------------
fft_core                                 flatten                false
                                         structure              true
                                         structure_boolean      false
                                         structure_timing       true
                                         fix_multiple_port_nets feedthroughs
                                                                constants
                                                                outputs
                                                                buffer_constants
                                         isolate_port           disabled
                                         multibit_options
                                           optimization_mode    non_timing_driven
                                           minimum_width        2
                                           exclude_registers_with_timing_exceptions false
--------------------------------------------------------------------------------
1
 
****************************************
Report : constraint
        -all_violators
        -verbose
Design : fft_core
Version: U-2022.12-SP7
Date   : Sat Jun 27 21:14:49 2026
****************************************

This design has no violated constraints.

1
 
****************************************
Report : timing
        -path full
        -delay max
        -nworst 100
        -max_paths 20
Design : fft_core
Version: U-2022.12-SP7
Date   : Sat Jun 27 21:14:49 2026
****************************************

Operating Conditions: NCCOM   Library: tcbn65gplustc_ccs
Wire Load Model Mode: top

  Startpoint: w[9] (input port clocked by clk)
  Endpoint: x0_out_reg_15_
            (rising edge-triggered flip-flop clocked by clk)
  Path Group: clk
  Path Type: max

  Des/Clust/Port     Wire Load Model       Library
  ------------------------------------------------
  fft_core           ZeroWireload          tcbn65gplustc_ccs

  Point                                    Incr       Path
  -----------------------------------------------------------
  clock clk (rise edge)                    0.00       0.00
  clock network delay (ideal)              0.00       0.00
  input external delay                     0.10       0.10 f
  w[9] (in)                                0.01       0.11 f
  U381/ZN (INVD0)                          0.03       0.15 r
  U37/Z (OR2D0)                            0.04       0.19 r
  U127/ZN (INVD0)                          0.03       0.21 f
  U678/ZN (INVD0)                          0.04       0.25 r
  U792/ZN (NR2D0)                          0.02       0.27 f
  U793/ZN (AOI221D0)                       0.11       0.38 r
  U796/S (FA1D0)                           0.12       0.50 f
  U797/ZN (AOI221D0)                       0.08       0.58 r
  U798/ZN (CKND2D0)                        0.03       0.61 f
  U802/ZN (MAOI222D0)                      0.07       0.68 r
  U804/ZN (MAOI222D0)                      0.05       0.73 f
  U805/ZN (INVD0)                          0.03       0.75 r
  U806/ZN (MAOI222D0)                      0.04       0.79 f
  U807/ZN (INVD0)                          0.03       0.82 r
  U808/ZN (MAOI222D0)                      0.04       0.86 f
  U809/ZN (INVD0)                          0.03       0.89 r
  U810/ZN (MAOI222D0)                      0.04       0.92 f
  U811/ZN (INVD0)                          0.03       0.95 r
  intadd_1_U8/CO (FA1D0)                   0.05       1.00 r
  intadd_1_U7/S (FA1D0)                    0.08       1.08 f
  U530/ZN (MAOI222D0)                      0.07       1.15 r
  U531/ZN (INVD0)                          0.03       1.18 f
  U532/ZN (MAOI222D0)                      0.07       1.25 r
  U533/ZN (INVD0)                          0.03       1.28 f
  U534/ZN (MAOI222D0)                      0.07       1.35 r
  U535/ZN (INVD0)                          0.03       1.38 f
  U536/ZN (MAOI222D0)                      0.07       1.45 r
  U537/ZN (INVD0)                          0.03       1.48 f
  U538/ZN (MAOI222D0)                      0.07       1.55 r
  U539/ZN (INVD0)                          0.03       1.58 f
  U540/ZN (MAOI222D0)                      0.08       1.66 r
  U541/ZN (INVD0)                          0.02       1.68 f
  U545/ZN (AOI21D0)                        0.04       1.71 r
  U547/Z (AO22D0)                          0.05       1.77 r
  x0_out_reg_15_/D (DFCNQD1)               0.00       1.77 r
  data arrival time                                   1.77

  clock clk (rise edge)                    4.00       4.00
  clock network delay (ideal)              0.00       4.00
  x0_out_reg_15_/CP (DFCNQD1)              0.00       4.00 r
  library setup time                      -0.01       3.99
  data required time                                  3.99
  -----------------------------------------------------------
  data required time                                  3.99
  data arrival time                                  -1.77
  -----------------------------------------------------------
  slack (MET)                                         2.23


  Startpoint: w[9] (input port clocked by clk)
  Endpoint: x0_out_reg_15_
            (rising edge-triggered flip-flop clocked by clk)
  Path Group: clk
  Path Type: max

  Des/Clust/Port     Wire Load Model       Library
  ------------------------------------------------
  fft_core           ZeroWireload          tcbn65gplustc_ccs

  Point                                    Incr       Path
  -----------------------------------------------------------
  clock clk (rise edge)                    0.00       0.00
  clock network delay (ideal)              0.00       0.00
  input external delay                     0.10       0.10 f
  w[9] (in)                                0.01       0.11 f
  U381/ZN (INVD0)                          0.03       0.15 r
  U37/Z (OR2D0)                            0.04       0.19 r
  U127/ZN (INVD0)                          0.03       0.21 f
  U678/ZN (INVD0)                          0.04       0.25 r
  U792/ZN (NR2D0)                          0.02       0.27 f
  U793/ZN (AOI221D0)                       0.11       0.38 r
  U796/S (FA1D0)                           0.12       0.50 f
  U797/ZN (AOI221D0)                       0.08       0.58 r
  U798/ZN (CKND2D0)                        0.03       0.61 f
  U802/ZN (MAOI222D0)                      0.07       0.68 r
  U804/ZN (MAOI222D0)                      0.05       0.73 f
  U805/ZN (INVD0)                          0.03       0.75 r
  U806/ZN (MAOI222D0)                      0.04       0.79 f
  U807/ZN (INVD0)                          0.03       0.82 r
  U808/ZN (MAOI222D0)                      0.04       0.86 f
  U809/ZN (INVD0)                          0.03       0.89 r
  U810/ZN (MAOI222D0)                      0.04       0.92 f
  U811/ZN (INVD0)                          0.03       0.95 r
  intadd_1_U8/CO (FA1D0)                   0.05       1.00 r
  intadd_1_U7/S (FA1D0)                    0.08       1.08 f
  U530/ZN (MAOI222D0)                      0.07       1.15 r
  U531/ZN (INVD0)                          0.03       1.18 f
  U532/ZN (MAOI222D0)                      0.07       1.25 r
  U533/ZN (INVD0)                          0.03       1.28 f
  U534/ZN (MAOI222D0)                      0.07       1.35 r
  U535/ZN (INVD0)                          0.03       1.38 f
  U536/ZN (MAOI222D0)                      0.07       1.45 r
  U537/ZN (INVD0)                          0.03       1.48 f
  U538/ZN (MAOI222D0)                      0.07       1.55 r
  U539/ZN (INVD0)                          0.03       1.58 f
  U540/ZN (MAOI222D0)                      0.08       1.66 r
  U541/ZN (INVD0)                          0.02       1.68 f
  U545/ZN (AOI21D0)                        0.04       1.71 r
  U547/Z (AO22D0)                          0.05       1.77 r
  x0_out_reg_15_/D (DFCNQD1)               0.00       1.77 r
  data arrival time                                   1.77

  clock clk (rise edge)                    4.00       4.00
  clock network delay (ideal)              0.00       4.00
  x0_out_reg_15_/CP (DFCNQD1)              0.00       4.00 r
  library setup time                      -0.01       3.99
  data required time                                  3.99
  -----------------------------------------------------------
  data required time                                  3.99
  data arrival time                                  -1.77
  -----------------------------------------------------------
  slack (MET)                                         2.23


  Startpoint: w[9] (input port clocked by clk)
  Endpoint: x0_out_reg_15_
            (rising edge-triggered flip-flop clocked by clk)
  Path Group: clk
  Path Type: max

  Des/Clust/Port     Wire Load Model       Library
  ------------------------------------------------
  fft_core           ZeroWireload          tcbn65gplustc_ccs

  Point                                    Incr       Path
  -----------------------------------------------------------
  clock clk (rise edge)                    0.00       0.00
  clock network delay (ideal)              0.00       0.00
  input external delay                     0.10       0.10 f
  w[9] (in)                                0.01       0.11 f
  U381/ZN (INVD0)                          0.03       0.15 r
  U37/Z (OR2D0)                            0.04       0.19 r
  U127/ZN (INVD0)                          0.03       0.21 f
  U678/ZN (INVD0)                          0.04       0.25 r
  U792/ZN (NR2D0)                          0.02       0.27 f
  U793/ZN (AOI221D0)                       0.11       0.38 r
  U796/S (FA1D0)                           0.12       0.50 f
  U797/ZN (AOI221D0)                       0.08       0.58 r
  U798/ZN (CKND2D0)                        0.03       0.61 f
  U802/ZN (MAOI222D0)                      0.07       0.68 r
  U804/ZN (MAOI222D0)                      0.05       0.73 f
  U805/ZN (INVD0)                          0.03       0.75 r
  U806/ZN (MAOI222D0)                      0.04       0.79 f
  U807/ZN (INVD0)                          0.03       0.82 r
  U808/ZN (MAOI222D0)                      0.04       0.86 f
  U809/ZN (INVD0)                          0.03       0.89 r
  U810/ZN (MAOI222D0)                      0.04       0.92 f
  U811/ZN (INVD0)                          0.03       0.95 r
  intadd_1_U8/CO (FA1D0)                   0.05       1.00 r
  intadd_1_U7/S (FA1D0)                    0.08       1.08 f
  U530/ZN (MAOI222D0)                      0.07       1.15 r
  U531/ZN (INVD0)                          0.03       1.18 f
  U532/ZN (MAOI222D0)                      0.07       1.25 r
  U533/ZN (INVD0)                          0.03       1.28 f
  U534/ZN (MAOI222D0)                      0.07       1.35 r
  U535/ZN (INVD0)                          0.03       1.38 f
  U536/ZN (MAOI222D0)                      0.07       1.45 r
  U537/ZN (INVD0)                          0.03       1.48 f
  U538/ZN (MAOI222D0)                      0.07       1.55 r
  U539/ZN (INVD0)                          0.03       1.58 f
  U540/ZN (MAOI222D0)                      0.08       1.66 r
  U541/ZN (INVD0)                          0.02       1.68 f
  U545/ZN (AOI21D0)                        0.04       1.71 r
  U547/Z (AO22D0)                          0.05       1.77 r
  x0_out_reg_15_/D (DFCNQD1)               0.00       1.77 r
  data arrival time                                   1.77

  clock clk (rise edge)                    4.00       4.00
  clock network delay (ideal)              0.00       4.00
  x0_out_reg_15_/CP (DFCNQD1)              0.00       4.00 r
  library setup time                      -0.01       3.99
  data required time                                  3.99
  -----------------------------------------------------------
  data required time                                  3.99
  data arrival time                                  -1.77
  -----------------------------------------------------------
  slack (MET)                                         2.23


  Startpoint: w[9] (input port clocked by clk)
  Endpoint: x0_out_reg_15_
            (rising edge-triggered flip-flop clocked by clk)
  Path Group: clk
  Path Type: max

  Des/Clust/Port     Wire Load Model       Library
  ------------------------------------------------
  fft_core           ZeroWireload          tcbn65gplustc_ccs

  Point                                    Incr       Path
  -----------------------------------------------------------
  clock clk (rise edge)                    0.00       0.00
  clock network delay (ideal)              0.00       0.00
  input external delay                     0.10       0.10 f
  w[9] (in)                                0.01       0.11 f
  U381/ZN (INVD0)                          0.03       0.15 r
  U37/Z (OR2D0)                            0.04       0.19 r
  U127/ZN (INVD0)                          0.03       0.21 f
  U678/ZN (INVD0)                          0.04       0.25 r
  U792/ZN (NR2D0)                          0.02       0.27 f
  U793/ZN (AOI221D0)                       0.11       0.38 r
  U796/S (FA1D0)                           0.12       0.50 f
  U797/ZN (AOI221D0)                       0.08       0.58 r
  U798/ZN (CKND2D0)                        0.03       0.61 f
  U802/ZN (MAOI222D0)                      0.07       0.68 r
  U804/ZN (MAOI222D0)                      0.05       0.73 f
  U805/ZN (INVD0)                          0.03       0.75 r
  U806/ZN (MAOI222D0)                      0.04       0.79 f
  U807/ZN (INVD0)                          0.03       0.82 r
  U808/ZN (MAOI222D0)                      0.04       0.86 f
  U809/ZN (INVD0)                          0.03       0.89 r
  U810/ZN (MAOI222D0)                      0.04       0.92 f
  U811/ZN (INVD0)                          0.03       0.95 r
  intadd_1_U8/CO (FA1D0)                   0.05       1.00 r
  intadd_1_U7/S (FA1D0)                    0.08       1.08 f
  U530/ZN (MAOI222D0)                      0.07       1.15 r
  U531/ZN (INVD0)                          0.03       1.18 f
  U532/ZN (MAOI222D0)                      0.07       1.25 r
  U533/ZN (INVD0)                          0.03       1.28 f
  U534/ZN (MAOI222D0)                      0.07       1.35 r
  U535/ZN (INVD0)                          0.03       1.38 f
  U536/ZN (MAOI222D0)                      0.07       1.45 r
  U537/ZN (INVD0)                          0.03       1.48 f
  U538/ZN (MAOI222D0)                      0.07       1.55 r
  U539/ZN (INVD0)                          0.03       1.58 f
  U540/ZN (MAOI222D0)                      0.08       1.66 r
  U541/ZN (INVD0)                          0.02       1.68 f
  U545/ZN (AOI21D0)                        0.04       1.71 r
  U547/Z (AO22D0)                          0.05       1.77 r
  x0_out_reg_15_/D (DFCNQD1)               0.00       1.77 r
  data arrival time                                   1.77

  clock clk (rise edge)                    4.00       4.00
  clock network delay (ideal)              0.00       4.00
  x0_out_reg_15_/CP (DFCNQD1)              0.00       4.00 r
  library setup time                      -0.01       3.99
  data required time                                  3.99
  -----------------------------------------------------------
  data required time                                  3.99
  data arrival time                                  -1.77
  -----------------------------------------------------------
  slack (MET)                                         2.23


  Startpoint: w[9] (input port clocked by clk)
  Endpoint: x0_out_reg_15_
            (rising edge-triggered flip-flop clocked by clk)
  Path Group: clk
  Path Type: max

  Des/Clust/Port     Wire Load Model       Library
  ------------------------------------------------
  fft_core           ZeroWireload          tcbn65gplustc_ccs

  Point                                    Incr       Path
  -----------------------------------------------------------
  clock clk (rise edge)                    0.00       0.00
  clock network delay (ideal)              0.00       0.00
  input external delay                     0.10       0.10 f
  w[9] (in)                                0.01       0.11 f
  U381/ZN (INVD0)                          0.03       0.15 r
  U37/Z (OR2D0)                            0.04       0.19 r
  U127/ZN (INVD0)                          0.03       0.21 f
  U678/ZN (INVD0)                          0.04       0.25 r
  U792/ZN (NR2D0)                          0.02       0.27 f
  U793/ZN (AOI221D0)                       0.11       0.38 r
  U796/S (FA1D0)                           0.12       0.50 f
  U797/ZN (AOI221D0)                       0.08       0.58 r
  U798/ZN (CKND2D0)                        0.03       0.61 f
  U802/ZN (MAOI222D0)                      0.07       0.68 r
  U804/ZN (MAOI222D0)                      0.05       0.73 f
  U805/ZN (INVD0)                          0.03       0.75 r
  U806/ZN (MAOI222D0)                      0.04       0.79 f
  U807/ZN (INVD0)                          0.03       0.82 r
  U808/ZN (MAOI222D0)                      0.04       0.85 f
  U809/ZN (INVD0)                          0.03       0.88 r
  U810/ZN (MAOI222D0)                      0.04       0.92 f
  U811/ZN (INVD0)                          0.03       0.95 r
  intadd_1_U8/CO (FA1D0)                   0.05       1.00 r
  intadd_1_U7/S (FA1D0)                    0.08       1.08 f
  U530/ZN (MAOI222D0)                      0.07       1.15 r
  U531/ZN (INVD0)                          0.03       1.18 f
  U532/ZN (MAOI222D0)                      0.07       1.25 r
  U533/ZN (INVD0)                          0.03       1.28 f
  U534/ZN (MAOI222D0)                      0.07       1.35 r
  U535/ZN (INVD0)                          0.03       1.38 f
  U536/ZN (MAOI222D0)                      0.07       1.45 r
  U537/ZN (INVD0)                          0.03       1.48 f
  U538/ZN (MAOI222D0)                      0.07       1.55 r
  U539/ZN (INVD0)                          0.03       1.58 f
  U540/ZN (MAOI222D0)                      0.08       1.65 r
  U541/ZN (INVD0)                          0.02       1.67 f
  U545/ZN (AOI21D0)                        0.04       1.71 r
  U547/Z (AO22D0)                          0.05       1.76 r
  x0_out_reg_15_/D (DFCNQD1)               0.00       1.76 r
  data arrival time                                   1.76

  clock clk (rise edge)                    4.00       4.00
  clock network delay (ideal)              0.00       4.00
  x0_out_reg_15_/CP (DFCNQD1)              0.00       4.00 r
  library setup time                      -0.01       3.99
  data required time                                  3.99
  -----------------------------------------------------------
  data required time                                  3.99
  data arrival time                                  -1.76
  -----------------------------------------------------------
  slack (MET)                                         2.23


  Startpoint: w[9] (input port clocked by clk)
  Endpoint: x0_out_reg_15_
            (rising edge-triggered flip-flop clocked by clk)
  Path Group: clk
  Path Type: max

  Des/Clust/Port     Wire Load Model       Library
  ------------------------------------------------
  fft_core           ZeroWireload          tcbn65gplustc_ccs

  Point                                    Incr       Path
  -----------------------------------------------------------
  clock clk (rise edge)                    0.00       0.00
  clock network delay (ideal)              0.00       0.00
  input external delay                     0.10       0.10 f
  w[9] (in)                                0.01       0.11 f
  U381/ZN (INVD0)                          0.03       0.15 r
  U37/Z (OR2D0)                            0.04       0.19 r
  U127/ZN (INVD0)                          0.03       0.21 f
  U678/ZN (INVD0)                          0.04       0.25 r
  U792/ZN (NR2D0)                          0.02       0.27 f
  U793/ZN (AOI221D0)                       0.11       0.38 r
  U796/S (FA1D0)                           0.12       0.50 f
  U797/ZN (AOI221D0)                       0.08       0.58 r
  U798/ZN (CKND2D0)                        0.03       0.61 f
  U802/ZN (MAOI222D0)                      0.07       0.68 r
  U804/ZN (MAOI222D0)                      0.05       0.73 f
  U805/ZN (INVD0)                          0.03       0.75 r
  U806/ZN (MAOI222D0)                      0.04       0.79 f
  U807/ZN (INVD0)                          0.03       0.82 r
  U808/ZN (MAOI222D0)                      0.04       0.85 f
  U809/ZN (INVD0)                          0.03       0.88 r
  U810/ZN (MAOI222D0)                      0.04       0.92 f
  U811/ZN (INVD0)                          0.03       0.95 r
  intadd_1_U8/CO (FA1D0)                   0.05       1.00 r
  intadd_1_U7/S (FA1D0)                    0.08       1.08 f
  U530/ZN (MAOI222D0)                      0.07       1.15 r
  U531/ZN (INVD0)                          0.03       1.18 f
  U532/ZN (MAOI222D0)                      0.07       1.25 r
  U533/ZN (INVD0)                          0.03       1.28 f
  U534/ZN (MAOI222D0)                      0.07       1.35 r
  U535/ZN (INVD0)                          0.03       1.38 f
  U536/ZN (MAOI222D0)                      0.07       1.45 r
  U537/ZN (INVD0)                          0.03       1.48 f
  U538/ZN (MAOI222D0)                      0.07       1.55 r
  U539/ZN (INVD0)                          0.03       1.58 f
  U540/ZN (MAOI222D0)                      0.08       1.65 r
  U541/ZN (INVD0)                          0.02       1.67 f
  U545/ZN (AOI21D0)                        0.04       1.71 r
  U547/Z (AO22D0)                          0.05       1.76 r
  x0_out_reg_15_/D (DFCNQD1)               0.00       1.76 r
  data arrival time                                   1.76

  clock clk (rise edge)                    4.00       4.00
  clock network delay (ideal)              0.00       4.00
  x0_out_reg_15_/CP (DFCNQD1)              0.00       4.00 r
  library setup time                      -0.01       3.99
  data required time                                  3.99
  -----------------------------------------------------------
  data required time                                  3.99
  data arrival time                                  -1.76
  -----------------------------------------------------------
  slack (MET)                                         2.23


  Startpoint: w[9] (input port clocked by clk)
  Endpoint: x0_out_reg_15_
            (rising edge-triggered flip-flop clocked by clk)
  Path Group: clk
  Path Type: max

  Des/Clust/Port     Wire Load Model       Library
  ------------------------------------------------
  fft_core           ZeroWireload          tcbn65gplustc_ccs

  Point                                    Incr       Path
  -----------------------------------------------------------
  clock clk (rise edge)                    0.00       0.00
  clock network delay (ideal)              0.00       0.00
  input external delay                     0.10       0.10 f
  w[9] (in)                                0.01       0.11 f
  U381/ZN (INVD0)                          0.03       0.15 r
  U37/Z (OR2D0)                            0.04       0.19 r
  U127/ZN (INVD0)                          0.03       0.21 f
  U678/ZN (INVD0)                          0.04       0.25 r
  U792/ZN (NR2D0)                          0.02       0.27 f
  U793/ZN (AOI221D0)                       0.11       0.38 r
  U796/S (FA1D0)                           0.12       0.50 f
  U797/ZN (AOI221D0)                       0.08       0.58 r
  U798/ZN (CKND2D0)                        0.03       0.61 f
  U802/ZN (MAOI222D0)                      0.07       0.68 r
  U804/ZN (MAOI222D0)                      0.05       0.73 f
  U805/ZN (INVD0)                          0.03       0.75 r
  U806/ZN (MAOI222D0)                      0.04       0.79 f
  U807/ZN (INVD0)                          0.03       0.82 r
  U808/ZN (MAOI222D0)                      0.04       0.85 f
  U809/ZN (INVD0)                          0.03       0.88 r
  U810/ZN (MAOI222D0)                      0.04       0.92 f
  U811/ZN (INVD0)                          0.03       0.95 r
  intadd_1_U8/CO (FA1D0)                   0.05       1.00 r
  intadd_1_U7/S (FA1D0)                    0.08       1.08 f
  U530/ZN (MAOI222D0)                      0.07       1.15 r
  U531/ZN (INVD0)                          0.03       1.18 f
  U532/ZN (MAOI222D0)                      0.07       1.25 r
  U533/ZN (INVD0)                          0.03       1.28 f
  U534/ZN (MAOI222D0)                      0.07       1.35 r
  U535/ZN (INVD0)                          0.03       1.38 f
  U536/ZN (MAOI222D0)                      0.07       1.45 r
  U537/ZN (INVD0)                          0.03       1.48 f
  U538/ZN (MAOI222D0)                      0.07       1.55 r
  U539/ZN (INVD0)                          0.03       1.58 f
  U540/ZN (MAOI222D0)                      0.08       1.65 r
  U541/ZN (INVD0)                          0.02       1.67 f
  U545/ZN (AOI21D0)                        0.04       1.71 r
  U547/Z (AO22D0)                          0.05       1.76 r
  x0_out_reg_15_/D (DFCNQD1)               0.00       1.76 r
  data arrival time                                   1.76

  clock clk (rise edge)                    4.00       4.00
  clock network delay (ideal)              0.00       4.00
  x0_out_reg_15_/CP (DFCNQD1)              0.00       4.00 r
  library setup time                      -0.01       3.99
  data required time                                  3.99
  -----------------------------------------------------------
  data required time                                  3.99
  data arrival time                                  -1.76
  -----------------------------------------------------------
  slack (MET)                                         2.23


  Startpoint: w[9] (input port clocked by clk)
  Endpoint: x0_out_reg_15_
            (rising edge-triggered flip-flop clocked by clk)
  Path Group: clk
  Path Type: max

  Des/Clust/Port     Wire Load Model       Library
  ------------------------------------------------
  fft_core           ZeroWireload          tcbn65gplustc_ccs

  Point                                    Incr       Path
  -----------------------------------------------------------
  clock clk (rise edge)                    0.00       0.00
  clock network delay (ideal)              0.00       0.00
  input external delay                     0.10       0.10 f
  w[9] (in)                                0.01       0.11 f
  U381/ZN (INVD0)                          0.03       0.15 r
  U37/Z (OR2D0)                            0.04       0.19 r
  U127/ZN (INVD0)                          0.03       0.21 f
  U678/ZN (INVD0)                          0.04       0.25 r
  U792/ZN (NR2D0)                          0.02       0.27 f
  U793/ZN (AOI221D0)                       0.11       0.38 r
  U796/S (FA1D0)                           0.12       0.50 f
  U797/ZN (AOI221D0)                       0.08       0.58 r
  U798/ZN (CKND2D0)                        0.03       0.61 f
  U802/ZN (MAOI222D0)                      0.07       0.68 r
  U804/ZN (MAOI222D0)                      0.05       0.73 f
  U805/ZN (INVD0)                          0.03       0.75 r
  U806/ZN (MAOI222D0)                      0.04       0.79 f
  U807/ZN (INVD0)                          0.03       0.82 r
  U808/ZN (MAOI222D0)                      0.04       0.85 f
  U809/ZN (INVD0)                          0.03       0.88 r
  U810/ZN (MAOI222D0)                      0.04       0.92 f
  U811/ZN (INVD0)                          0.03       0.95 r
  intadd_1_U8/CO (FA1D0)                   0.05       1.00 r
  intadd_1_U7/S (FA1D0)                    0.08       1.08 f
  U530/ZN (MAOI222D0)                      0.07       1.15 r
  U531/ZN (INVD0)                          0.03       1.18 f
  U532/ZN (MAOI222D0)                      0.07       1.25 r
  U533/ZN (INVD0)                          0.03       1.28 f
  U534/ZN (MAOI222D0)                      0.07       1.35 r
  U535/ZN (INVD0)                          0.03       1.38 f
  U536/ZN (MAOI222D0)                      0.07       1.45 r
  U537/ZN (INVD0)                          0.03       1.48 f
  U538/ZN (MAOI222D0)                      0.07       1.55 r
  U539/ZN (INVD0)                          0.03       1.58 f
  U540/ZN (MAOI222D0)                      0.08       1.65 r
  U541/ZN (INVD0)                          0.02       1.67 f
  U545/ZN (AOI21D0)                        0.04       1.71 r
  U547/Z (AO22D0)                          0.05       1.76 r
  x0_out_reg_15_/D (DFCNQD1)               0.00       1.76 r
  data arrival time                                   1.76

  clock clk (rise edge)                    4.00       4.00
  clock network delay (ideal)              0.00       4.00
  x0_out_reg_15_/CP (DFCNQD1)              0.00       4.00 r
  library setup time                      -0.01       3.99
  data required time                                  3.99
  -----------------------------------------------------------
  data required time                                  3.99
  data arrival time                                  -1.76
  -----------------------------------------------------------
  slack (MET)                                         2.23


  Startpoint: w[9] (input port clocked by clk)
  Endpoint: x0_out_reg_15_
            (rising edge-triggered flip-flop clocked by clk)
  Path Group: clk
  Path Type: max

  Des/Clust/Port     Wire Load Model       Library
  ------------------------------------------------
  fft_core           ZeroWireload          tcbn65gplustc_ccs

  Point                                    Incr       Path
  -----------------------------------------------------------
  clock clk (rise edge)                    0.00       0.00
  clock network delay (ideal)              0.00       0.00
  input external delay                     0.10       0.10 f
  w[9] (in)                                0.01       0.11 f
  U381/ZN (INVD0)                          0.03       0.15 r
  U37/Z (OR2D0)                            0.04       0.19 r
  U127/ZN (INVD0)                          0.03       0.21 f
  U678/ZN (INVD0)                          0.04       0.25 r
  U792/ZN (NR2D0)                          0.02       0.27 f
  U793/ZN (AOI221D0)                       0.11       0.38 r
  U796/S (FA1D0)                           0.12       0.50 f
  U797/ZN (AOI221D0)                       0.08       0.58 r
  U798/ZN (CKND2D0)                        0.03       0.61 f
  U802/ZN (MAOI222D0)                      0.07       0.68 r
  U804/ZN (MAOI222D0)                      0.05       0.73 f
  U805/ZN (INVD0)                          0.03       0.75 r
  U806/ZN (MAOI222D0)                      0.04       0.79 f
  U807/ZN (INVD0)                          0.03       0.82 r
  U808/ZN (MAOI222D0)                      0.04       0.86 f
  U809/ZN (INVD0)                          0.03       0.89 r
  U810/ZN (MAOI222D0)                      0.04       0.92 f
  U811/ZN (INVD0)                          0.03       0.95 r
  intadd_1_U8/CO (FA1D0)                   0.05       1.00 r
  intadd_1_U7/S (FA1D0)                    0.08       1.08 f
  U530/ZN (MAOI222D0)                      0.07       1.15 r
  U531/ZN (INVD0)                          0.03       1.18 f
  U532/ZN (MAOI222D0)                      0.07       1.25 r
  U533/ZN (INVD0)                          0.03       1.28 f
  U534/ZN (MAOI222D0)                      0.07       1.35 r
  U535/ZN (INVD0)                          0.03       1.38 f
  U536/ZN (MAOI222D0)                      0.07       1.45 r
  U537/ZN (INVD0)                          0.03       1.48 f
  U538/ZN (MAOI222D0)                      0.07       1.55 r
  U539/ZN (INVD0)                          0.03       1.58 f
  U540/ZN (MAOI222D0)                      0.08       1.66 r
  U541/ZN (INVD0)                          0.02       1.68 f
  U545/ZN (AOI21D0)                        0.04       1.71 r
  U547/Z (AO22D0)                          0.05       1.76 r
  x0_out_reg_15_/D (DFCNQD1)               0.00       1.76 r
  data arrival time                                   1.76

  clock clk (rise edge)                    4.00       4.00
  clock network delay (ideal)              0.00       4.00
  x0_out_reg_15_/CP (DFCNQD1)              0.00       4.00 r
  library setup time                      -0.01       3.99
  data required time                                  3.99
  -----------------------------------------------------------
  data required time                                  3.99
  data arrival time                                  -1.76
  -----------------------------------------------------------
  slack (MET)                                         2.23


  Startpoint: w[9] (input port clocked by clk)
  Endpoint: x0_out_reg_15_
            (rising edge-triggered flip-flop clocked by clk)
  Path Group: clk
  Path Type: max

  Des/Clust/Port     Wire Load Model       Library
  ------------------------------------------------
  fft_core           ZeroWireload          tcbn65gplustc_ccs

  Point                                    Incr       Path
  -----------------------------------------------------------
  clock clk (rise edge)                    0.00       0.00
  clock network delay (ideal)              0.00       0.00
  input external delay                     0.10       0.10 f
  w[9] (in)                                0.01       0.11 f
  U381/ZN (INVD0)                          0.03       0.15 r
  U37/Z (OR2D0)                            0.04       0.19 r
  U127/ZN (INVD0)                          0.03       0.21 f
  U678/ZN (INVD0)                          0.04       0.25 r
  U792/ZN (NR2D0)                          0.02       0.27 f
  U793/ZN (AOI221D0)                       0.11       0.38 r
  U796/S (FA1D0)                           0.12       0.50 f
  U797/ZN (AOI221D0)                       0.08       0.58 r
  U798/ZN (CKND2D0)                        0.03       0.61 f
  U802/ZN (MAOI222D0)                      0.07       0.68 r
  U804/ZN (MAOI222D0)                      0.05       0.73 f
  U805/ZN (INVD0)                          0.03       0.75 r
  U806/ZN (MAOI222D0)                      0.04       0.79 f
  U807/ZN (INVD0)                          0.03       0.82 r
  U808/ZN (MAOI222D0)                      0.04       0.86 f
  U809/ZN (INVD0)                          0.03       0.89 r
  U810/ZN (MAOI222D0)                      0.04       0.92 f
  U811/ZN (INVD0)                          0.03       0.95 r
  intadd_1_U8/CO (FA1D0)                   0.05       1.00 r
  intadd_1_U7/S (FA1D0)                    0.08       1.08 f
  U530/ZN (MAOI222D0)                      0.07       1.15 r
  U531/ZN (INVD0)                          0.03       1.18 f
  U532/ZN (MAOI222D0)                      0.07       1.25 r
  U533/ZN (INVD0)                          0.03       1.28 f
  U534/ZN (MAOI222D0)                      0.07       1.35 r
  U535/ZN (INVD0)                          0.03       1.38 f
  U536/ZN (MAOI222D0)                      0.07       1.45 r
  U537/ZN (INVD0)                          0.03       1.48 f
  U538/ZN (MAOI222D0)                      0.07       1.55 r
  U539/ZN (INVD0)                          0.03       1.58 f
  U540/ZN (MAOI222D0)                      0.08       1.66 r
  U541/ZN (INVD0)                          0.02       1.68 f
  U545/ZN (AOI21D0)                        0.04       1.71 r
  U547/Z (AO22D0)                          0.05       1.76 r
  x0_out_reg_15_/D (DFCNQD1)               0.00       1.76 r
  data arrival time                                   1.76

  clock clk (rise edge)                    4.00       4.00
  clock network delay (ideal)              0.00       4.00
  x0_out_reg_15_/CP (DFCNQD1)              0.00       4.00 r
  library setup time                      -0.01       3.99
  data required time                                  3.99
  -----------------------------------------------------------
  data required time                                  3.99
  data arrival time                                  -1.76
  -----------------------------------------------------------
  slack (MET)                                         2.23


  Startpoint: w[9] (input port clocked by clk)
  Endpoint: x0_out_reg_15_
            (rising edge-triggered flip-flop clocked by clk)
  Path Group: clk
  Path Type: max

  Des/Clust/Port     Wire Load Model       Library
  ------------------------------------------------
  fft_core           ZeroWireload          tcbn65gplustc_ccs

  Point                                    Incr       Path
  -----------------------------------------------------------
  clock clk (rise edge)                    0.00       0.00
  clock network delay (ideal)              0.00       0.00
  input external delay                     0.10       0.10 f
  w[9] (in)                                0.01       0.11 f
  U381/ZN (INVD0)                          0.03       0.15 r
  U37/Z (OR2D0)                            0.04       0.19 r
  U127/ZN (INVD0)                          0.03       0.21 f
  U678/ZN (INVD0)                          0.04       0.25 r
  U792/ZN (NR2D0)                          0.02       0.27 f
  U793/ZN (AOI221D0)                       0.11       0.38 r
  U796/S (FA1D0)                           0.12       0.50 f
  U797/ZN (AOI221D0)                       0.08       0.58 r
  U798/ZN (CKND2D0)                        0.03       0.61 f
  U802/ZN (MAOI222D0)                      0.07       0.68 r
  U804/ZN (MAOI222D0)                      0.05       0.73 f
  U805/ZN (INVD0)                          0.03       0.75 r
  U806/ZN (MAOI222D0)                      0.04       0.79 f
  U807/ZN (INVD0)                          0.03       0.82 r
  U808/ZN (MAOI222D0)                      0.04       0.86 f
  U809/ZN (INVD0)                          0.03       0.89 r
  U810/ZN (MAOI222D0)                      0.04       0.92 f
  U811/ZN (INVD0)                          0.03       0.95 r
  intadd_1_U8/CO (FA1D0)                   0.05       1.00 r
  intadd_1_U7/S (FA1D0)                    0.08       1.08 f
  U530/ZN (MAOI222D0)                      0.07       1.15 r
  U531/ZN (INVD0)                          0.03       1.18 f
  U532/ZN (MAOI222D0)                      0.07       1.25 r
  U533/ZN (INVD0)                          0.03       1.28 f
  U534/ZN (MAOI222D0)                      0.07       1.35 r
  U535/ZN (INVD0)                          0.03       1.38 f
  U536/ZN (MAOI222D0)                      0.07       1.45 r
  U537/ZN (INVD0)                          0.03       1.48 f
  U538/ZN (MAOI222D0)                      0.07       1.55 r
  U539/ZN (INVD0)                          0.03       1.58 f
  U540/ZN (MAOI222D0)                      0.08       1.66 r
  U541/ZN (INVD0)                          0.02       1.68 f
  U545/ZN (AOI21D0)                        0.04       1.71 r
  U547/Z (AO22D0)                          0.05       1.76 r
  x0_out_reg_15_/D (DFCNQD1)               0.00       1.76 r
  data arrival time                                   1.76

  clock clk (rise edge)                    4.00       4.00
  clock network delay (ideal)              0.00       4.00
  x0_out_reg_15_/CP (DFCNQD1)              0.00       4.00 r
  library setup time                      -0.01       3.99
  data required time                                  3.99
  -----------------------------------------------------------
  data required time                                  3.99
  data arrival time                                  -1.76
  -----------------------------------------------------------
  slack (MET)                                         2.23


  Startpoint: w[9] (input port clocked by clk)
  Endpoint: x0_out_reg_15_
            (rising edge-triggered flip-flop clocked by clk)
  Path Group: clk
  Path Type: max

  Des/Clust/Port     Wire Load Model       Library
  ------------------------------------------------
  fft_core           ZeroWireload          tcbn65gplustc_ccs

  Point                                    Incr       Path
  -----------------------------------------------------------
  clock clk (rise edge)                    0.00       0.00
  clock network delay (ideal)              0.00       0.00
  input external delay                     0.10       0.10 f
  w[9] (in)                                0.01       0.11 f
  U381/ZN (INVD0)                          0.03       0.15 r
  U37/Z (OR2D0)                            0.04       0.19 r
  U127/ZN (INVD0)                          0.03       0.21 f
  U678/ZN (INVD0)                          0.04       0.25 r
  U792/ZN (NR2D0)                          0.02       0.27 f
  U793/ZN (AOI221D0)                       0.11       0.38 r
  U796/S (FA1D0)                           0.12       0.50 f
  U797/ZN (AOI221D0)                       0.08       0.58 r
  U798/ZN (CKND2D0)                        0.03       0.61 f
  U802/ZN (MAOI222D0)                      0.07       0.68 r
  U804/ZN (MAOI222D0)                      0.05       0.73 f
  U805/ZN (INVD0)                          0.03       0.75 r
  U806/ZN (MAOI222D0)                      0.04       0.79 f
  U807/ZN (INVD0)                          0.03       0.82 r
  U808/ZN (MAOI222D0)                      0.04       0.86 f
  U809/ZN (INVD0)                          0.03       0.89 r
  U810/ZN (MAOI222D0)                      0.04       0.92 f
  U811/ZN (INVD0)                          0.03       0.95 r
  intadd_1_U8/CO (FA1D0)                   0.05       1.00 r
  intadd_1_U7/S (FA1D0)                    0.08       1.08 f
  U530/ZN (MAOI222D0)                      0.07       1.15 r
  U531/ZN (INVD0)                          0.03       1.18 f
  U532/ZN (MAOI222D0)                      0.07       1.25 r
  U533/ZN (INVD0)                          0.03       1.28 f
  U534/ZN (MAOI222D0)                      0.07       1.35 r
  U535/ZN (INVD0)                          0.03       1.38 f
  U536/ZN (MAOI222D0)                      0.07       1.45 r
  U537/ZN (INVD0)                          0.03       1.48 f
  U538/ZN (MAOI222D0)                      0.07       1.55 r
  U539/ZN (INVD0)                          0.03       1.58 f
  U540/ZN (MAOI222D0)                      0.08       1.66 r
  U541/ZN (INVD0)                          0.02       1.68 f
  U545/ZN (AOI21D0)                        0.04       1.71 r
  U547/Z (AO22D0)                          0.05       1.76 r
  x0_out_reg_15_/D (DFCNQD1)               0.00       1.76 r
  data arrival time                                   1.76

  clock clk (rise edge)                    4.00       4.00
  clock network delay (ideal)              0.00       4.00
  x0_out_reg_15_/CP (DFCNQD1)              0.00       4.00 r
  library setup time                      -0.01       3.99
  data required time                                  3.99
  -----------------------------------------------------------
  data required time                                  3.99
  data arrival time                                  -1.76
  -----------------------------------------------------------
  slack (MET)                                         2.23


  Startpoint: w[9] (input port clocked by clk)
  Endpoint: x0_out_reg_15_
            (rising edge-triggered flip-flop clocked by clk)
  Path Group: clk
  Path Type: max

  Des/Clust/Port     Wire Load Model       Library
  ------------------------------------------------
  fft_core           ZeroWireload          tcbn65gplustc_ccs

  Point                                    Incr       Path
  -----------------------------------------------------------
  clock clk (rise edge)                    0.00       0.00
  clock network delay (ideal)              0.00       0.00
  input external delay                     0.10       0.10 f
  w[9] (in)                                0.01       0.11 f
  U381/ZN (INVD0)                          0.03       0.15 r
  U37/Z (OR2D0)                            0.04       0.19 r
  U127/ZN (INVD0)                          0.03       0.21 f
  U678/ZN (INVD0)                          0.04       0.25 r
  U792/ZN (NR2D0)                          0.02       0.27 f
  U793/ZN (AOI221D0)                       0.11       0.38 r
  U796/S (FA1D0)                           0.12       0.50 f
  U797/ZN (AOI221D0)                       0.08       0.58 r
  U798/ZN (CKND2D0)                        0.03       0.61 f
  U802/ZN (MAOI222D0)                      0.07       0.68 r
  U804/ZN (MAOI222D0)                      0.05       0.73 f
  U805/ZN (INVD0)                          0.03       0.75 r
  U806/ZN (MAOI222D0)                      0.04       0.79 f
  U807/ZN (INVD0)                          0.03       0.82 r
  U808/ZN (MAOI222D0)                      0.04       0.86 f
  U809/ZN (INVD0)                          0.03       0.89 r
  U810/ZN (MAOI222D0)                      0.04       0.92 f
  U811/ZN (INVD0)                          0.03       0.95 r
  intadd_1_U8/CO (FA1D0)                   0.05       1.00 r
  intadd_1_U7/S (FA1D0)                    0.08       1.08 f
  U530/ZN (MAOI222D0)                      0.07       1.15 r
  U531/ZN (INVD0)                          0.03       1.18 f
  U532/ZN (MAOI222D0)                      0.07       1.25 r
  U533/ZN (INVD0)                          0.03       1.28 f
  U534/ZN (MAOI222D0)                      0.07       1.35 r
  U535/ZN (INVD0)                          0.03       1.38 f
  U536/ZN (MAOI222D0)                      0.07       1.45 r
  U537/ZN (INVD0)                          0.03       1.48 f
  U538/ZN (MAOI222D0)                      0.07       1.55 r
  U539/ZN (INVD0)                          0.03       1.58 f
  U540/ZN (MAOI222D0)                      0.08       1.66 r
  U541/ZN (INVD0)                          0.02       1.68 f
  U545/ZN (AOI21D0)                        0.04       1.71 r
  U547/Z (AO22D0)                          0.05       1.76 r
  x0_out_reg_15_/D (DFCNQD1)               0.00       1.76 r
  data arrival time                                   1.76

  clock clk (rise edge)                    4.00       4.00
  clock network delay (ideal)              0.00       4.00
  x0_out_reg_15_/CP (DFCNQD1)              0.00       4.00 r
  library setup time                      -0.01       3.99
  data required time                                  3.99
  -----------------------------------------------------------
  data required time                                  3.99
  data arrival time                                  -1.76
  -----------------------------------------------------------
  slack (MET)                                         2.23


  Startpoint: w[9] (input port clocked by clk)
  Endpoint: x0_out_reg_15_
            (rising edge-triggered flip-flop clocked by clk)
  Path Group: clk
  Path Type: max

  Des/Clust/Port     Wire Load Model       Library
  ------------------------------------------------
  fft_core           ZeroWireload          tcbn65gplustc_ccs

  Point                                    Incr       Path
  -----------------------------------------------------------
  clock clk (rise edge)                    0.00       0.00
  clock network delay (ideal)              0.00       0.00
  input external delay                     0.10       0.10 f
  w[9] (in)                                0.01       0.11 f
  U381/ZN (INVD0)                          0.03       0.15 r
  U37/Z (OR2D0)                            0.04       0.19 r
  U127/ZN (INVD0)                          0.03       0.21 f
  U678/ZN (INVD0)                          0.04       0.25 r
  U792/ZN (NR2D0)                          0.02       0.27 f
  U793/ZN (AOI221D0)                       0.11       0.38 r
  U796/S (FA1D0)                           0.12       0.50 f
  U797/ZN (AOI221D0)                       0.08       0.58 r
  U798/ZN (CKND2D0)                        0.03       0.61 f
  U802/ZN (MAOI222D0)                      0.07       0.68 r
  U804/ZN (MAOI222D0)                      0.05       0.73 f
  U805/ZN (INVD0)                          0.03       0.75 r
  U806/ZN (MAOI222D0)                      0.04       0.79 f
  U807/ZN (INVD0)                          0.03       0.82 r
  U808/ZN (MAOI222D0)                      0.04       0.86 f
  U809/ZN (INVD0)                          0.03       0.89 r
  U810/ZN (MAOI222D0)                      0.04       0.92 f
  U811/ZN (INVD0)                          0.03       0.95 r
  intadd_1_U8/CO (FA1D0)                   0.05       1.00 r
  intadd_1_U7/S (FA1D0)                    0.08       1.08 f
  U530/ZN (MAOI222D0)                      0.07       1.15 r
  U531/ZN (INVD0)                          0.03       1.18 f
  U532/ZN (MAOI222D0)                      0.07       1.25 r
  U533/ZN (INVD0)                          0.03       1.28 f
  U534/ZN (MAOI222D0)                      0.07       1.35 r
  U535/ZN (INVD0)                          0.03       1.38 f
  U536/ZN (MAOI222D0)                      0.07       1.45 r
  U537/ZN (INVD0)                          0.03       1.48 f
  U538/ZN (MAOI222D0)                      0.07       1.55 r
  U539/ZN (INVD0)                          0.03       1.58 f
  U540/ZN (MAOI222D0)                      0.08       1.66 r
  U541/ZN (INVD0)                          0.02       1.68 f
  U545/ZN (AOI21D0)                        0.04       1.71 r
  U547/Z (AO22D0)                          0.05       1.76 r
  x0_out_reg_15_/D (DFCNQD1)               0.00       1.76 r
  data arrival time                                   1.76

  clock clk (rise edge)                    4.00       4.00
  clock network delay (ideal)              0.00       4.00
  x0_out_reg_15_/CP (DFCNQD1)              0.00       4.00 r
  library setup time                      -0.01       3.99
  data required time                                  3.99
  -----------------------------------------------------------
  data required time                                  3.99
  data arrival time                                  -1.76
  -----------------------------------------------------------
  slack (MET)                                         2.23


  Startpoint: w[9] (input port clocked by clk)
  Endpoint: x0_out_reg_15_
            (rising edge-triggered flip-flop clocked by clk)
  Path Group: clk
  Path Type: max

  Des/Clust/Port     Wire Load Model       Library
  ------------------------------------------------
  fft_core           ZeroWireload          tcbn65gplustc_ccs

  Point                                    Incr       Path
  -----------------------------------------------------------
  clock clk (rise edge)                    0.00       0.00
  clock network delay (ideal)              0.00       0.00
  input external delay                     0.10       0.10 f
  w[9] (in)                                0.01       0.11 f
  U381/ZN (INVD0)                          0.03       0.15 r
  U37/Z (OR2D0)                            0.04       0.19 r
  U127/ZN (INVD0)                          0.03       0.21 f
  U678/ZN (INVD0)                          0.04       0.25 r
  U792/ZN (NR2D0)                          0.02       0.27 f
  U793/ZN (AOI221D0)                       0.11       0.38 r
  U796/S (FA1D0)                           0.12       0.50 f
  U797/ZN (AOI221D0)                       0.08       0.58 r
  U798/ZN (CKND2D0)                        0.03       0.61 f
  U802/ZN (MAOI222D0)                      0.07       0.68 r
  U804/ZN (MAOI222D0)                      0.05       0.73 f
  U805/ZN (INVD0)                          0.03       0.75 r
  U806/ZN (MAOI222D0)                      0.04       0.79 f
  U807/ZN (INVD0)                          0.03       0.82 r
  U808/ZN (MAOI222D0)                      0.04       0.86 f
  U809/ZN (INVD0)                          0.03       0.89 r
  U810/ZN (MAOI222D0)                      0.04       0.92 f
  U811/ZN (INVD0)                          0.03       0.95 r
  intadd_1_U8/CO (FA1D0)                   0.05       1.00 r
  intadd_1_U7/S (FA1D0)                    0.08       1.08 f
  U530/ZN (MAOI222D0)                      0.07       1.15 r
  U531/ZN (INVD0)                          0.03       1.18 f
  U532/ZN (MAOI222D0)                      0.07       1.25 r
  U533/ZN (INVD0)                          0.03       1.28 f
  U534/ZN (MAOI222D0)                      0.07       1.35 r
  U535/ZN (INVD0)                          0.03       1.38 f
  U536/ZN (MAOI222D0)                      0.07       1.45 r
  U537/ZN (INVD0)                          0.03       1.48 f
  U538/ZN (MAOI222D0)                      0.07       1.55 r
  U539/ZN (INVD0)                          0.03       1.58 f
  U540/ZN (MAOI222D0)                      0.08       1.66 r
  U541/ZN (INVD0)                          0.02       1.68 f
  U545/ZN (AOI21D0)                        0.04       1.71 r
  U547/Z (AO22D0)                          0.05       1.76 r
  x0_out_reg_15_/D (DFCNQD1)               0.00       1.76 r
  data arrival time                                   1.76

  clock clk (rise edge)                    4.00       4.00
  clock network delay (ideal)              0.00       4.00
  x0_out_reg_15_/CP (DFCNQD1)              0.00       4.00 r
  library setup time                      -0.01       3.99
  data required time                                  3.99
  -----------------------------------------------------------
  data required time                                  3.99
  data arrival time                                  -1.76
  -----------------------------------------------------------
  slack (MET)                                         2.23


  Startpoint: w[9] (input port clocked by clk)
  Endpoint: x0_out_reg_15_
            (rising edge-triggered flip-flop clocked by clk)
  Path Group: clk
  Path Type: max

  Des/Clust/Port     Wire Load Model       Library
  ------------------------------------------------
  fft_core           ZeroWireload          tcbn65gplustc_ccs

  Point                                    Incr       Path
  -----------------------------------------------------------
  clock clk (rise edge)                    0.00       0.00
  clock network delay (ideal)              0.00       0.00
  input external delay                     0.10       0.10 f
  w[9] (in)                                0.01       0.11 f
  U381/ZN (INVD0)                          0.03       0.15 r
  U37/Z (OR2D0)                            0.04       0.19 r
  U127/ZN (INVD0)                          0.03       0.21 f
  U678/ZN (INVD0)                          0.04       0.25 r
  U792/ZN (NR2D0)                          0.02       0.27 f
  U793/ZN (AOI221D0)                       0.11       0.38 r
  U796/S (FA1D0)                           0.12       0.50 f
  U797/ZN (AOI221D0)                       0.08       0.58 r
  U798/ZN (CKND2D0)                        0.03       0.61 f
  U802/ZN (MAOI222D0)                      0.07       0.68 r
  U804/ZN (MAOI222D0)                      0.05       0.73 f
  U805/ZN (INVD0)                          0.03       0.75 r
  U806/ZN (MAOI222D0)                      0.04       0.79 f
  U807/ZN (INVD0)                          0.03       0.82 r
  U808/ZN (MAOI222D0)                      0.04       0.86 f
  U809/ZN (INVD0)                          0.03       0.89 r
  U810/ZN (MAOI222D0)                      0.04       0.92 f
  U811/ZN (INVD0)                          0.03       0.95 r
  intadd_1_U8/CO (FA1D0)                   0.05       1.00 r
  intadd_1_U7/S (FA1D0)                    0.08       1.08 f
  U530/ZN (MAOI222D0)                      0.07       1.15 r
  U531/ZN (INVD0)                          0.03       1.18 f
  U532/ZN (MAOI222D0)                      0.07       1.25 r
  U533/ZN (INVD0)                          0.03       1.28 f
  U534/ZN (MAOI222D0)                      0.07       1.35 r
  U535/ZN (INVD0)                          0.03       1.38 f
  U536/ZN (MAOI222D0)                      0.07       1.45 r
  U537/ZN (INVD0)                          0.03       1.48 f
  U538/ZN (MAOI222D0)                      0.07       1.55 r
  U539/ZN (INVD0)                          0.03       1.58 f
  U540/ZN (MAOI222D0)                      0.08       1.66 r
  U541/ZN (INVD0)                          0.02       1.68 f
  U545/ZN (AOI21D0)                        0.04       1.71 r
  U547/Z (AO22D0)                          0.05       1.76 r
  x0_out_reg_15_/D (DFCNQD1)               0.00       1.76 r
  data arrival time                                   1.76

  clock clk (rise edge)                    4.00       4.00
  clock network delay (ideal)              0.00       4.00
  x0_out_reg_15_/CP (DFCNQD1)              0.00       4.00 r
  library setup time                      -0.01       3.99
  data required time                                  3.99
  -----------------------------------------------------------
  data required time                                  3.99
  data arrival time                                  -1.76
  -----------------------------------------------------------
  slack (MET)                                         2.23


  Startpoint: w[9] (input port clocked by clk)
  Endpoint: x0_out_reg_15_
            (rising edge-triggered flip-flop clocked by clk)
  Path Group: clk
  Path Type: max

  Des/Clust/Port     Wire Load Model       Library
  ------------------------------------------------
  fft_core           ZeroWireload          tcbn65gplustc_ccs

  Point                                    Incr       Path
  -----------------------------------------------------------
  clock clk (rise edge)                    0.00       0.00
  clock network delay (ideal)              0.00       0.00
  input external delay                     0.10       0.10 f
  w[9] (in)                                0.01       0.11 f
  U381/ZN (INVD0)                          0.03       0.15 r
  U37/Z (OR2D0)                            0.04       0.19 r
  U127/ZN (INVD0)                          0.03       0.21 f
  U678/ZN (INVD0)                          0.04       0.25 r
  U792/ZN (NR2D0)                          0.02       0.27 f
  U793/ZN (AOI221D0)                       0.11       0.38 r
  U796/S (FA1D0)                           0.12       0.50 f
  U797/ZN (AOI221D0)                       0.08       0.58 r
  U798/ZN (CKND2D0)                        0.03       0.61 f
  U802/ZN (MAOI222D0)                      0.07       0.68 r
  U804/ZN (MAOI222D0)                      0.05       0.73 f
  U805/ZN (INVD0)                          0.03       0.75 r
  U806/ZN (MAOI222D0)                      0.04       0.79 f
  U807/ZN (INVD0)                          0.03       0.82 r
  U808/ZN (MAOI222D0)                      0.04       0.86 f
  U809/ZN (INVD0)                          0.03       0.89 r
  U810/ZN (MAOI222D0)                      0.04       0.92 f
  U811/ZN (INVD0)                          0.03       0.95 r
  intadd_1_U8/CO (FA1D0)                   0.05       1.00 r
  intadd_1_U7/S (FA1D0)                    0.08       1.08 f
  U530/ZN (MAOI222D0)                      0.07       1.15 r
  U531/ZN (INVD0)                          0.03       1.18 f
  U532/ZN (MAOI222D0)                      0.07       1.25 r
  U533/ZN (INVD0)                          0.03       1.28 f
  U534/ZN (MAOI222D0)                      0.07       1.35 r
  U535/ZN (INVD0)                          0.03       1.38 f
  U536/ZN (MAOI222D0)                      0.07       1.45 r
  U537/ZN (INVD0)                          0.03       1.48 f
  U538/ZN (MAOI222D0)                      0.07       1.55 r
  U539/ZN (INVD0)                          0.03       1.58 f
  U540/ZN (MAOI222D0)                      0.08       1.65 r
  U541/ZN (INVD0)                          0.02       1.67 f
  U545/ZN (AOI21D0)                        0.04       1.71 r
  U547/Z (AO22D0)                          0.05       1.76 r
  x0_out_reg_15_/D (DFCNQD1)               0.00       1.76 r
  data arrival time                                   1.76

  clock clk (rise edge)                    4.00       4.00
  clock network delay (ideal)              0.00       4.00
  x0_out_reg_15_/CP (DFCNQD1)              0.00       4.00 r
  library setup time                      -0.01       3.99
  data required time                                  3.99
  -----------------------------------------------------------
  data required time                                  3.99
  data arrival time                                  -1.76
  -----------------------------------------------------------
  slack (MET)                                         2.23


  Startpoint: w[9] (input port clocked by clk)
  Endpoint: x0_out_reg_15_
            (rising edge-triggered flip-flop clocked by clk)
  Path Group: clk
  Path Type: max

  Des/Clust/Port     Wire Load Model       Library
  ------------------------------------------------
  fft_core           ZeroWireload          tcbn65gplustc_ccs

  Point                                    Incr       Path
  -----------------------------------------------------------
  clock clk (rise edge)                    0.00       0.00
  clock network delay (ideal)              0.00       0.00
  input external delay                     0.10       0.10 f
  w[9] (in)                                0.01       0.11 f
  U381/ZN (INVD0)                          0.03       0.15 r
  U37/Z (OR2D0)                            0.04       0.19 r
  U127/ZN (INVD0)                          0.03       0.21 f
  U678/ZN (INVD0)                          0.04       0.25 r
  U792/ZN (NR2D0)                          0.02       0.27 f
  U793/ZN (AOI221D0)                       0.11       0.38 r
  U796/S (FA1D0)                           0.12       0.50 f
  U797/ZN (AOI221D0)                       0.08       0.58 r
  U798/ZN (CKND2D0)                        0.03       0.61 f
  U802/ZN (MAOI222D0)                      0.07       0.68 r
  U804/ZN (MAOI222D0)                      0.05       0.73 f
  U805/ZN (INVD0)                          0.03       0.75 r
  U806/ZN (MAOI222D0)                      0.04       0.79 f
  U807/ZN (INVD0)                          0.03       0.82 r
  U808/ZN (MAOI222D0)                      0.04       0.86 f
  U809/ZN (INVD0)                          0.03       0.89 r
  U810/ZN (MAOI222D0)                      0.04       0.92 f
  U811/ZN (INVD0)                          0.03       0.95 r
  intadd_1_U8/CO (FA1D0)                   0.05       1.00 r
  intadd_1_U7/S (FA1D0)                    0.08       1.08 f
  U530/ZN (MAOI222D0)                      0.07       1.15 r
  U531/ZN (INVD0)                          0.03       1.18 f
  U532/ZN (MAOI222D0)                      0.07       1.25 r
  U533/ZN (INVD0)                          0.03       1.28 f
  U534/ZN (MAOI222D0)                      0.07       1.35 r
  U535/ZN (INVD0)                          0.03       1.38 f
  U536/ZN (MAOI222D0)                      0.07       1.45 r
  U537/ZN (INVD0)                          0.03       1.48 f
  U538/ZN (MAOI222D0)                      0.07       1.55 r
  U539/ZN (INVD0)                          0.03       1.58 f
  U540/ZN (MAOI222D0)                      0.08       1.65 r
  U541/ZN (INVD0)                          0.02       1.67 f
  U545/ZN (AOI21D0)                        0.04       1.71 r
  U547/Z (AO22D0)                          0.05       1.76 r
  x0_out_reg_15_/D (DFCNQD1)               0.00       1.76 r
  data arrival time                                   1.76

  clock clk (rise edge)                    4.00       4.00
  clock network delay (ideal)              0.00       4.00
  x0_out_reg_15_/CP (DFCNQD1)              0.00       4.00 r
  library setup time                      -0.01       3.99
  data required time                                  3.99
  -----------------------------------------------------------
  data required time                                  3.99
  data arrival time                                  -1.76
  -----------------------------------------------------------
  slack (MET)                                         2.23


  Startpoint: w[9] (input port clocked by clk)
  Endpoint: x0_out_reg_15_
            (rising edge-triggered flip-flop clocked by clk)
  Path Group: clk
  Path Type: max

  Des/Clust/Port     Wire Load Model       Library
  ------------------------------------------------
  fft_core           ZeroWireload          tcbn65gplustc_ccs

  Point                                    Incr       Path
  -----------------------------------------------------------
  clock clk (rise edge)                    0.00       0.00
  clock network delay (ideal)              0.00       0.00
  input external delay                     0.10       0.10 f
  w[9] (in)                                0.01       0.11 f
  U381/ZN (INVD0)                          0.03       0.15 r
  U37/Z (OR2D0)                            0.04       0.19 r
  U127/ZN (INVD0)                          0.03       0.21 f
  U678/ZN (INVD0)                          0.04       0.25 r
  U792/ZN (NR2D0)                          0.02       0.27 f
  U793/ZN (AOI221D0)                       0.11       0.38 r
  U796/S (FA1D0)                           0.12       0.50 f
  U797/ZN (AOI221D0)                       0.08       0.58 r
  U798/ZN (CKND2D0)                        0.03       0.61 f
  U802/ZN (MAOI222D0)                      0.07       0.68 r
  U804/ZN (MAOI222D0)                      0.05       0.73 f
  U805/ZN (INVD0)                          0.03       0.75 r
  U806/ZN (MAOI222D0)                      0.04       0.79 f
  U807/ZN (INVD0)                          0.03       0.82 r
  U808/ZN (MAOI222D0)                      0.04       0.86 f
  U809/ZN (INVD0)                          0.03       0.89 r
  U810/ZN (MAOI222D0)                      0.04       0.92 f
  U811/ZN (INVD0)                          0.03       0.95 r
  intadd_1_U8/CO (FA1D0)                   0.05       1.00 r
  intadd_1_U7/S (FA1D0)                    0.08       1.08 f
  U530/ZN (MAOI222D0)                      0.07       1.15 r
  U531/ZN (INVD0)                          0.03       1.18 f
  U532/ZN (MAOI222D0)                      0.07       1.25 r
  U533/ZN (INVD0)                          0.03       1.28 f
  U534/ZN (MAOI222D0)                      0.07       1.35 r
  U535/ZN (INVD0)                          0.03       1.38 f
  U536/ZN (MAOI222D0)                      0.07       1.45 r
  U537/ZN (INVD0)                          0.03       1.48 f
  U538/ZN (MAOI222D0)                      0.07       1.55 r
  U539/ZN (INVD0)                          0.03       1.58 f
  U540/ZN (MAOI222D0)                      0.08       1.65 r
  U541/ZN (INVD0)                          0.02       1.67 f
  U545/ZN (AOI21D0)                        0.04       1.71 r
  U547/Z (AO22D0)                          0.05       1.76 r
  x0_out_reg_15_/D (DFCNQD1)               0.00       1.76 r
  data arrival time                                   1.76

  clock clk (rise edge)                    4.00       4.00
  clock network delay (ideal)              0.00       4.00
  x0_out_reg_15_/CP (DFCNQD1)              0.00       4.00 r
  library setup time                      -0.01       3.99
  data required time                                  3.99
  -----------------------------------------------------------
  data required time                                  3.99
  data arrival time                                  -1.76
  -----------------------------------------------------------
  slack (MET)                                         2.23


  Startpoint: w[9] (input port clocked by clk)
  Endpoint: x0_out_reg_15_
            (rising edge-triggered flip-flop clocked by clk)
  Path Group: clk
  Path Type: max

  Des/Clust/Port     Wire Load Model       Library
  ------------------------------------------------
  fft_core           ZeroWireload          tcbn65gplustc_ccs

  Point                                    Incr       Path
  -----------------------------------------------------------
  clock clk (rise edge)                    0.00       0.00
  clock network delay (ideal)              0.00       0.00
  input external delay                     0.10       0.10 f
  w[9] (in)                                0.01       0.11 f
  U381/ZN (INVD0)                          0.03       0.15 r
  U37/Z (OR2D0)                            0.04       0.19 r
  U127/ZN (INVD0)                          0.03       0.21 f
  U678/ZN (INVD0)                          0.04       0.25 r
  U792/ZN (NR2D0)                          0.02       0.27 f
  U793/ZN (AOI221D0)                       0.11       0.38 r
  U796/S (FA1D0)                           0.12       0.50 f
  U797/ZN (AOI221D0)                       0.08       0.58 r
  U798/ZN (CKND2D0)                        0.03       0.61 f
  U802/ZN (MAOI222D0)                      0.07       0.68 r
  U804/ZN (MAOI222D0)                      0.05       0.73 f
  U805/ZN (INVD0)                          0.03       0.75 r
  U806/ZN (MAOI222D0)                      0.04       0.79 f
  U807/ZN (INVD0)                          0.03       0.82 r
  U808/ZN (MAOI222D0)                      0.04       0.86 f
  U809/ZN (INVD0)                          0.03       0.89 r
  U810/ZN (MAOI222D0)                      0.04       0.92 f
  U811/ZN (INVD0)                          0.03       0.95 r
  intadd_1_U8/CO (FA1D0)                   0.05       1.00 r
  intadd_1_U7/S (FA1D0)                    0.08       1.08 f
  U530/ZN (MAOI222D0)                      0.07       1.15 r
  U531/ZN (INVD0)                          0.03       1.18 f
  U532/ZN (MAOI222D0)                      0.07       1.25 r
  U533/ZN (INVD0)                          0.03       1.28 f
  U534/ZN (MAOI222D0)                      0.07       1.35 r
  U535/ZN (INVD0)                          0.03       1.38 f
  U536/ZN (MAOI222D0)                      0.07       1.45 r
  U537/ZN (INVD0)                          0.03       1.48 f
  U538/ZN (MAOI222D0)                      0.07       1.55 r
  U539/ZN (INVD0)                          0.03       1.58 f
  U540/ZN (MAOI222D0)                      0.08       1.65 r
  U541/ZN (INVD0)                          0.02       1.67 f
  U545/ZN (AOI21D0)                        0.04       1.71 r
  U547/Z (AO22D0)                          0.05       1.76 r
  x0_out_reg_15_/D (DFCNQD1)               0.00       1.76 r
  data arrival time                                   1.76

  clock clk (rise edge)                    4.00       4.00
  clock network delay (ideal)              0.00       4.00
  x0_out_reg_15_/CP (DFCNQD1)              0.00       4.00 r
  library setup time                      -0.01       3.99
  data required time                                  3.99
  -----------------------------------------------------------
  data required time                                  3.99
  data arrival time                                  -1.76
  -----------------------------------------------------------
  slack (MET)                                         2.23


1
 
****************************************
Report : timing
        -path full
        -delay min
        -nworst 100
        -max_paths 20
Design : fft_core
Version: U-2022.12-SP7
Date   : Sat Jun 27 21:14:49 2026
****************************************

Operating Conditions: NCCOM   Library: tcbn65gplustc_ccs
Wire Load Model Mode: top

  Startpoint: start (input port clocked by clk)
  Endpoint: done_reg (rising edge-triggered flip-flop clocked by clk)
  Path Group: clk
  Path Type: min

  Des/Clust/Port     Wire Load Model       Library
  ------------------------------------------------
  fft_core           ZeroWireload          tcbn65gplustc_ccs

  Point                                    Incr       Path
  -----------------------------------------------------------
  clock clk (rise edge)                    0.00       0.00
  clock network delay (ideal)              0.00       0.00
  input external delay                     0.10       0.10 f
  start (in)                               0.01       0.11 f
  U72/Z (BUFFD0)                           0.04       0.15 f
  done_reg/D (DFCNQD1)                     0.00       0.15 f
  data arrival time                                   0.15

  clock clk (rise edge)                    0.00       0.00
  clock network delay (ideal)              0.00       0.00
  done_reg/CP (DFCNQD1)                    0.00       0.00 r
  library hold time                        0.03       0.03
  data required time                                  0.03
  -----------------------------------------------------------
  data required time                                  0.03
  data arrival time                                  -0.15
  -----------------------------------------------------------
  slack (MET)                                         0.12


  Startpoint: x0_out_reg_14_
              (rising edge-triggered flip-flop clocked by clk)
  Endpoint: x0_out_reg_14_
            (rising edge-triggered flip-flop clocked by clk)
  Path Group: clk
  Path Type: min

  Des/Clust/Port     Wire Load Model       Library
  ------------------------------------------------
  fft_core           ZeroWireload          tcbn65gplustc_ccs

  Point                                    Incr       Path
  -----------------------------------------------------------
  clock clk (rise edge)                    0.00       0.00
  clock network delay (ideal)              0.00       0.00
  x0_out_reg_14_/CP (DFCNQD1)              0.00       0.00 r
  x0_out_reg_14_/Q (DFCNQD1)               0.11       0.11 f
  U915/ZN (IOA21D0)                        0.04       0.16 f
  x0_out_reg_14_/D (DFCNQD1)               0.00       0.16 f
  data arrival time                                   0.16

  clock clk (rise edge)                    0.00       0.00
  clock network delay (ideal)              0.00       0.00
  x0_out_reg_14_/CP (DFCNQD1)              0.00       0.00 r
  library hold time                        0.03       0.03
  data required time                                  0.03
  -----------------------------------------------------------
  data required time                                  0.03
  data arrival time                                  -0.16
  -----------------------------------------------------------
  slack (MET)                                         0.13


  Startpoint: x0_out_reg_6_
              (rising edge-triggered flip-flop clocked by clk)
  Endpoint: x0_out_reg_6_
            (rising edge-triggered flip-flop clocked by clk)
  Path Group: clk
  Path Type: min

  Des/Clust/Port     Wire Load Model       Library
  ------------------------------------------------
  fft_core           ZeroWireload          tcbn65gplustc_ccs

  Point                                    Incr       Path
  -----------------------------------------------------------
  clock clk (rise edge)                    0.00       0.00
  clock network delay (ideal)              0.00       0.00
  x0_out_reg_6_/CP (DFCNQD1)               0.00       0.00 r
  x0_out_reg_6_/Q (DFCNQD1)                0.11       0.11 f
  U918/ZN (IOA21D0)                        0.04       0.16 f
  x0_out_reg_6_/D (DFCNQD1)                0.00       0.16 f
  data arrival time                                   0.16

  clock clk (rise edge)                    0.00       0.00
  clock network delay (ideal)              0.00       0.00
  x0_out_reg_6_/CP (DFCNQD1)               0.00       0.00 r
  library hold time                        0.03       0.03
  data required time                                  0.03
  -----------------------------------------------------------
  data required time                                  0.03
  data arrival time                                  -0.16
  -----------------------------------------------------------
  slack (MET)                                         0.13


  Startpoint: x1_out_reg_14_
              (rising edge-triggered flip-flop clocked by clk)
  Endpoint: x1_out_reg_14_
            (rising edge-triggered flip-flop clocked by clk)
  Path Group: clk
  Path Type: min

  Des/Clust/Port     Wire Load Model       Library
  ------------------------------------------------
  fft_core           ZeroWireload          tcbn65gplustc_ccs

  Point                                    Incr       Path
  -----------------------------------------------------------
  clock clk (rise edge)                    0.00       0.00
  clock network delay (ideal)              0.00       0.00
  x1_out_reg_14_/CP (DFCNQD1)              0.00       0.00 r
  x1_out_reg_14_/Q (DFCNQD1)               0.11       0.11 f
  U767/Z (AO21D0)                          0.05       0.16 f
  x1_out_reg_14_/D (DFCNQD1)               0.00       0.16 f
  data arrival time                                   0.16

  clock clk (rise edge)                    0.00       0.00
  clock network delay (ideal)              0.00       0.00
  x1_out_reg_14_/CP (DFCNQD1)              0.00       0.00 r
  library hold time                        0.03       0.03
  data required time                                  0.03
  -----------------------------------------------------------
  data required time                                  0.03
  data arrival time                                  -0.16
  -----------------------------------------------------------
  slack (MET)                                         0.13


  Startpoint: x1_out_reg_6_
              (rising edge-triggered flip-flop clocked by clk)
  Endpoint: x1_out_reg_6_
            (rising edge-triggered flip-flop clocked by clk)
  Path Group: clk
  Path Type: min

  Des/Clust/Port     Wire Load Model       Library
  ------------------------------------------------
  fft_core           ZeroWireload          tcbn65gplustc_ccs

  Point                                    Incr       Path
  -----------------------------------------------------------
  clock clk (rise edge)                    0.00       0.00
  clock network delay (ideal)              0.00       0.00
  x1_out_reg_6_/CP (DFCNQD1)               0.00       0.00 r
  x1_out_reg_6_/Q (DFCNQD1)                0.11       0.11 f
  U785/Z (AO21D0)                          0.05       0.16 f
  x1_out_reg_6_/D (DFCNQD1)                0.00       0.16 f
  data arrival time                                   0.16

  clock clk (rise edge)                    0.00       0.00
  clock network delay (ideal)              0.00       0.00
  x1_out_reg_6_/CP (DFCNQD1)               0.00       0.00 r
  library hold time                        0.03       0.03
  data required time                                  0.03
  -----------------------------------------------------------
  data required time                                  0.03
  data arrival time                                  -0.16
  -----------------------------------------------------------
  slack (MET)                                         0.13


  Startpoint: x0_out_reg_13_
              (rising edge-triggered flip-flop clocked by clk)
  Endpoint: x0_out_reg_13_
            (rising edge-triggered flip-flop clocked by clk)
  Path Group: clk
  Path Type: min

  Des/Clust/Port     Wire Load Model       Library
  ------------------------------------------------
  fft_core           ZeroWireload          tcbn65gplustc_ccs

  Point                                    Incr       Path
  -----------------------------------------------------------
  clock clk (rise edge)                    0.00       0.00
  clock network delay (ideal)              0.00       0.00
  x0_out_reg_13_/CP (DFCNQD1)              0.00       0.00 r
  x0_out_reg_13_/Q (DFCNQD1)               0.11       0.11 f
  U909/Z (MUX3D0)                          0.05       0.17 f
  x0_out_reg_13_/D (DFCNQD1)               0.00       0.17 f
  data arrival time                                   0.17

  clock clk (rise edge)                    0.00       0.00
  clock network delay (ideal)              0.00       0.00
  x0_out_reg_13_/CP (DFCNQD1)              0.00       0.00 r
  library hold time                        0.03       0.03
  data required time                                  0.03
  -----------------------------------------------------------
  data required time                                  0.03
  data arrival time                                  -0.17
  -----------------------------------------------------------
  slack (MET)                                         0.14


  Startpoint: x0_out_reg_12_
              (rising edge-triggered flip-flop clocked by clk)
  Endpoint: x0_out_reg_12_
            (rising edge-triggered flip-flop clocked by clk)
  Path Group: clk
  Path Type: min

  Des/Clust/Port     Wire Load Model       Library
  ------------------------------------------------
  fft_core           ZeroWireload          tcbn65gplustc_ccs

  Point                                    Incr       Path
  -----------------------------------------------------------
  clock clk (rise edge)                    0.00       0.00
  clock network delay (ideal)              0.00       0.00
  x0_out_reg_12_/CP (DFCNQD1)              0.00       0.00 r
  x0_out_reg_12_/Q (DFCNQD1)               0.11       0.11 f
  U897/Z (MUX3D0)                          0.05       0.17 f
  x0_out_reg_12_/D (DFCNQD1)               0.00       0.17 f
  data arrival time                                   0.17

  clock clk (rise edge)                    0.00       0.00
  clock network delay (ideal)              0.00       0.00
  x0_out_reg_12_/CP (DFCNQD1)              0.00       0.00 r
  library hold time                        0.03       0.03
  data required time                                  0.03
  -----------------------------------------------------------
  data required time                                  0.03
  data arrival time                                  -0.17
  -----------------------------------------------------------
  slack (MET)                                         0.14


  Startpoint: x0_out_reg_11_
              (rising edge-triggered flip-flop clocked by clk)
  Endpoint: x0_out_reg_11_
            (rising edge-triggered flip-flop clocked by clk)
  Path Group: clk
  Path Type: min

  Des/Clust/Port     Wire Load Model       Library
  ------------------------------------------------
  fft_core           ZeroWireload          tcbn65gplustc_ccs

  Point                                    Incr       Path
  -----------------------------------------------------------
  clock clk (rise edge)                    0.00       0.00
  clock network delay (ideal)              0.00       0.00
  x0_out_reg_11_/CP (DFCNQD1)              0.00       0.00 r
  x0_out_reg_11_/Q (DFCNQD1)               0.11       0.11 f
  U889/Z (MUX3D0)                          0.05       0.17 f
  x0_out_reg_11_/D (DFCNQD1)               0.00       0.17 f
  data arrival time                                   0.17

  clock clk (rise edge)                    0.00       0.00
  clock network delay (ideal)              0.00       0.00
  x0_out_reg_11_/CP (DFCNQD1)              0.00       0.00 r
  library hold time                        0.03       0.03
  data required time                                  0.03
  -----------------------------------------------------------
  data required time                                  0.03
  data arrival time                                  -0.17
  -----------------------------------------------------------
  slack (MET)                                         0.14


  Startpoint: x0_out_reg_10_
              (rising edge-triggered flip-flop clocked by clk)
  Endpoint: x0_out_reg_10_
            (rising edge-triggered flip-flop clocked by clk)
  Path Group: clk
  Path Type: min

  Des/Clust/Port     Wire Load Model       Library
  ------------------------------------------------
  fft_core           ZeroWireload          tcbn65gplustc_ccs

  Point                                    Incr       Path
  -----------------------------------------------------------
  clock clk (rise edge)                    0.00       0.00
  clock network delay (ideal)              0.00       0.00
  x0_out_reg_10_/CP (DFCNQD1)              0.00       0.00 r
  x0_out_reg_10_/Q (DFCNQD1)               0.11       0.11 f
  U881/Z (MUX3D0)                          0.05       0.17 f
  x0_out_reg_10_/D (DFCNQD1)               0.00       0.17 f
  data arrival time                                   0.17

  clock clk (rise edge)                    0.00       0.00
  clock network delay (ideal)              0.00       0.00
  x0_out_reg_10_/CP (DFCNQD1)              0.00       0.00 r
  library hold time                        0.03       0.03
  data required time                                  0.03
  -----------------------------------------------------------
  data required time                                  0.03
  data arrival time                                  -0.17
  -----------------------------------------------------------
  slack (MET)                                         0.14


  Startpoint: x0_out_reg_9_
              (rising edge-triggered flip-flop clocked by clk)
  Endpoint: x0_out_reg_9_
            (rising edge-triggered flip-flop clocked by clk)
  Path Group: clk
  Path Type: min

  Des/Clust/Port     Wire Load Model       Library
  ------------------------------------------------
  fft_core           ZeroWireload          tcbn65gplustc_ccs

  Point                                    Incr       Path
  -----------------------------------------------------------
  clock clk (rise edge)                    0.00       0.00
  clock network delay (ideal)              0.00       0.00
  x0_out_reg_9_/CP (DFCNQD1)               0.00       0.00 r
  x0_out_reg_9_/Q (DFCNQD1)                0.11       0.11 f
  U873/Z (MUX3D0)                          0.05       0.17 f
  x0_out_reg_9_/D (DFCNQD1)                0.00       0.17 f
  data arrival time                                   0.17

  clock clk (rise edge)                    0.00       0.00
  clock network delay (ideal)              0.00       0.00
  x0_out_reg_9_/CP (DFCNQD1)               0.00       0.00 r
  library hold time                        0.03       0.03
  data required time                                  0.03
  -----------------------------------------------------------
  data required time                                  0.03
  data arrival time                                  -0.17
  -----------------------------------------------------------
  slack (MET)                                         0.14


  Startpoint: x0_out_reg_8_
              (rising edge-triggered flip-flop clocked by clk)
  Endpoint: x0_out_reg_8_
            (rising edge-triggered flip-flop clocked by clk)
  Path Group: clk
  Path Type: min

  Des/Clust/Port     Wire Load Model       Library
  ------------------------------------------------
  fft_core           ZeroWireload          tcbn65gplustc_ccs

  Point                                    Incr       Path
  -----------------------------------------------------------
  clock clk (rise edge)                    0.00       0.00
  clock network delay (ideal)              0.00       0.00
  x0_out_reg_8_/CP (DFCNQD1)               0.00       0.00 r
  x0_out_reg_8_/Q (DFCNQD1)                0.11       0.11 f
  U862/Z (MUX3D0)                          0.05       0.17 f
  x0_out_reg_8_/D (DFCNQD1)                0.00       0.17 f
  data arrival time                                   0.17

  clock clk (rise edge)                    0.00       0.00
  clock network delay (ideal)              0.00       0.00
  x0_out_reg_8_/CP (DFCNQD1)               0.00       0.00 r
  library hold time                        0.03       0.03
  data required time                                  0.03
  -----------------------------------------------------------
  data required time                                  0.03
  data arrival time                                  -0.17
  -----------------------------------------------------------
  slack (MET)                                         0.14


  Startpoint: x0_out_reg_5_
              (rising edge-triggered flip-flop clocked by clk)
  Endpoint: x0_out_reg_5_
            (rising edge-triggered flip-flop clocked by clk)
  Path Group: clk
  Path Type: min

  Des/Clust/Port     Wire Load Model       Library
  ------------------------------------------------
  fft_core           ZeroWireload          tcbn65gplustc_ccs

  Point                                    Incr       Path
  -----------------------------------------------------------
  clock clk (rise edge)                    0.00       0.00
  clock network delay (ideal)              0.00       0.00
  x0_out_reg_5_/CP (DFCNQD1)               0.00       0.00 r
  x0_out_reg_5_/Q (DFCNQD1)                0.11       0.11 f
  U910/Z (MUX3D0)                          0.05       0.17 f
  x0_out_reg_5_/D (DFCNQD1)                0.00       0.17 f
  data arrival time                                   0.17

  clock clk (rise edge)                    0.00       0.00
  clock network delay (ideal)              0.00       0.00
  x0_out_reg_5_/CP (DFCNQD1)               0.00       0.00 r
  library hold time                        0.03       0.03
  data required time                                  0.03
  -----------------------------------------------------------
  data required time                                  0.03
  data arrival time                                  -0.17
  -----------------------------------------------------------
  slack (MET)                                         0.14


  Startpoint: x0_out_reg_4_
              (rising edge-triggered flip-flop clocked by clk)
  Endpoint: x0_out_reg_4_
            (rising edge-triggered flip-flop clocked by clk)
  Path Group: clk
  Path Type: min

  Des/Clust/Port     Wire Load Model       Library
  ------------------------------------------------
  fft_core           ZeroWireload          tcbn65gplustc_ccs

  Point                                    Incr       Path
  -----------------------------------------------------------
  clock clk (rise edge)                    0.00       0.00
  clock network delay (ideal)              0.00       0.00
  x0_out_reg_4_/CP (DFCNQD1)               0.00       0.00 r
  x0_out_reg_4_/Q (DFCNQD1)                0.11       0.11 f
  U898/Z (MUX3D0)                          0.05       0.17 f
  x0_out_reg_4_/D (DFCNQD1)                0.00       0.17 f
  data arrival time                                   0.17

  clock clk (rise edge)                    0.00       0.00
  clock network delay (ideal)              0.00       0.00
  x0_out_reg_4_/CP (DFCNQD1)               0.00       0.00 r
  library hold time                        0.03       0.03
  data required time                                  0.03
  -----------------------------------------------------------
  data required time                                  0.03
  data arrival time                                  -0.17
  -----------------------------------------------------------
  slack (MET)                                         0.14


  Startpoint: x0_out_reg_3_
              (rising edge-triggered flip-flop clocked by clk)
  Endpoint: x0_out_reg_3_
            (rising edge-triggered flip-flop clocked by clk)
  Path Group: clk
  Path Type: min

  Des/Clust/Port     Wire Load Model       Library
  ------------------------------------------------
  fft_core           ZeroWireload          tcbn65gplustc_ccs

  Point                                    Incr       Path
  -----------------------------------------------------------
  clock clk (rise edge)                    0.00       0.00
  clock network delay (ideal)              0.00       0.00
  x0_out_reg_3_/CP (DFCNQD1)               0.00       0.00 r
  x0_out_reg_3_/Q (DFCNQD1)                0.11       0.11 f
  U890/Z (MUX3D0)                          0.05       0.17 f
  x0_out_reg_3_/D (DFCNQD1)                0.00       0.17 f
  data arrival time                                   0.17

  clock clk (rise edge)                    0.00       0.00
  clock network delay (ideal)              0.00       0.00
  x0_out_reg_3_/CP (DFCNQD1)               0.00       0.00 r
  library hold time                        0.03       0.03
  data required time                                  0.03
  -----------------------------------------------------------
  data required time                                  0.03
  data arrival time                                  -0.17
  -----------------------------------------------------------
  slack (MET)                                         0.14


  Startpoint: x0_out_reg_2_
              (rising edge-triggered flip-flop clocked by clk)
  Endpoint: x0_out_reg_2_
            (rising edge-triggered flip-flop clocked by clk)
  Path Group: clk
  Path Type: min

  Des/Clust/Port     Wire Load Model       Library
  ------------------------------------------------
  fft_core           ZeroWireload          tcbn65gplustc_ccs

  Point                                    Incr       Path
  -----------------------------------------------------------
  clock clk (rise edge)                    0.00       0.00
  clock network delay (ideal)              0.00       0.00
  x0_out_reg_2_/CP (DFCNQD1)               0.00       0.00 r
  x0_out_reg_2_/Q (DFCNQD1)                0.11       0.11 f
  U882/Z (MUX3D0)                          0.05       0.17 f
  x0_out_reg_2_/D (DFCNQD1)                0.00       0.17 f
  data arrival time                                   0.17

  clock clk (rise edge)                    0.00       0.00
  clock network delay (ideal)              0.00       0.00
  x0_out_reg_2_/CP (DFCNQD1)               0.00       0.00 r
  library hold time                        0.03       0.03
  data required time                                  0.03
  -----------------------------------------------------------
  data required time                                  0.03
  data arrival time                                  -0.17
  -----------------------------------------------------------
  slack (MET)                                         0.14


  Startpoint: x0_out_reg_1_
              (rising edge-triggered flip-flop clocked by clk)
  Endpoint: x0_out_reg_1_
            (rising edge-triggered flip-flop clocked by clk)
  Path Group: clk
  Path Type: min

  Des/Clust/Port     Wire Load Model       Library
  ------------------------------------------------
  fft_core           ZeroWireload          tcbn65gplustc_ccs

  Point                                    Incr       Path
  -----------------------------------------------------------
  clock clk (rise edge)                    0.00       0.00
  clock network delay (ideal)              0.00       0.00
  x0_out_reg_1_/CP (DFCNQD1)               0.00       0.00 r
  x0_out_reg_1_/Q (DFCNQD1)                0.11       0.11 f
  U874/Z (MUX3D0)                          0.05       0.17 f
  x0_out_reg_1_/D (DFCNQD1)                0.00       0.17 f
  data arrival time                                   0.17

  clock clk (rise edge)                    0.00       0.00
  clock network delay (ideal)              0.00       0.00
  x0_out_reg_1_/CP (DFCNQD1)               0.00       0.00 r
  library hold time                        0.03       0.03
  data required time                                  0.03
  -----------------------------------------------------------
  data required time                                  0.03
  data arrival time                                  -0.17
  -----------------------------------------------------------
  slack (MET)                                         0.14


  Startpoint: x0_out_reg_0_
              (rising edge-triggered flip-flop clocked by clk)
  Endpoint: x0_out_reg_0_
            (rising edge-triggered flip-flop clocked by clk)
  Path Group: clk
  Path Type: min

  Des/Clust/Port     Wire Load Model       Library
  ------------------------------------------------
  fft_core           ZeroWireload          tcbn65gplustc_ccs

  Point                                    Incr       Path
  -----------------------------------------------------------
  clock clk (rise edge)                    0.00       0.00
  clock network delay (ideal)              0.00       0.00
  x0_out_reg_0_/CP (DFCNQD1)               0.00       0.00 r
  x0_out_reg_0_/Q (DFCNQD1)                0.11       0.11 f
  U864/Z (MUX3D0)                          0.05       0.17 f
  x0_out_reg_0_/D (DFCNQD1)                0.00       0.17 f
  data arrival time                                   0.17

  clock clk (rise edge)                    0.00       0.00
  clock network delay (ideal)              0.00       0.00
  x0_out_reg_0_/CP (DFCNQD1)               0.00       0.00 r
  library hold time                        0.03       0.03
  data required time                                  0.03
  -----------------------------------------------------------
  data required time                                  0.03
  data arrival time                                  -0.17
  -----------------------------------------------------------
  slack (MET)                                         0.14


  Startpoint: x1_out_reg_2_
              (rising edge-triggered flip-flop clocked by clk)
  Endpoint: x1_out_reg_2_
            (rising edge-triggered flip-flop clocked by clk)
  Path Group: clk
  Path Type: min

  Des/Clust/Port     Wire Load Model       Library
  ------------------------------------------------
  fft_core           ZeroWireload          tcbn65gplustc_ccs

  Point                                    Incr       Path
  -----------------------------------------------------------
  clock clk (rise edge)                    0.00       0.00
  clock network delay (ideal)              0.00       0.00
  x1_out_reg_2_/CP (DFCNQD1)               0.00       0.00 r
  x1_out_reg_2_/Q (DFCNQD1)                0.11       0.11 f
  U880/Z (MUX3D0)                          0.05       0.17 f
  x1_out_reg_2_/D (DFCNQD1)                0.00       0.17 f
  data arrival time                                   0.17

  clock clk (rise edge)                    0.00       0.00
  clock network delay (ideal)              0.00       0.00
  x1_out_reg_2_/CP (DFCNQD1)               0.00       0.00 r
  library hold time                        0.03       0.03
  data required time                                  0.03
  -----------------------------------------------------------
  data required time                                  0.03
  data arrival time                                  -0.17
  -----------------------------------------------------------
  slack (MET)                                         0.14


  Startpoint: x1_out_reg_1_
              (rising edge-triggered flip-flop clocked by clk)
  Endpoint: x1_out_reg_1_
            (rising edge-triggered flip-flop clocked by clk)
  Path Group: clk
  Path Type: min

  Des/Clust/Port     Wire Load Model       Library
  ------------------------------------------------
  fft_core           ZeroWireload          tcbn65gplustc_ccs

  Point                                    Incr       Path
  -----------------------------------------------------------
  clock clk (rise edge)                    0.00       0.00
  clock network delay (ideal)              0.00       0.00
  x1_out_reg_1_/CP (DFCNQD1)               0.00       0.00 r
  x1_out_reg_1_/Q (DFCNQD1)                0.11       0.11 f
  U871/Z (MUX3D0)                          0.05       0.17 f
  x1_out_reg_1_/D (DFCNQD1)                0.00       0.17 f
  data arrival time                                   0.17

  clock clk (rise edge)                    0.00       0.00
  clock network delay (ideal)              0.00       0.00
  x1_out_reg_1_/CP (DFCNQD1)               0.00       0.00 r
  library hold time                        0.03       0.03
  data required time                                  0.03
  -----------------------------------------------------------
  data required time                                  0.03
  data arrival time                                  -0.17
  -----------------------------------------------------------
  slack (MET)                                         0.14


  Startpoint: x1_out_reg_0_
              (rising edge-triggered flip-flop clocked by clk)
  Endpoint: x1_out_reg_0_
            (rising edge-triggered flip-flop clocked by clk)
  Path Group: clk
  Path Type: min

  Des/Clust/Port     Wire Load Model       Library
  ------------------------------------------------
  fft_core           ZeroWireload          tcbn65gplustc_ccs

  Point                                    Incr       Path
  -----------------------------------------------------------
  clock clk (rise edge)                    0.00       0.00
  clock network delay (ideal)              0.00       0.00
  x1_out_reg_0_/CP (DFCNQD1)               0.00       0.00 r
  x1_out_reg_0_/Q (DFCNQD1)                0.11       0.11 f
  U860/Z (MUX3D0)                          0.05       0.17 f
  x1_out_reg_0_/D (DFCNQD1)                0.00       0.17 f
  data arrival time                                   0.17

  clock clk (rise edge)                    0.00       0.00
  clock network delay (ideal)              0.00       0.00
  x1_out_reg_0_/CP (DFCNQD1)               0.00       0.00 r
  library hold time                        0.03       0.03
  data required time                                  0.03
  -----------------------------------------------------------
  data required time                                  0.03
  data arrival time                                  -0.17
  -----------------------------------------------------------
  slack (MET)                                         0.14


1
 
****************************************
Report : timing_requirements
        -attributes
Design : fft_core
Version: U-2022.12-SP7
Date   : Sat Jun 27 21:14:49 2026
****************************************

1
