1
 
****************************************
Report : area
Design : fft_top
Version: U-2022.12-SP7
Date   : Sat Jun 27 22:09:09 2026
****************************************

Information: Updating design information... (UID-85)
Library(s) Used:

    tcbn65gplustc_ccs (File: /courses/ee6350/pdk2025/tcbn65gplus/TSMCHOME/digital/Front_End/timing_power_noise/CCS/tcbn65gplus_200a/tcbn65gplustc_ccs.db)
    USERLIB_nldm_tt_1p00v_1p00v_25c (File: /homes/user/stud/fall25/dr3412/EECS6321_Adv_dig/FFT/FFT_chipathon/memory_compiler/fft_sram/sram00_libs/sram00_nldm_tt_1p00v_1p00v_25c_syn.db)

Number of ports:                          100
Number of nets:                          1697
Number of cells:                         1497
Number of combinational cells:           1415
Number of sequential cells:                80
Number of macros/black boxes:               2
Number of buf/inv:                        636
Number of references:                      66

Combinational area:               3446.280071
Buf/Inv area:                      760.680029
Noncombinational area:             699.840009
Macro/Black Box area:            62301.722656
Net Interconnect area:      undefined  (Wire load has zero net area)

Total cell area:                 66447.842736
Total area:                 undefined
1
Information: Propagating switching activity (medium effort zero delay simulation). (PWR-6)
Warning: Design has unannotated primary inputs. (PWR-414)
Warning: Design has unannotated sequential cell outputs. (PWR-415)
Warning: Design has unannotated black box outputs. (PWR-428)
 
****************************************
Report : power
        -hier
        -analysis_effort medium
Design : fft_top
Version: U-2022.12-SP7
Date   : Sat Jun 27 22:09:09 2026
****************************************


Library(s) Used:

    tcbn65gplustc_ccs (File: /courses/ee6350/pdk2025/tcbn65gplus/TSMCHOME/digital/Front_End/timing_power_noise/CCS/tcbn65gplus_200a/tcbn65gplustc_ccs.db)
    USERLIB_nldm_tt_1p00v_1p00v_25c (File: /homes/user/stud/fall25/dr3412/EECS6321_Adv_dig/FFT/FFT_chipathon/memory_compiler/fft_sram/sram00_libs/sram00_nldm_tt_1p00v_1p00v_25c_syn.db)


Operating Conditions: NCCOM   Library: tcbn65gplustc_ccs
Wire Load Model Mode: top

Design        Wire Load Model            Library
------------------------------------------------
fft_top                ZeroWireload      tcbn65gplustc_ccs


Global Operating Voltage = 1    
Power-specific unit information :
    Voltage Units = 1V
    Capacitance Units = 1.000000pf
    Time Units = 1ns
    Dynamic Power Units = 1mW    (derived from V,C,T units)
    Leakage Power Units = 1nW


--------------------------------------------------------------------------------
                                       Switch   Int      Leak     Total
Hierarchy                              Power    Power    Power    Power    %
--------------------------------------------------------------------------------
fft_top                                8.39e-02    6.589 2.69e+05    6.942 100.0
1
 
****************************************
Report : design
Design : fft_top
Version: U-2022.12-SP7
Date   : Sat Jun 27 22:09:09 2026
****************************************

Design allows ideal nets on clock nets.

Library(s) Used:

    tcbn65gplustc_ccs (File: /courses/ee6350/pdk2025/tcbn65gplus/TSMCHOME/digital/Front_End/timing_power_noise/CCS/tcbn65gplus_200a/tcbn65gplustc_ccs.db)
    USERLIB_nldm_tt_1p00v_1p00v_25c (File: /homes/user/stud/fall25/dr3412/EECS6321_Adv_dig/FFT/FFT_chipathon/memory_compiler/fft_sram/sram00_libs/sram00_nldm_tt_1p00v_1p00v_25c_syn.db)

Local Link Library:

    {tcbn65gplustc_ccs.db}

Flip-Flop Types:

    No flip-flop types specified.

Latch Types:

    No latch types specified.

Operating Conditions:


    Operating Condition Name : NCCOM
    Library : tcbn65gplustc_ccs
    Process :   1.00
    Temperature :  25.00
    Voltage :   1.00
    Interconnect Model : balanced_tree

Wire Loading Model:

    Selected automatically from the total cell area.

Name           :   ZeroWireload
Location       :   tcbn65gplustc_ccs
Resistance     :   1e-05
Capacitance    :   1
Area           :   0
Slope          :   0
Fanout   Length   Points Average Cap Std Deviation
--------------------------------------------------------------
     1     0.00
     2     0.00
     3     0.00
     4     0.00
     5     0.00
     6     0.00
     7     0.00
     8     0.00
     9     0.00
    10     0.00
    11     0.00
    12     0.00
    13     0.00
    14     0.00
    15     0.00
    16     0.00
    17     0.00
    18     0.00
    19     0.00
    20     0.00



Wire Loading Model Mode: top.

Timing Ranges:

    No timing ranges specified.

Pin Input Delays:

    None specified.

Pin Output Delays:

    None specified.

Disabled Timing Arcs:

    No arcs disabled.

Required Licenses:

    DesignWare

Design Parameters:

    DATA_WIDTH => 16
    FFT_POINT => 128
1
 
****************************************
Report : cell
Design : fft_top
Version: U-2022.12-SP7
Date   : Sat Jun 27 22:09:09 2026
****************************************

Attributes:
    b - black box (unknown)
    d - dont_touch
    h - hierarchical
   mo - map_only
    n - noncombinational
    r - removable
    u - contains unmapped logic

Cell                      Reference       Library             Area  Attributes
--------------------------------------------------------------------------------
U988                      INVD1           tcbn65gplustc_ccs
                                                          1.080000  
U989                      INVD1           tcbn65gplustc_ccs
                                                          1.080000  
U990                      INVD1           tcbn65gplustc_ccs
                                                          1.080000  
U991                      INVD1           tcbn65gplustc_ccs
                                                          1.080000  
U992                      NR2XD0          tcbn65gplustc_ccs
                                                          1.440000  
U993                      INVD1           tcbn65gplustc_ccs
                                                          1.080000  
U994                      INVD1           tcbn65gplustc_ccs
                                                          1.080000  
U995                      INVD1           tcbn65gplustc_ccs
                                                          1.080000  
U996                      AN2D1           tcbn65gplustc_ccs
                                                          2.160000  
U997                      AN2D1           tcbn65gplustc_ccs
                                                          2.160000  
U998                      CKBD1           tcbn65gplustc_ccs
                                                          1.440000  
U999                      CKBD1           tcbn65gplustc_ccs
                                                          1.440000  
U1000                     INVD0           tcbn65gplustc_ccs
                                                          1.080000  
U1001                     CKBD4           tcbn65gplustc_ccs
                                                          3.240000  
U1002                     CKBD1           tcbn65gplustc_ccs
                                                          1.440000  
U1003                     INVD1           tcbn65gplustc_ccs
                                                          1.080000  
U1004                     INVD1           tcbn65gplustc_ccs
                                                          1.080000  
U1005                     INVD0           tcbn65gplustc_ccs
                                                          1.080000  
U1006                     INVD0           tcbn65gplustc_ccs
                                                          1.080000  
U1007                     INVD0           tcbn65gplustc_ccs
                                                          1.080000  
U1008                     INVD0           tcbn65gplustc_ccs
                                                          1.080000  
U1009                     INVD0           tcbn65gplustc_ccs
                                                          1.080000  
U1010                     INVD0           tcbn65gplustc_ccs
                                                          1.080000  
U1011                     INVD0           tcbn65gplustc_ccs
                                                          1.080000  
U1012                     INVD0           tcbn65gplustc_ccs
                                                          1.080000  
U1013                     INVD0           tcbn65gplustc_ccs
                                                          1.080000  
U1014                     INVD0           tcbn65gplustc_ccs
                                                          1.080000  
U1015                     INVD0           tcbn65gplustc_ccs
                                                          1.080000  
U1016                     INVD0           tcbn65gplustc_ccs
                                                          1.080000  
U1017                     INVD0           tcbn65gplustc_ccs
                                                          1.080000  
U1018                     INVD0           tcbn65gplustc_ccs
                                                          1.080000  
U1019                     INVD0           tcbn65gplustc_ccs
                                                          1.080000  
U1020                     INVD0           tcbn65gplustc_ccs
                                                          1.080000  
U1021                     INVD0           tcbn65gplustc_ccs
                                                          1.080000  
U1022                     INVD0           tcbn65gplustc_ccs
                                                          1.080000  
U1023                     INVD0           tcbn65gplustc_ccs
                                                          1.080000  
U1024                     INVD0           tcbn65gplustc_ccs
                                                          1.080000  
U1025                     INVD0           tcbn65gplustc_ccs
                                                          1.080000  
U1026                     INVD0           tcbn65gplustc_ccs
                                                          1.080000  
U1027                     INVD0           tcbn65gplustc_ccs
                                                          1.080000  
U1028                     INVD0           tcbn65gplustc_ccs
                                                          1.080000  
U1029                     INVD0           tcbn65gplustc_ccs
                                                          1.080000  
U1030                     INVD0           tcbn65gplustc_ccs
                                                          1.080000  
U1031                     INVD0           tcbn65gplustc_ccs
                                                          1.080000  
U1032                     INVD0           tcbn65gplustc_ccs
                                                          1.080000  
U1033                     INVD1           tcbn65gplustc_ccs
                                                          1.080000  
U1034                     INVD0           tcbn65gplustc_ccs
                                                          1.080000  
U1035                     INVD1           tcbn65gplustc_ccs
                                                          1.080000  
U1036                     INVD1           tcbn65gplustc_ccs
                                                          1.080000  
U1037                     INVD0           tcbn65gplustc_ccs
                                                          1.080000  
U1038                     INVD1           tcbn65gplustc_ccs
                                                          1.080000  
U1039                     INVD0           tcbn65gplustc_ccs
                                                          1.080000  
U1040                     INVD1           tcbn65gplustc_ccs
                                                          1.080000  
U1041                     INVD1           tcbn65gplustc_ccs
                                                          1.080000  
U1042                     INVD0           tcbn65gplustc_ccs
                                                          1.080000  
U1043                     INVD1           tcbn65gplustc_ccs
                                                          1.080000  
U1044                     INVD1           tcbn65gplustc_ccs
                                                          1.080000  
U1045                     INVD0           tcbn65gplustc_ccs
                                                          1.080000  
U1046                     INVD1           tcbn65gplustc_ccs
                                                          1.080000  
U1047                     INVD1           tcbn65gplustc_ccs
                                                          1.080000  
U1048                     INVD0           tcbn65gplustc_ccs
                                                          1.080000  
U1049                     INVD1           tcbn65gplustc_ccs
                                                          1.080000  
U1050                     INVD1           tcbn65gplustc_ccs
                                                          1.080000  
U1051                     INVD0           tcbn65gplustc_ccs
                                                          1.080000  
U1052                     INVD1           tcbn65gplustc_ccs
                                                          1.080000  
U1053                     INVD1           tcbn65gplustc_ccs
                                                          1.080000  
U1054                     INVD0           tcbn65gplustc_ccs
                                                          1.080000  
U1055                     INVD1           tcbn65gplustc_ccs
                                                          1.080000  
U1056                     INVD1           tcbn65gplustc_ccs
                                                          1.080000  
U1057                     INVD0           tcbn65gplustc_ccs
                                                          1.080000  
U1058                     INVD1           tcbn65gplustc_ccs
                                                          1.080000  
U1059                     INVD1           tcbn65gplustc_ccs
                                                          1.080000  
U1060                     INVD0           tcbn65gplustc_ccs
                                                          1.080000  
U1061                     CKBD4           tcbn65gplustc_ccs
                                                          3.240000  
U1062                     CKBD1           tcbn65gplustc_ccs
                                                          1.440000  
U1063                     INVD1           tcbn65gplustc_ccs
                                                          1.080000  
U1064                     INVD1           tcbn65gplustc_ccs
                                                          1.080000  
U1065                     INVD0           tcbn65gplustc_ccs
                                                          1.080000  
U1066                     INVD1           tcbn65gplustc_ccs
                                                          1.080000  
U1067                     INVD1           tcbn65gplustc_ccs
                                                          1.080000  
U1068                     INVD0           tcbn65gplustc_ccs
                                                          1.080000  
U1069                     INVD1           tcbn65gplustc_ccs
                                                          1.080000  
U1070                     INVD1           tcbn65gplustc_ccs
                                                          1.080000  
U1071                     INVD0           tcbn65gplustc_ccs
                                                          1.080000  
U1072                     CKBD4           tcbn65gplustc_ccs
                                                          3.240000  
U1073                     INVD1           tcbn65gplustc_ccs
                                                          1.080000  
U1074                     INVD1           tcbn65gplustc_ccs
                                                          1.080000  
U1075                     INVD0           tcbn65gplustc_ccs
                                                          1.080000  
U1076                     CKBD4           tcbn65gplustc_ccs
                                                          3.240000  
U1077                     INVD1           tcbn65gplustc_ccs
                                                          1.080000  
U1078                     INVD1           tcbn65gplustc_ccs
                                                          1.080000  
U1079                     INVD1           tcbn65gplustc_ccs
                                                          1.080000  
U1080                     INVD0           tcbn65gplustc_ccs
                                                          1.080000  
U1081                     INVD1           tcbn65gplustc_ccs
                                                          1.080000  
U1082                     INVD1           tcbn65gplustc_ccs
                                                          1.080000  
U1083                     INVD0           tcbn65gplustc_ccs
                                                          1.080000  
U1084                     INVD0           tcbn65gplustc_ccs
                                                          1.080000  
U1085                     INVD0           tcbn65gplustc_ccs
                                                          1.080000  
U1086                     INVD0           tcbn65gplustc_ccs
                                                          1.080000  
U1087                     INVD0           tcbn65gplustc_ccs
                                                          1.080000  
U1088                     INVD0           tcbn65gplustc_ccs
                                                          1.080000  
U1089                     INVD0           tcbn65gplustc_ccs
                                                          1.080000  
U1090                     INVD0           tcbn65gplustc_ccs
                                                          1.080000  
U1091                     INVD0           tcbn65gplustc_ccs
                                                          1.080000  
U1092                     INVD0           tcbn65gplustc_ccs
                                                          1.080000  
U1093                     INVD1           tcbn65gplustc_ccs
                                                          1.080000  
U1094                     INVD1           tcbn65gplustc_ccs
                                                          1.080000  
U1095                     INVD0           tcbn65gplustc_ccs
                                                          1.080000  
U1096                     INVD8           tcbn65gplustc_ccs
                                                          4.320000  
U1097                     INVD6           tcbn65gplustc_ccs
                                                          3.240000  
U1098                     INVD0           tcbn65gplustc_ccs
                                                          1.080000  
U1099                     INVD0           tcbn65gplustc_ccs
                                                          1.080000  
U1100                     INVD0           tcbn65gplustc_ccs
                                                          1.080000  
U1101                     INVD8           tcbn65gplustc_ccs
                                                          4.320000  
U1102                     INVD8           tcbn65gplustc_ccs
                                                          4.320000  
U1103                     INVD1           tcbn65gplustc_ccs
                                                          1.080000  
U1104                     OAI22D0         tcbn65gplustc_ccs
                                                          2.520000  
U1105                     INVD0           tcbn65gplustc_ccs
                                                          1.080000  
U1106                     OAI21D0         tcbn65gplustc_ccs
                                                          2.160000  
U1107                     OAI21D0         tcbn65gplustc_ccs
                                                          2.160000  
U1108                     OAI31D0         tcbn65gplustc_ccs
                                                          2.520000  
U1109                     INVD0           tcbn65gplustc_ccs
                                                          1.080000  
U1110                     OAI31D0         tcbn65gplustc_ccs
                                                          2.520000  
U1111                     INVD0           tcbn65gplustc_ccs
                                                          1.080000  
U1112                     INVD0           tcbn65gplustc_ccs
                                                          1.080000  
U1113                     MAOI222D1       tcbn65gplustc_ccs
                                                          2.880000  
U1114                     MAOI222D1       tcbn65gplustc_ccs
                                                          2.880000  
U1115                     MAOI222D1       tcbn65gplustc_ccs
                                                          2.880000  
U1116                     XNR4D1          tcbn65gplustc_ccs
                                                          9.000000  
U1117                     CKAN2D0         tcbn65gplustc_ccs
                                                          2.160000  
U1118                     CKND2D0         tcbn65gplustc_ccs
                                                          1.440000  
U1119                     CKND2D0         tcbn65gplustc_ccs
                                                          1.440000  
U1120                     AN2D0           tcbn65gplustc_ccs
                                                          2.160000  
U1121                     CKND2D0         tcbn65gplustc_ccs
                                                          1.440000  
U1122                     CKND2D0         tcbn65gplustc_ccs
                                                          1.440000  
U1123                     BUFFD0          tcbn65gplustc_ccs
                                                          1.440000  
U1124                     CKND2D0         tcbn65gplustc_ccs
                                                          1.440000  
U1125                     CKND2D0         tcbn65gplustc_ccs
                                                          1.440000  
U1126                     INVD0           tcbn65gplustc_ccs
                                                          1.080000  
U1127                     INVD0           tcbn65gplustc_ccs
                                                          1.080000  
U1128                     BUFFD1          tcbn65gplustc_ccs
                                                          1.440000  
U1129                     BUFFD0          tcbn65gplustc_ccs
                                                          1.440000  
U1130                     INVD2           tcbn65gplustc_ccs
                                                          1.440000  
U1131                     INVD4           tcbn65gplustc_ccs
                                                          2.520000  
U1132                     INVD4           tcbn65gplustc_ccs
                                                          2.520000  
U1133                     BUFFD0          tcbn65gplustc_ccs
                                                          1.440000  
U1134                     INVD2           tcbn65gplustc_ccs
                                                          1.440000  
U1135                     INVD2           tcbn65gplustc_ccs
                                                          1.440000  
U1136                     CKBD1           tcbn65gplustc_ccs
                                                          1.440000  
U1137                     INVD2           tcbn65gplustc_ccs
                                                          1.440000  
U1138                     INVD2           tcbn65gplustc_ccs
                                                          1.440000  
U1139                     INVD0           tcbn65gplustc_ccs
                                                          1.080000  
U1140                     IND2D1          tcbn65gplustc_ccs
                                                          2.160000  
U1141                     INVD0           tcbn65gplustc_ccs
                                                          1.080000  
U1142                     NR2D0           tcbn65gplustc_ccs
                                                          1.440000  
U1143                     NR2D0           tcbn65gplustc_ccs
                                                          1.440000  
U1144                     CKND2D0         tcbn65gplustc_ccs
                                                          1.440000  
U1145                     NR2D0           tcbn65gplustc_ccs
                                                          1.440000  
U1146                     BUFFD0          tcbn65gplustc_ccs
                                                          1.440000  
U1147                     BUFFD0          tcbn65gplustc_ccs
                                                          1.440000  
U1148                     BUFFD0          tcbn65gplustc_ccs
                                                          1.440000  
U1149                     NR2D0           tcbn65gplustc_ccs
                                                          1.440000  
U1150                     OR2D0           tcbn65gplustc_ccs
                                                          2.160000  
U1151                     AOI21D1         tcbn65gplustc_ccs
                                                          2.160000  
U1152                     NR2D0           tcbn65gplustc_ccs
                                                          1.440000  
U1153                     OR2D0           tcbn65gplustc_ccs
                                                          2.160000  
U1154                     CKAN2D0         tcbn65gplustc_ccs
                                                          2.160000  
U1155                     CKAN2D0         tcbn65gplustc_ccs
                                                          2.160000  
U1156                     CKND2D0         tcbn65gplustc_ccs
                                                          1.440000  
U1157                     NR2D0           tcbn65gplustc_ccs
                                                          1.440000  
U1158                     AN3D0           tcbn65gplustc_ccs
                                                          2.520000  
U1159                     NR2D0           tcbn65gplustc_ccs
                                                          1.440000  
U1160                     INVD1           tcbn65gplustc_ccs
                                                          1.080000  
U1161                     BUFFD0          tcbn65gplustc_ccs
                                                          1.440000  
U1162                     NR2D0           tcbn65gplustc_ccs
                                                          1.440000  
U1163                     INVD0           tcbn65gplustc_ccs
                                                          1.080000  
U1164                     INVD0           tcbn65gplustc_ccs
                                                          1.080000  
U1165                     INVD0           tcbn65gplustc_ccs
                                                          1.080000  
U1166                     CKAN2D0         tcbn65gplustc_ccs
                                                          2.160000  
U1167                     CKAN2D0         tcbn65gplustc_ccs
                                                          2.160000  
U1168                     BUFFD0          tcbn65gplustc_ccs
                                                          1.440000  
U1169                     OR3D0           tcbn65gplustc_ccs
                                                          2.520000  
U1170                     BUFFD0          tcbn65gplustc_ccs
                                                          1.440000  
U1171                     BUFFD0          tcbn65gplustc_ccs
                                                          1.440000  
U1172                     BUFFD0          tcbn65gplustc_ccs
                                                          1.440000  
U1173                     BUFFD0          tcbn65gplustc_ccs
                                                          1.440000  
U1174                     BUFFD0          tcbn65gplustc_ccs
                                                          1.440000  
U1175                     INVD0           tcbn65gplustc_ccs
                                                          1.080000  
U1176                     BUFFD0          tcbn65gplustc_ccs
                                                          1.440000  
U1177                     BUFFD0          tcbn65gplustc_ccs
                                                          1.440000  
U1178                     BUFFD0          tcbn65gplustc_ccs
                                                          1.440000  
U1179                     BUFFD0          tcbn65gplustc_ccs
                                                          1.440000  
U1180                     BUFFD0          tcbn65gplustc_ccs
                                                          1.440000  
U1181                     BUFFD0          tcbn65gplustc_ccs
                                                          1.440000  
U1182                     BUFFD0          tcbn65gplustc_ccs
                                                          1.440000  
U1183                     BUFFD0          tcbn65gplustc_ccs
                                                          1.440000  
U1184                     BUFFD0          tcbn65gplustc_ccs
                                                          1.440000  
U1185                     BUFFD0          tcbn65gplustc_ccs
                                                          1.440000  
U1186                     INVD0           tcbn65gplustc_ccs
                                                          1.080000  
U1187                     INVD0           tcbn65gplustc_ccs
                                                          1.080000  
U1188                     BUFFD0          tcbn65gplustc_ccs
                                                          1.440000  
U1189                     INVD0           tcbn65gplustc_ccs
                                                          1.080000  
U1190                     CKND2D1         tcbn65gplustc_ccs
                                                          1.440000  
U1191                     MAOI222D0       tcbn65gplustc_ccs
                                                          2.880000  
U1192                     INVD0           tcbn65gplustc_ccs
                                                          1.080000  
U1193                     MAOI222D0       tcbn65gplustc_ccs
                                                          2.880000  
U1194                     MAOI222D0       tcbn65gplustc_ccs
                                                          2.880000  
U1195                     MAOI222D0       tcbn65gplustc_ccs
                                                          2.880000  
U1196                     XNR4D0          tcbn65gplustc_ccs
                                                          9.000000  
U1197                     MAOI222D0       tcbn65gplustc_ccs
                                                          2.880000  
U1198                     MAOI222D0       tcbn65gplustc_ccs
                                                          2.880000  
U1199                     INVD1           tcbn65gplustc_ccs
                                                          1.080000  
U1200                     INVD0           tcbn65gplustc_ccs
                                                          1.080000  
U1201                     INVD0           tcbn65gplustc_ccs
                                                          1.080000  
U1202                     INVD0           tcbn65gplustc_ccs
                                                          1.080000  
U1203                     INR2XD0         tcbn65gplustc_ccs
                                                          2.160000  
U1204                     NR2XD0          tcbn65gplustc_ccs
                                                          1.440000  
U1205                     INVD0           tcbn65gplustc_ccs
                                                          1.080000  
U1206                     AO211D0         tcbn65gplustc_ccs
                                                          2.880000  
U1207                     OR4D0           tcbn65gplustc_ccs
                                                          2.880000  
U1208                     OAI22D0         tcbn65gplustc_ccs
                                                          2.520000  
U1209                     OAI21D0         tcbn65gplustc_ccs
                                                          2.160000  
U1210                     OAI22D0         tcbn65gplustc_ccs
                                                          2.520000  
U1211                     OAI22D0         tcbn65gplustc_ccs
                                                          2.520000  
U1212                     INVD0           tcbn65gplustc_ccs
                                                          1.080000  
U1213                     INVD0           tcbn65gplustc_ccs
                                                          1.080000  
U1214                     NR2XD0          tcbn65gplustc_ccs
                                                          1.440000  
U1215                     OAI22D0         tcbn65gplustc_ccs
                                                          2.520000  
U1216                     OAI22D0         tcbn65gplustc_ccs
                                                          2.520000  
U1217                     AO21D0          tcbn65gplustc_ccs
                                                          2.520000  
U1218                     OR2D0           tcbn65gplustc_ccs
                                                          2.160000  
U1219                     CKND2D0         tcbn65gplustc_ccs
                                                          1.440000  
U1220                     INVD0           tcbn65gplustc_ccs
                                                          1.080000  
U1221                     INVD0           tcbn65gplustc_ccs
                                                          1.080000  
U1222                     AO21D0          tcbn65gplustc_ccs
                                                          2.520000  
U1223                     INVD0           tcbn65gplustc_ccs
                                                          1.080000  
U1224                     INVD0           tcbn65gplustc_ccs
                                                          1.080000  
U1225                     INVD0           tcbn65gplustc_ccs
                                                          1.080000  
U1226                     OAI21D0         tcbn65gplustc_ccs
                                                          2.160000  
U1227                     OR2D0           tcbn65gplustc_ccs
                                                          2.160000  
U1228                     OR2D0           tcbn65gplustc_ccs
                                                          2.160000  
U1229                     BUFFD0          tcbn65gplustc_ccs
                                                          1.440000  
U1230                     INVD0           tcbn65gplustc_ccs
                                                          1.080000  
U1231                     OAI21D0         tcbn65gplustc_ccs
                                                          2.160000  
U1232                     AOI21D1         tcbn65gplustc_ccs
                                                          2.160000  
U1233                     CKND2D0         tcbn65gplustc_ccs
                                                          1.440000  
U1234                     OR3D0           tcbn65gplustc_ccs
                                                          2.520000  
U1235                     OR3D0           tcbn65gplustc_ccs
                                                          2.520000  
U1236                     OR2D0           tcbn65gplustc_ccs
                                                          2.160000  
U1237                     INVD0           tcbn65gplustc_ccs
                                                          1.080000  
U1238                     NR2D0           tcbn65gplustc_ccs
                                                          1.440000  
U1239                     INVD0           tcbn65gplustc_ccs
                                                          1.080000  
U1240                     AOI22D0         tcbn65gplustc_ccs
                                                          2.520000  
U1241                     OR2D0           tcbn65gplustc_ccs
                                                          2.160000  
U1242                     NR2XD0          tcbn65gplustc_ccs
                                                          1.440000  
U1243                     OR2D0           tcbn65gplustc_ccs
                                                          2.160000  
U1244                     INVD0           tcbn65gplustc_ccs
                                                          1.080000  
U1245                     INVD0           tcbn65gplustc_ccs
                                                          1.080000  
U1246                     INVD0           tcbn65gplustc_ccs
                                                          1.080000  
U1247                     INVD0           tcbn65gplustc_ccs
                                                          1.080000  
U1248                     INVD0           tcbn65gplustc_ccs
                                                          1.080000  
U1249                     INVD0           tcbn65gplustc_ccs
                                                          1.080000  
U1250                     INVD0           tcbn65gplustc_ccs
                                                          1.080000  
U1251                     AOI22D0         tcbn65gplustc_ccs
                                                          2.520000  
U1252                     INVD0           tcbn65gplustc_ccs
                                                          1.080000  
U1253                     INVD0           tcbn65gplustc_ccs
                                                          1.080000  
U1254                     INVD0           tcbn65gplustc_ccs
                                                          1.080000  
U1255                     INVD0           tcbn65gplustc_ccs
                                                          1.080000  
U1256                     INVD0           tcbn65gplustc_ccs
                                                          1.080000  
U1257                     INVD0           tcbn65gplustc_ccs
                                                          1.080000  
U1258                     INVD0           tcbn65gplustc_ccs
                                                          1.080000  
U1259                     INVD0           tcbn65gplustc_ccs
                                                          1.080000  
U1260                     INVD0           tcbn65gplustc_ccs
                                                          1.080000  
U1261                     INVD0           tcbn65gplustc_ccs
                                                          1.080000  
U1262                     INVD0           tcbn65gplustc_ccs
                                                          1.080000  
U1263                     INVD0           tcbn65gplustc_ccs
                                                          1.080000  
U1264                     INVD0           tcbn65gplustc_ccs
                                                          1.080000  
U1265                     INVD0           tcbn65gplustc_ccs
                                                          1.080000  
U1266                     BUFFD0          tcbn65gplustc_ccs
                                                          1.440000  
U1267                     INVD0           tcbn65gplustc_ccs
                                                          1.080000  
U1268                     INVD0           tcbn65gplustc_ccs
                                                          1.080000  
U1269                     INVD0           tcbn65gplustc_ccs
                                                          1.080000  
U1270                     INVD0           tcbn65gplustc_ccs
                                                          1.080000  
U1271                     BUFFD0          tcbn65gplustc_ccs
                                                          1.440000  
U1272                     INVD0           tcbn65gplustc_ccs
                                                          1.080000  
U1273                     BUFFD0          tcbn65gplustc_ccs
                                                          1.440000  
U1274                     BUFFD0          tcbn65gplustc_ccs
                                                          1.440000  
U1275                     BUFFD0          tcbn65gplustc_ccs
                                                          1.440000  
U1276                     BUFFD0          tcbn65gplustc_ccs
                                                          1.440000  
U1277                     BUFFD0          tcbn65gplustc_ccs
                                                          1.440000  
U1278                     BUFFD0          tcbn65gplustc_ccs
                                                          1.440000  
U1279                     INVD0           tcbn65gplustc_ccs
                                                          1.080000  
U1280                     INVD0           tcbn65gplustc_ccs
                                                          1.080000  
U1281                     INVD0           tcbn65gplustc_ccs
                                                          1.080000  
U1282                     INVD0           tcbn65gplustc_ccs
                                                          1.080000  
U1283                     INVD0           tcbn65gplustc_ccs
                                                          1.080000  
U1284                     INVD0           tcbn65gplustc_ccs
                                                          1.080000  
U1285                     BUFFD0          tcbn65gplustc_ccs
                                                          1.440000  
U1286                     INVD0           tcbn65gplustc_ccs
                                                          1.080000  
U1287                     INVD0           tcbn65gplustc_ccs
                                                          1.080000  
U1288                     INVD0           tcbn65gplustc_ccs
                                                          1.080000  
U1289                     INVD0           tcbn65gplustc_ccs
                                                          1.080000  
U1290                     INVD0           tcbn65gplustc_ccs
                                                          1.080000  
U1291                     INVD0           tcbn65gplustc_ccs
                                                          1.080000  
U1292                     INVD0           tcbn65gplustc_ccs
                                                          1.080000  
U1293                     BUFFD0          tcbn65gplustc_ccs
                                                          1.440000  
U1294                     INVD0           tcbn65gplustc_ccs
                                                          1.080000  
U1295                     BUFFD0          tcbn65gplustc_ccs
                                                          1.440000  
U1296                     INVD0           tcbn65gplustc_ccs
                                                          1.080000  
U1297                     INVD0           tcbn65gplustc_ccs
                                                          1.080000  
U1298                     BUFFD0          tcbn65gplustc_ccs
                                                          1.440000  
U1299                     INVD0           tcbn65gplustc_ccs
                                                          1.080000  
U1300                     INVD0           tcbn65gplustc_ccs
                                                          1.080000  
U1301                     INVD0           tcbn65gplustc_ccs
                                                          1.080000  
U1302                     INVD0           tcbn65gplustc_ccs
                                                          1.080000  
U1303                     INVD0           tcbn65gplustc_ccs
                                                          1.080000  
U1304                     INVD0           tcbn65gplustc_ccs
                                                          1.080000  
U1305                     BUFFD0          tcbn65gplustc_ccs
                                                          1.440000  
U1306                     INVD0           tcbn65gplustc_ccs
                                                          1.080000  
U1307                     INVD0           tcbn65gplustc_ccs
                                                          1.080000  
U1308                     INVD0           tcbn65gplustc_ccs
                                                          1.080000  
U1309                     INVD0           tcbn65gplustc_ccs
                                                          1.080000  
U1310                     INVD0           tcbn65gplustc_ccs
                                                          1.080000  
U1311                     BUFFD0          tcbn65gplustc_ccs
                                                          1.440000  
U1312                     INVD0           tcbn65gplustc_ccs
                                                          1.080000  
U1313                     INVD0           tcbn65gplustc_ccs
                                                          1.080000  
U1314                     INVD0           tcbn65gplustc_ccs
                                                          1.080000  
U1315                     INVD0           tcbn65gplustc_ccs
                                                          1.080000  
U1316                     CKAN2D0         tcbn65gplustc_ccs
                                                          2.160000  
U1317                     INVD0           tcbn65gplustc_ccs
                                                          1.080000  
U1318                     INVD0           tcbn65gplustc_ccs
                                                          1.080000  
U1319                     INVD0           tcbn65gplustc_ccs
                                                          1.080000  
U1320                     BUFFD0          tcbn65gplustc_ccs
                                                          1.440000  
U1321                     INVD0           tcbn65gplustc_ccs
                                                          1.080000  
U1322                     INVD0           tcbn65gplustc_ccs
                                                          1.080000  
U1323                     INVD0           tcbn65gplustc_ccs
                                                          1.080000  
U1324                     INVD0           tcbn65gplustc_ccs
                                                          1.080000  
U1325                     INVD0           tcbn65gplustc_ccs
                                                          1.080000  
U1326                     INVD0           tcbn65gplustc_ccs
                                                          1.080000  
U1327                     INVD0           tcbn65gplustc_ccs
                                                          1.080000  
U1328                     INVD0           tcbn65gplustc_ccs
                                                          1.080000  
U1329                     INVD0           tcbn65gplustc_ccs
                                                          1.080000  
U1330                     INVD0           tcbn65gplustc_ccs
                                                          1.080000  
U1331                     INVD0           tcbn65gplustc_ccs
                                                          1.080000  
U1332                     INVD0           tcbn65gplustc_ccs
                                                          1.080000  
U1333                     INVD0           tcbn65gplustc_ccs
                                                          1.080000  
U1334                     INVD0           tcbn65gplustc_ccs
                                                          1.080000  
U1335                     BUFFD0          tcbn65gplustc_ccs
                                                          1.440000  
U1336                     BUFFD0          tcbn65gplustc_ccs
                                                          1.440000  
U1337                     BUFFD0          tcbn65gplustc_ccs
                                                          1.440000  
U1338                     CKAN2D0         tcbn65gplustc_ccs
                                                          2.160000  
U1339                     INVD0           tcbn65gplustc_ccs
                                                          1.080000  
U1340                     INVD0           tcbn65gplustc_ccs
                                                          1.080000  
U1341                     INVD0           tcbn65gplustc_ccs
                                                          1.080000  
U1342                     OR2D0           tcbn65gplustc_ccs
                                                          2.160000  
U1343                     INVD0           tcbn65gplustc_ccs
                                                          1.080000  
U1344                     INVD0           tcbn65gplustc_ccs
                                                          1.080000  
U1345                     INVD0           tcbn65gplustc_ccs
                                                          1.080000  
U1346                     INVD0           tcbn65gplustc_ccs
                                                          1.080000  
U1347                     INVD0           tcbn65gplustc_ccs
                                                          1.080000  
U1348                     INVD0           tcbn65gplustc_ccs
                                                          1.080000  
U1349                     INVD0           tcbn65gplustc_ccs
                                                          1.080000  
U1350                     INVD0           tcbn65gplustc_ccs
                                                          1.080000  
U1351                     INVD0           tcbn65gplustc_ccs
                                                          1.080000  
U1352                     INVD0           tcbn65gplustc_ccs
                                                          1.080000  
U1353                     INVD0           tcbn65gplustc_ccs
                                                          1.080000  
U1354                     BUFFD0          tcbn65gplustc_ccs
                                                          1.440000  
U1355                     INVD0           tcbn65gplustc_ccs
                                                          1.080000  
U1356                     INVD0           tcbn65gplustc_ccs
                                                          1.080000  
U1357                     INVD0           tcbn65gplustc_ccs
                                                          1.080000  
U1358                     INVD0           tcbn65gplustc_ccs
                                                          1.080000  
U1359                     INVD0           tcbn65gplustc_ccs
                                                          1.080000  
U1360                     INVD0           tcbn65gplustc_ccs
                                                          1.080000  
U1361                     INVD0           tcbn65gplustc_ccs
                                                          1.080000  
U1362                     INVD0           tcbn65gplustc_ccs
                                                          1.080000  
U1363                     INVD0           tcbn65gplustc_ccs
                                                          1.080000  
U1364                     INVD0           tcbn65gplustc_ccs
                                                          1.080000  
U1365                     INVD0           tcbn65gplustc_ccs
                                                          1.080000  
U1366                     INVD0           tcbn65gplustc_ccs
                                                          1.080000  
U1367                     INVD0           tcbn65gplustc_ccs
                                                          1.080000  
U1368                     INVD0           tcbn65gplustc_ccs
                                                          1.080000  
U1369                     INVD1           tcbn65gplustc_ccs
                                                          1.080000  
U1370                     INVD0           tcbn65gplustc_ccs
                                                          1.080000  
U1371                     INVD0           tcbn65gplustc_ccs
                                                          1.080000  
U1372                     INVD1           tcbn65gplustc_ccs
                                                          1.080000  
U1373                     INVD0           tcbn65gplustc_ccs
                                                          1.080000  
U1374                     INVD0           tcbn65gplustc_ccs
                                                          1.080000  
U1375                     INVD0           tcbn65gplustc_ccs
                                                          1.080000  
U1376                     INVD0           tcbn65gplustc_ccs
                                                          1.080000  
U1377                     INVD0           tcbn65gplustc_ccs
                                                          1.080000  
U1378                     INVD0           tcbn65gplustc_ccs
                                                          1.080000  
U1379                     INVD0           tcbn65gplustc_ccs
                                                          1.080000  
U1380                     INVD0           tcbn65gplustc_ccs
                                                          1.080000  
U1381                     INVD0           tcbn65gplustc_ccs
                                                          1.080000  
U1382                     INVD0           tcbn65gplustc_ccs
                                                          1.080000  
U1383                     INVD0           tcbn65gplustc_ccs
                                                          1.080000  
U1384                     INVD0           tcbn65gplustc_ccs
                                                          1.080000  
U1385                     INVD0           tcbn65gplustc_ccs
                                                          1.080000  
U1386                     INVD0           tcbn65gplustc_ccs
                                                          1.080000  
U1387                     INVD0           tcbn65gplustc_ccs
                                                          1.080000  
U1388                     INVD0           tcbn65gplustc_ccs
                                                          1.080000  
U1389                     INVD0           tcbn65gplustc_ccs
                                                          1.080000  
U1390                     INVD0           tcbn65gplustc_ccs
                                                          1.080000  
U1391                     INVD0           tcbn65gplustc_ccs
                                                          1.080000  
U1392                     INVD0           tcbn65gplustc_ccs
                                                          1.080000  
U1393                     INVD0           tcbn65gplustc_ccs
                                                          1.080000  
U1394                     INVD0           tcbn65gplustc_ccs
                                                          1.080000  
U1395                     INVD0           tcbn65gplustc_ccs
                                                          1.080000  
U1396                     INVD0           tcbn65gplustc_ccs
                                                          1.080000  
U1397                     INVD0           tcbn65gplustc_ccs
                                                          1.080000  
U1398                     INVD0           tcbn65gplustc_ccs
                                                          1.080000  
U1399                     INVD0           tcbn65gplustc_ccs
                                                          1.080000  
U1400                     INVD0           tcbn65gplustc_ccs
                                                          1.080000  
U1401                     INVD0           tcbn65gplustc_ccs
                                                          1.080000  
U1402                     INVD0           tcbn65gplustc_ccs
                                                          1.080000  
U1403                     INVD0           tcbn65gplustc_ccs
                                                          1.080000  
U1404                     INVD0           tcbn65gplustc_ccs
                                                          1.080000  
U1405                     INVD0           tcbn65gplustc_ccs
                                                          1.080000  
U1406                     INVD0           tcbn65gplustc_ccs
                                                          1.080000  
U1407                     INVD0           tcbn65gplustc_ccs
                                                          1.080000  
U1408                     INVD0           tcbn65gplustc_ccs
                                                          1.080000  
U1409                     INVD0           tcbn65gplustc_ccs
                                                          1.080000  
U1410                     INVD0           tcbn65gplustc_ccs
                                                          1.080000  
U1411                     INVD0           tcbn65gplustc_ccs
                                                          1.080000  
U1412                     INVD0           tcbn65gplustc_ccs
                                                          1.080000  
U1413                     INVD0           tcbn65gplustc_ccs
                                                          1.080000  
U1414                     INVD0           tcbn65gplustc_ccs
                                                          1.080000  
U1415                     INVD0           tcbn65gplustc_ccs
                                                          1.080000  
U1416                     INVD0           tcbn65gplustc_ccs
                                                          1.080000  
U1417                     INVD0           tcbn65gplustc_ccs
                                                          1.080000  
U1418                     INVD0           tcbn65gplustc_ccs
                                                          1.080000  
U1419                     INVD0           tcbn65gplustc_ccs
                                                          1.080000  
U1420                     INVD0           tcbn65gplustc_ccs
                                                          1.080000  
U1421                     INVD0           tcbn65gplustc_ccs
                                                          1.080000  
U1422                     INVD0           tcbn65gplustc_ccs
                                                          1.080000  
U1423                     INVD0           tcbn65gplustc_ccs
                                                          1.080000  
U1424                     INVD0           tcbn65gplustc_ccs
                                                          1.080000  
U1425                     INVD0           tcbn65gplustc_ccs
                                                          1.080000  
U1426                     INVD0           tcbn65gplustc_ccs
                                                          1.080000  
U1427                     INVD0           tcbn65gplustc_ccs
                                                          1.080000  
U1428                     INVD0           tcbn65gplustc_ccs
                                                          1.080000  
U1429                     INVD0           tcbn65gplustc_ccs
                                                          1.080000  
U1430                     INVD0           tcbn65gplustc_ccs
                                                          1.080000  
U1431                     AOI22D0         tcbn65gplustc_ccs
                                                          2.520000  
U1432                     AOI22D0         tcbn65gplustc_ccs
                                                          2.520000  
U1433                     AOI22D0         tcbn65gplustc_ccs
                                                          2.520000  
U1434                     AOI22D0         tcbn65gplustc_ccs
                                                          2.520000  
U1435                     AOI22D0         tcbn65gplustc_ccs
                                                          2.520000  
U1436                     AOI221D0        tcbn65gplustc_ccs
                                                          2.880000  
U1437                     AOI22D0         tcbn65gplustc_ccs
                                                          2.520000  
U1438                     INVD0           tcbn65gplustc_ccs
                                                          1.080000  
U1439                     AOI22D0         tcbn65gplustc_ccs
                                                          2.520000  
U1440                     AOI22D0         tcbn65gplustc_ccs
                                                          2.520000  
U1441                     INVD0           tcbn65gplustc_ccs
                                                          1.080000  
U1442                     INVD0           tcbn65gplustc_ccs
                                                          1.080000  
U1443                     AOI22D0         tcbn65gplustc_ccs
                                                          2.520000  
U1444                     AOI22D0         tcbn65gplustc_ccs
                                                          2.520000  
U1445                     AOI221D0        tcbn65gplustc_ccs
                                                          2.880000  
U1446                     INVD0           tcbn65gplustc_ccs
                                                          1.080000  
U1447                     INVD0           tcbn65gplustc_ccs
                                                          1.080000  
U1448                     INVD0           tcbn65gplustc_ccs
                                                          1.080000  
U1449                     INVD0           tcbn65gplustc_ccs
                                                          1.080000  
U1450                     INVD0           tcbn65gplustc_ccs
                                                          1.080000  
U1451                     INVD0           tcbn65gplustc_ccs
                                                          1.080000  
U1452                     INVD0           tcbn65gplustc_ccs
                                                          1.080000  
U1453                     INVD0           tcbn65gplustc_ccs
                                                          1.080000  
U1454                     INVD0           tcbn65gplustc_ccs
                                                          1.080000  
U1455                     INVD0           tcbn65gplustc_ccs
                                                          1.080000  
U1456                     INVD0           tcbn65gplustc_ccs
                                                          1.080000  
U1457                     INVD0           tcbn65gplustc_ccs
                                                          1.080000  
U1458                     INVD0           tcbn65gplustc_ccs
                                                          1.080000  
U1459                     INVD0           tcbn65gplustc_ccs
                                                          1.080000  
U1460                     INVD0           tcbn65gplustc_ccs
                                                          1.080000  
U1461                     INVD0           tcbn65gplustc_ccs
                                                          1.080000  
U1462                     INVD0           tcbn65gplustc_ccs
                                                          1.080000  
U1463                     INVD0           tcbn65gplustc_ccs
                                                          1.080000  
U1464                     INVD0           tcbn65gplustc_ccs
                                                          1.080000  
U1465                     INVD0           tcbn65gplustc_ccs
                                                          1.080000  
U1466                     INVD0           tcbn65gplustc_ccs
                                                          1.080000  
U1467                     INVD0           tcbn65gplustc_ccs
                                                          1.080000  
U1468                     INVD0           tcbn65gplustc_ccs
                                                          1.080000  
U1469                     INVD0           tcbn65gplustc_ccs
                                                          1.080000  
U1470                     INVD0           tcbn65gplustc_ccs
                                                          1.080000  
U1471                     INVD0           tcbn65gplustc_ccs
                                                          1.080000  
U1472                     INVD0           tcbn65gplustc_ccs
                                                          1.080000  
U1473                     INVD0           tcbn65gplustc_ccs
                                                          1.080000  
U1474                     INVD0           tcbn65gplustc_ccs
                                                          1.080000  
U1475                     INVD0           tcbn65gplustc_ccs
                                                          1.080000  
U1476                     INVD0           tcbn65gplustc_ccs
                                                          1.080000  
U1477                     INVD0           tcbn65gplustc_ccs
                                                          1.080000  
U1478                     INVD0           tcbn65gplustc_ccs
                                                          1.080000  
U1479                     INVD0           tcbn65gplustc_ccs
                                                          1.080000  
U1480                     INVD0           tcbn65gplustc_ccs
                                                          1.080000  
U1481                     INVD0           tcbn65gplustc_ccs
                                                          1.080000  
U1482                     INVD0           tcbn65gplustc_ccs
                                                          1.080000  
U1483                     INVD0           tcbn65gplustc_ccs
                                                          1.080000  
U1484                     INVD0           tcbn65gplustc_ccs
                                                          1.080000  
U1485                     INVD0           tcbn65gplustc_ccs
                                                          1.080000  
U1486                     INVD0           tcbn65gplustc_ccs
                                                          1.080000  
U1487                     INVD0           tcbn65gplustc_ccs
                                                          1.080000  
U1488                     AOI22D0         tcbn65gplustc_ccs
                                                          2.520000  
U1489                     NR2D0           tcbn65gplustc_ccs
                                                          1.440000  
U1490                     NR2D0           tcbn65gplustc_ccs
                                                          1.440000  
U1491                     AOI221D0        tcbn65gplustc_ccs
                                                          2.880000  
U1492                     INVD0           tcbn65gplustc_ccs
                                                          1.080000  
U1493                     INVD0           tcbn65gplustc_ccs
                                                          1.080000  
U1494                     AOI221D0        tcbn65gplustc_ccs
                                                          2.880000  
U1495                     AOI22D0         tcbn65gplustc_ccs
                                                          2.520000  
U1496                     NR2D0           tcbn65gplustc_ccs
                                                          1.440000  
U1497                     INVD0           tcbn65gplustc_ccs
                                                          1.080000  
U1498                     INVD0           tcbn65gplustc_ccs
                                                          1.080000  
U1499                     INVD0           tcbn65gplustc_ccs
                                                          1.080000  
U1500                     INVD0           tcbn65gplustc_ccs
                                                          1.080000  
U1501                     NR2D0           tcbn65gplustc_ccs
                                                          1.440000  
U1502                     AOI221D0        tcbn65gplustc_ccs
                                                          2.880000  
U1503                     AOI221D0        tcbn65gplustc_ccs
                                                          2.880000  
U1504                     ND4D0           tcbn65gplustc_ccs
                                                          2.520000  
U1505                     INVD0           tcbn65gplustc_ccs
                                                          1.080000  
U1506                     INVD0           tcbn65gplustc_ccs
                                                          1.080000  
U1507                     INVD0           tcbn65gplustc_ccs
                                                          1.080000  
U1508                     INVD0           tcbn65gplustc_ccs
                                                          1.080000  
U1509                     INVD0           tcbn65gplustc_ccs
                                                          1.080000  
U1510                     OAI22D0         tcbn65gplustc_ccs
                                                          2.520000  
U1511                     AOI32D0         tcbn65gplustc_ccs
                                                          2.880000  
U1512                     OAI22D0         tcbn65gplustc_ccs
                                                          2.520000  
U1513                     AOI22D0         tcbn65gplustc_ccs
                                                          2.520000  
U1514                     AOI22D0         tcbn65gplustc_ccs
                                                          2.520000  
U1515                     AOI22D0         tcbn65gplustc_ccs
                                                          2.520000  
U1516                     AOI22D0         tcbn65gplustc_ccs
                                                          2.520000  
U1517                     NR2D0           tcbn65gplustc_ccs
                                                          1.440000  
U1518                     BUFFD0          tcbn65gplustc_ccs
                                                          1.440000  
U1519                     BUFFD0          tcbn65gplustc_ccs
                                                          1.440000  
U1520                     AOI22D0         tcbn65gplustc_ccs
                                                          2.520000  
U1521                     AOI221D0        tcbn65gplustc_ccs
                                                          2.880000  
U1522                     AOI22D0         tcbn65gplustc_ccs
                                                          2.520000  
U1523                     NR2D0           tcbn65gplustc_ccs
                                                          1.440000  
U1524                     BUFFD0          tcbn65gplustc_ccs
                                                          1.440000  
U1525                     BUFFD0          tcbn65gplustc_ccs
                                                          1.440000  
U1526                     INVD0           tcbn65gplustc_ccs
                                                          1.080000  
U1527                     AOI22D0         tcbn65gplustc_ccs
                                                          2.520000  
U1528                     BUFFD0          tcbn65gplustc_ccs
                                                          1.440000  
U1529                     AOI22D0         tcbn65gplustc_ccs
                                                          2.520000  
U1530                     AOI22D0         tcbn65gplustc_ccs
                                                          2.520000  
U1531                     NR2D0           tcbn65gplustc_ccs
                                                          1.440000  
U1532                     BUFFD0          tcbn65gplustc_ccs
                                                          1.440000  
U1533                     BUFFD0          tcbn65gplustc_ccs
                                                          1.440000  
U1534                     INVD0           tcbn65gplustc_ccs
                                                          1.080000  
U1535                     AOI22D0         tcbn65gplustc_ccs
                                                          2.520000  
U1536                     AOI22D0         tcbn65gplustc_ccs
                                                          2.520000  
U1537                     AOI22D0         tcbn65gplustc_ccs
                                                          2.520000  
U1538                     INVD0           tcbn65gplustc_ccs
                                                          1.080000  
U1539                     INVD0           tcbn65gplustc_ccs
                                                          1.080000  
U1540                     INVD0           tcbn65gplustc_ccs
                                                          1.080000  
U1541                     BUFFD0          tcbn65gplustc_ccs
                                                          1.440000  
U1542                     BUFFD0          tcbn65gplustc_ccs
                                                          1.440000  
U1543                     BUFFD0          tcbn65gplustc_ccs
                                                          1.440000  
U1544                     AOI22D0         tcbn65gplustc_ccs
                                                          2.520000  
U1545                     BUFFD0          tcbn65gplustc_ccs
                                                          1.440000  
U1546                     BUFFD0          tcbn65gplustc_ccs
                                                          1.440000  
U1547                     AOI22D0         tcbn65gplustc_ccs
                                                          2.520000  
U1548                     BUFFD0          tcbn65gplustc_ccs
                                                          1.440000  
U1549                     BUFFD0          tcbn65gplustc_ccs
                                                          1.440000  
U1550                     NR2D0           tcbn65gplustc_ccs
                                                          1.440000  
U1551                     AOI22D0         tcbn65gplustc_ccs
                                                          2.520000  
U1552                     AOI221D0        tcbn65gplustc_ccs
                                                          2.880000  
U1553                     BUFFD0          tcbn65gplustc_ccs
                                                          1.440000  
U1554                     BUFFD0          tcbn65gplustc_ccs
                                                          1.440000  
U1555                     AOI22D0         tcbn65gplustc_ccs
                                                          2.520000  
U1556                     AOI22D0         tcbn65gplustc_ccs
                                                          2.520000  
U1557                     INVD0           tcbn65gplustc_ccs
                                                          1.080000  
U1558                     INVD0           tcbn65gplustc_ccs
                                                          1.080000  
U1559                     INVD0           tcbn65gplustc_ccs
                                                          1.080000  
U1560                     INVD0           tcbn65gplustc_ccs
                                                          1.080000  
U1561                     INVD0           tcbn65gplustc_ccs
                                                          1.080000  
U1562                     INVD0           tcbn65gplustc_ccs
                                                          1.080000  
U1563                     INVD0           tcbn65gplustc_ccs
                                                          1.080000  
U1564                     INVD0           tcbn65gplustc_ccs
                                                          1.080000  
U1565                     BUFFD0          tcbn65gplustc_ccs
                                                          1.440000  
U1566                     OR2D0           tcbn65gplustc_ccs
                                                          2.160000  
U1567                     INVD0           tcbn65gplustc_ccs
                                                          1.080000  
U1568                     INVD0           tcbn65gplustc_ccs
                                                          1.080000  
U1569                     INVD0           tcbn65gplustc_ccs
                                                          1.080000  
U1570                     INVD0           tcbn65gplustc_ccs
                                                          1.080000  
U1571                     INVD0           tcbn65gplustc_ccs
                                                          1.080000  
U1572                     INVD0           tcbn65gplustc_ccs
                                                          1.080000  
U1573                     INVD0           tcbn65gplustc_ccs
                                                          1.080000  
U1574                     OR3D0           tcbn65gplustc_ccs
                                                          2.520000  
U1575                     INVD0           tcbn65gplustc_ccs
                                                          1.080000  
U1576                     INVD0           tcbn65gplustc_ccs
                                                          1.080000  
U1577                     INVD0           tcbn65gplustc_ccs
                                                          1.080000  
U1578                     INVD0           tcbn65gplustc_ccs
                                                          1.080000  
U1579                     INVD0           tcbn65gplustc_ccs
                                                          1.080000  
U1580                     TIEL            tcbn65gplustc_ccs
                                                          1.080000  
U1581                     TIEH            tcbn65gplustc_ccs
                                                          1.080000  
U1582                     BUFFD0          tcbn65gplustc_ccs
                                                          1.440000  
U1583                     BUFFD0          tcbn65gplustc_ccs
                                                          1.440000  
U1584                     BUFFD0          tcbn65gplustc_ccs
                                                          1.440000  
U1585                     BUFFD0          tcbn65gplustc_ccs
                                                          1.440000  
U1586                     BUFFD0          tcbn65gplustc_ccs
                                                          1.440000  
U1587                     BUFFD0          tcbn65gplustc_ccs
                                                          1.440000  
U1588                     BUFFD0          tcbn65gplustc_ccs
                                                          1.440000  
U1589                     NR2D0           tcbn65gplustc_ccs
                                                          1.440000  
U1590                     CKND2D0         tcbn65gplustc_ccs
                                                          1.440000  
U1591                     NR2D0           tcbn65gplustc_ccs
                                                          1.440000  
U1592                     AOI221D0        tcbn65gplustc_ccs
                                                          2.880000  
U1593                     CKND2D0         tcbn65gplustc_ccs
                                                          1.440000  
U1594                     NR2D0           tcbn65gplustc_ccs
                                                          1.440000  
U1595                     CKND2D0         tcbn65gplustc_ccs
                                                          1.440000  
U1596                     MAOI22D0        tcbn65gplustc_ccs
                                                          2.880000  
U1597                     AOI221D0        tcbn65gplustc_ccs
                                                          2.880000  
U1598                     AOI22D0         tcbn65gplustc_ccs
                                                          2.520000  
U1599                     AOI221D0        tcbn65gplustc_ccs
                                                          2.880000  
U1600                     INVD0           tcbn65gplustc_ccs
                                                          1.080000  
U1601                     INVD0           tcbn65gplustc_ccs
                                                          1.080000  
U1602                     OAI22D0         tcbn65gplustc_ccs
                                                          2.520000  
U1603                     NR2D0           tcbn65gplustc_ccs
                                                          1.440000  
U1604                     INVD0           tcbn65gplustc_ccs
                                                          1.080000  
U1605                     NR2D0           tcbn65gplustc_ccs
                                                          1.440000  
U1606                     INVD0           tcbn65gplustc_ccs
                                                          1.080000  
U1607                     AOI22D0         tcbn65gplustc_ccs
                                                          2.520000  
U1608                     AOI221D0        tcbn65gplustc_ccs
                                                          2.880000  
U1609                     AOI221D0        tcbn65gplustc_ccs
                                                          2.880000  
U1610                     AOI221D0        tcbn65gplustc_ccs
                                                          2.880000  
U1611                     MOAI22D0        tcbn65gplustc_ccs
                                                          2.880000  
U1612                     CKND2D0         tcbn65gplustc_ccs
                                                          1.440000  
U1613                     INVD0           tcbn65gplustc_ccs
                                                          1.080000  
U1614                     CKND2D0         tcbn65gplustc_ccs
                                                          1.440000  
U1615                     INVD0           tcbn65gplustc_ccs
                                                          1.080000  
U1616                     NR2D0           tcbn65gplustc_ccs
                                                          1.440000  
U1617                     AOI221D0        tcbn65gplustc_ccs
                                                          2.880000  
U1618                     AOI22D0         tcbn65gplustc_ccs
                                                          2.520000  
U1619                     AOI221D0        tcbn65gplustc_ccs
                                                          2.880000  
U1620                     AOI22D0         tcbn65gplustc_ccs
                                                          2.520000  
U1621                     AOI221D0        tcbn65gplustc_ccs
                                                          2.880000  
U1622                     INVD0           tcbn65gplustc_ccs
                                                          1.080000  
U1623                     OAI21D0         tcbn65gplustc_ccs
                                                          2.160000  
U1624                     NR2D0           tcbn65gplustc_ccs
                                                          1.440000  
U1625                     CKND2D0         tcbn65gplustc_ccs
                                                          1.440000  
U1626                     INVD0           tcbn65gplustc_ccs
                                                          1.080000  
U1627                     BUFFD0          tcbn65gplustc_ccs
                                                          1.440000  
U1628                     BUFFD0          tcbn65gplustc_ccs
                                                          1.440000  
U1629                     CKND2D0         tcbn65gplustc_ccs
                                                          1.440000  
U1630                     INVD0           tcbn65gplustc_ccs
                                                          1.080000  
U1631                     INVD0           tcbn65gplustc_ccs
                                                          1.080000  
U1632                     CKND2D0         tcbn65gplustc_ccs
                                                          1.440000  
U1633                     CKND2D0         tcbn65gplustc_ccs
                                                          1.440000  
U1634                     CKND2D0         tcbn65gplustc_ccs
                                                          1.440000  
U1635                     INVD0           tcbn65gplustc_ccs
                                                          1.080000  
U1636                     NR2D0           tcbn65gplustc_ccs
                                                          1.440000  
U1637                     AOI22D0         tcbn65gplustc_ccs
                                                          2.520000  
U1638                     AO22D0          tcbn65gplustc_ccs
                                                          2.880000  
U1639                     MUX2ND0         tcbn65gplustc_ccs
                                                          2.880000  
U1640                     AOI221D0        tcbn65gplustc_ccs
                                                          2.880000  
U1641                     OAI221D0        tcbn65gplustc_ccs
                                                          2.880000  
U1642                     MUX2ND0         tcbn65gplustc_ccs
                                                          2.880000  
U1643                     AOI221D0        tcbn65gplustc_ccs
                                                          2.880000  
U1644                     MUX2ND0         tcbn65gplustc_ccs
                                                          2.880000  
U1645                     MUX2ND0         tcbn65gplustc_ccs
                                                          2.880000  
U1646                     NR3D0           tcbn65gplustc_ccs
                                                          2.160000  
U1647                     CKND2D0         tcbn65gplustc_ccs
                                                          1.440000  
U1648                     NR2D0           tcbn65gplustc_ccs
                                                          1.440000  
U1649                     AO211D0         tcbn65gplustc_ccs
                                                          2.880000  
U1650                     INVD0           tcbn65gplustc_ccs
                                                          1.080000  
U1651                     INVD0           tcbn65gplustc_ccs
                                                          1.080000  
U1652                     MAOI222D0       tcbn65gplustc_ccs
                                                          2.880000  
U1653                     INVD0           tcbn65gplustc_ccs
                                                          1.080000  
U1654                     MAOI222D0       tcbn65gplustc_ccs
                                                          2.880000  
U1655                     INVD0           tcbn65gplustc_ccs
                                                          1.080000  
U1656                     MAOI222D0       tcbn65gplustc_ccs
                                                          2.880000  
U1657                     INVD0           tcbn65gplustc_ccs
                                                          1.080000  
U1658                     INVD0           tcbn65gplustc_ccs
                                                          1.080000  
U1659                     MAOI222D0       tcbn65gplustc_ccs
                                                          2.880000  
U1660                     INVD0           tcbn65gplustc_ccs
                                                          1.080000  
U1661                     AOI221D0        tcbn65gplustc_ccs
                                                          2.880000  
U1662                     AOI22D0         tcbn65gplustc_ccs
                                                          2.520000  
U1663                     AOI22D0         tcbn65gplustc_ccs
                                                          2.520000  
U1664                     CKND2D0         tcbn65gplustc_ccs
                                                          1.440000  
U1665                     NR2D0           tcbn65gplustc_ccs
                                                          1.440000  
U1666                     NR3D0           tcbn65gplustc_ccs
                                                          2.160000  
U1667                     NR2D0           tcbn65gplustc_ccs
                                                          1.440000  
U1668                     AOI22D0         tcbn65gplustc_ccs
                                                          2.520000  
U1669                     AOI221D0        tcbn65gplustc_ccs
                                                          2.880000  
U1670                     NR2D0           tcbn65gplustc_ccs
                                                          1.440000  
U1671                     AOI221D0        tcbn65gplustc_ccs
                                                          2.880000  
U1672                     NR2D0           tcbn65gplustc_ccs
                                                          1.440000  
U1673                     AOI221D0        tcbn65gplustc_ccs
                                                          2.880000  
U1674                     IND2D0          tcbn65gplustc_ccs
                                                          2.160000  
U1675                     INVD0           tcbn65gplustc_ccs
                                                          1.080000  
U1676                     BUFFD0          tcbn65gplustc_ccs
                                                          1.440000  
U1677                     BUFFD0          tcbn65gplustc_ccs
                                                          1.440000  
U1678                     BUFFD0          tcbn65gplustc_ccs
                                                          1.440000  
U1679                     AOI21D0         tcbn65gplustc_ccs
                                                          2.160000  
U1680                     BUFFD0          tcbn65gplustc_ccs
                                                          1.440000  
U1681                     BUFFD0          tcbn65gplustc_ccs
                                                          1.440000  
U1682                     AO22D0          tcbn65gplustc_ccs
                                                          2.880000  
U1683                     BUFFD0          tcbn65gplustc_ccs
                                                          1.440000  
U1684                     INVD0           tcbn65gplustc_ccs
                                                          1.080000  
U1685                     BUFFD0          tcbn65gplustc_ccs
                                                          1.440000  
U1686                     INVD0           tcbn65gplustc_ccs
                                                          1.080000  
U1687                     INVD0           tcbn65gplustc_ccs
                                                          1.080000  
U1688                     AOI22D0         tcbn65gplustc_ccs
                                                          2.520000  
U1689                     CKND2D0         tcbn65gplustc_ccs
                                                          1.440000  
U1690                     NR2D0           tcbn65gplustc_ccs
                                                          1.440000  
U1691                     AO21D0          tcbn65gplustc_ccs
                                                          2.520000  
U1692                     MAOI22D0        tcbn65gplustc_ccs
                                                          2.880000  
U1693                     BUFFD0          tcbn65gplustc_ccs
                                                          1.440000  
U1694                     CKND2D0         tcbn65gplustc_ccs
                                                          1.440000  
U1695                     BUFFD0          tcbn65gplustc_ccs
                                                          1.440000  
U1696                     NR2D0           tcbn65gplustc_ccs
                                                          1.440000  
U1697                     BUFFD0          tcbn65gplustc_ccs
                                                          1.440000  
U1698                     BUFFD0          tcbn65gplustc_ccs
                                                          1.440000  
U1699                     INVD0           tcbn65gplustc_ccs
                                                          1.080000  
U1700                     BUFFD0          tcbn65gplustc_ccs
                                                          1.440000  
U1701                     BUFFD0          tcbn65gplustc_ccs
                                                          1.440000  
U1702                     AO222D0         tcbn65gplustc_ccs
                                                          4.320000  
U1703                     BUFFD0          tcbn65gplustc_ccs
                                                          1.440000  
U1704                     BUFFD0          tcbn65gplustc_ccs
                                                          1.440000  
U1705                     AO222D0         tcbn65gplustc_ccs
                                                          4.320000  
U1706                     AO222D0         tcbn65gplustc_ccs
                                                          4.320000  
U1707                     BUFFD0          tcbn65gplustc_ccs
                                                          1.440000  
U1708                     BUFFD0          tcbn65gplustc_ccs
                                                          1.440000  
U1709                     AO222D0         tcbn65gplustc_ccs
                                                          4.320000  
U1710                     BUFFD0          tcbn65gplustc_ccs
                                                          1.440000  
U1711                     AO222D0         tcbn65gplustc_ccs
                                                          4.320000  
U1712                     AO222D0         tcbn65gplustc_ccs
                                                          4.320000  
U1713                     BUFFD0          tcbn65gplustc_ccs
                                                          1.440000  
U1714                     AO222D0         tcbn65gplustc_ccs
                                                          4.320000  
U1715                     AO222D0         tcbn65gplustc_ccs
                                                          4.320000  
U1716                     AO222D0         tcbn65gplustc_ccs
                                                          4.320000  
U1717                     BUFFD0          tcbn65gplustc_ccs
                                                          1.440000  
U1718                     BUFFD0          tcbn65gplustc_ccs
                                                          1.440000  
U1719                     AO222D0         tcbn65gplustc_ccs
                                                          4.320000  
U1720                     AO222D0         tcbn65gplustc_ccs
                                                          4.320000  
U1721                     AO222D0         tcbn65gplustc_ccs
                                                          4.320000  
U1722                     BUFFD0          tcbn65gplustc_ccs
                                                          1.440000  
U1723                     AO222D0         tcbn65gplustc_ccs
                                                          4.320000  
U1724                     BUFFD0          tcbn65gplustc_ccs
                                                          1.440000  
U1725                     AO222D0         tcbn65gplustc_ccs
                                                          4.320000  
U1726                     AO222D0         tcbn65gplustc_ccs
                                                          4.320000  
U1727                     AO222D0         tcbn65gplustc_ccs
                                                          4.320000  
U1728                     OAI21D0         tcbn65gplustc_ccs
                                                          2.160000  
U1729                     OAI211D0        tcbn65gplustc_ccs
                                                          2.520000  
U1730                     ND4D0           tcbn65gplustc_ccs
                                                          2.520000  
U1731                     CKND2D0         tcbn65gplustc_ccs
                                                          1.440000  
U1732                     CKND2D0         tcbn65gplustc_ccs
                                                          1.440000  
U1733                     AOI22D0         tcbn65gplustc_ccs
                                                          2.520000  
U1734                     INVD0           tcbn65gplustc_ccs
                                                          1.080000  
U1735                     OAI22D0         tcbn65gplustc_ccs
                                                          2.520000  
U1736                     OAI22D0         tcbn65gplustc_ccs
                                                          2.520000  
U1737                     OAI22D0         tcbn65gplustc_ccs
                                                          2.520000  
U1738                     OAI22D0         tcbn65gplustc_ccs
                                                          2.520000  
U1739                     OAI22D0         tcbn65gplustc_ccs
                                                          2.520000  
U1740                     NR2D0           tcbn65gplustc_ccs
                                                          1.440000  
U1741                     INVD0           tcbn65gplustc_ccs
                                                          1.080000  
U1742                     CKND2D0         tcbn65gplustc_ccs
                                                          1.440000  
U1743                     CKND2D0         tcbn65gplustc_ccs
                                                          1.440000  
U1744                     AOI22D0         tcbn65gplustc_ccs
                                                          2.520000  
U1745                     INVD0           tcbn65gplustc_ccs
                                                          1.080000  
U1746                     OAI22D0         tcbn65gplustc_ccs
                                                          2.520000  
U1747                     OAI22D0         tcbn65gplustc_ccs
                                                          2.520000  
U1748                     OAI22D0         tcbn65gplustc_ccs
                                                          2.520000  
U1749                     OAI22D0         tcbn65gplustc_ccs
                                                          2.520000  
U1750                     OAI22D0         tcbn65gplustc_ccs
                                                          2.520000  
U1751                     OAI222D0        tcbn65gplustc_ccs
                                                          3.240000  
U1752                     CKND2D0         tcbn65gplustc_ccs
                                                          1.440000  
U1753                     INVD0           tcbn65gplustc_ccs
                                                          1.080000  
U1754                     NR2D0           tcbn65gplustc_ccs
                                                          1.440000  
U1755                     INVD0           tcbn65gplustc_ccs
                                                          1.080000  
U1756                     INVD0           tcbn65gplustc_ccs
                                                          1.080000  
U1757                     BUFFD0          tcbn65gplustc_ccs
                                                          1.440000  
U1758                     AOI22D0         tcbn65gplustc_ccs
                                                          2.520000  
U1759                     OAI31D0         tcbn65gplustc_ccs
                                                          2.520000  
U1760                     CKND2D0         tcbn65gplustc_ccs
                                                          1.440000  
U1761                     MOAI22D0        tcbn65gplustc_ccs
                                                          2.880000  
U1762                     OAI22D0         tcbn65gplustc_ccs
                                                          2.520000  
U1763                     AOI21D0         tcbn65gplustc_ccs
                                                          2.160000  
U1764                     OAI31D0         tcbn65gplustc_ccs
                                                          2.520000  
U1765                     INVD0           tcbn65gplustc_ccs
                                                          1.080000  
U1766                     OAI22D0         tcbn65gplustc_ccs
                                                          2.520000  
U1767                     AOI211D0        tcbn65gplustc_ccs
                                                          2.520000  
U1768                     AOI22D0         tcbn65gplustc_ccs
                                                          2.520000  
U1769                     XOR2D0          tcbn65gplustc_ccs
                                                          3.600000  
U1770                     MAOI22D0        tcbn65gplustc_ccs
                                                          2.880000  
U1771                     NR2D0           tcbn65gplustc_ccs
                                                          1.440000  
U1772                     AOI221D0        tcbn65gplustc_ccs
                                                          2.880000  
U1773                     BUFFD0          tcbn65gplustc_ccs
                                                          1.440000  
U1774                     ND3D0           tcbn65gplustc_ccs
                                                          2.160000  
U1775                     INVD0           tcbn65gplustc_ccs
                                                          1.080000  
U1776                     AOI22D0         tcbn65gplustc_ccs
                                                          2.520000  
U1777                     AOI22D0         tcbn65gplustc_ccs
                                                          2.520000  
U1778                     OAI31D0         tcbn65gplustc_ccs
                                                          2.520000  
U1779                     AOI22D0         tcbn65gplustc_ccs
                                                          2.520000  
U1780                     AOI22D0         tcbn65gplustc_ccs
                                                          2.520000  
U1781                     OAI31D0         tcbn65gplustc_ccs
                                                          2.520000  
U1782                     AO222D0         tcbn65gplustc_ccs
                                                          4.320000  
U1783                     AOI21D0         tcbn65gplustc_ccs
                                                          2.160000  
U1784                     BUFFD0          tcbn65gplustc_ccs
                                                          1.440000  
U1785                     AOI22D0         tcbn65gplustc_ccs
                                                          2.520000  
U1786                     BUFFD0          tcbn65gplustc_ccs
                                                          1.440000  
U1787                     INVD0           tcbn65gplustc_ccs
                                                          1.080000  
U1788                     AOI22D0         tcbn65gplustc_ccs
                                                          2.520000  
U1789                     OAI211D0        tcbn65gplustc_ccs
                                                          2.520000  
U1790                     AOI22D0         tcbn65gplustc_ccs
                                                          2.520000  
U1791                     OAI221D0        tcbn65gplustc_ccs
                                                          2.880000  
U1792                     OAI211D0        tcbn65gplustc_ccs
                                                          2.520000  
U1793                     OAI211D0        tcbn65gplustc_ccs
                                                          2.520000  
U1794                     NR2D0           tcbn65gplustc_ccs
                                                          1.440000  
U1795                     AOI21D0         tcbn65gplustc_ccs
                                                          2.160000  
U1796                     BUFFD0          tcbn65gplustc_ccs
                                                          1.440000  
U1797                     AOI22D0         tcbn65gplustc_ccs
                                                          2.520000  
U1798                     AOI22D0         tcbn65gplustc_ccs
                                                          2.520000  
U1799                     OAI211D0        tcbn65gplustc_ccs
                                                          2.520000  
U1800                     NR2D0           tcbn65gplustc_ccs
                                                          1.440000  
U1801                     INVD0           tcbn65gplustc_ccs
                                                          1.080000  
U1802                     NR2D0           tcbn65gplustc_ccs
                                                          1.440000  
U1803                     AOI21D0         tcbn65gplustc_ccs
                                                          2.160000  
U1804                     AOI22D0         tcbn65gplustc_ccs
                                                          2.520000  
U1805                     AOI22D0         tcbn65gplustc_ccs
                                                          2.520000  
U1806                     OAI211D0        tcbn65gplustc_ccs
                                                          2.520000  
U1807                     NR2D0           tcbn65gplustc_ccs
                                                          1.440000  
U1808                     INVD0           tcbn65gplustc_ccs
                                                          1.080000  
U1809                     NR2D0           tcbn65gplustc_ccs
                                                          1.440000  
U1810                     AOI21D0         tcbn65gplustc_ccs
                                                          2.160000  
U1811                     AOI22D0         tcbn65gplustc_ccs
                                                          2.520000  
U1812                     AOI22D0         tcbn65gplustc_ccs
                                                          2.520000  
U1813                     OAI211D0        tcbn65gplustc_ccs
                                                          2.520000  
U1814                     INVD0           tcbn65gplustc_ccs
                                                          1.080000  
U1815                     NR2D0           tcbn65gplustc_ccs
                                                          1.440000  
U1816                     INVD0           tcbn65gplustc_ccs
                                                          1.080000  
U1817                     NR2D0           tcbn65gplustc_ccs
                                                          1.440000  
U1818                     AOI21D0         tcbn65gplustc_ccs
                                                          2.160000  
U1819                     AOI22D0         tcbn65gplustc_ccs
                                                          2.520000  
U1820                     AOI22D0         tcbn65gplustc_ccs
                                                          2.520000  
U1821                     OAI211D0        tcbn65gplustc_ccs
                                                          2.520000  
U1822                     NR2D0           tcbn65gplustc_ccs
                                                          1.440000  
U1823                     INVD0           tcbn65gplustc_ccs
                                                          1.080000  
U1824                     NR2D0           tcbn65gplustc_ccs
                                                          1.440000  
U1825                     AOI21D0         tcbn65gplustc_ccs
                                                          2.160000  
U1826                     AOI22D0         tcbn65gplustc_ccs
                                                          2.520000  
U1827                     AOI22D0         tcbn65gplustc_ccs
                                                          2.520000  
U1828                     OAI211D0        tcbn65gplustc_ccs
                                                          2.520000  
U1829                     OAI21D0         tcbn65gplustc_ccs
                                                          2.160000  
U1830                     OAI31D0         tcbn65gplustc_ccs
                                                          2.520000  
U1831                     AOI22D0         tcbn65gplustc_ccs
                                                          2.520000  
U1832                     AOI22D0         tcbn65gplustc_ccs
                                                          2.520000  
U1833                     OAI211D0        tcbn65gplustc_ccs
                                                          2.520000  
U1834                     CKAN2D0         tcbn65gplustc_ccs
                                                          2.160000  
U1835                     AOI22D0         tcbn65gplustc_ccs
                                                          2.520000  
U1836                     NR2D0           tcbn65gplustc_ccs
                                                          1.440000  
U1837                     OAI221D0        tcbn65gplustc_ccs
                                                          2.880000  
U1838                     CKND2D0         tcbn65gplustc_ccs
                                                          1.440000  
U1839                     BUFFD0          tcbn65gplustc_ccs
                                                          1.440000  
U1840                     NR2D0           tcbn65gplustc_ccs
                                                          1.440000  
U1841                     INVD0           tcbn65gplustc_ccs
                                                          1.080000  
U1842                     MAOI222D0       tcbn65gplustc_ccs
                                                          2.880000  
U1843                     INVD0           tcbn65gplustc_ccs
                                                          1.080000  
U1844                     MUX2ND0         tcbn65gplustc_ccs
                                                          2.880000  
U1845                     INVD0           tcbn65gplustc_ccs
                                                          1.080000  
U1846                     INVD0           tcbn65gplustc_ccs
                                                          1.080000  
U1847                     AOI221D0        tcbn65gplustc_ccs
                                                          2.880000  
U1848                     AO21D0          tcbn65gplustc_ccs
                                                          2.520000  
U1849                     BUFFD0          tcbn65gplustc_ccs
                                                          1.440000  
U1850                     NR2D0           tcbn65gplustc_ccs
                                                          1.440000  
U1851                     INVD0           tcbn65gplustc_ccs
                                                          1.080000  
U1852                     MAOI222D0       tcbn65gplustc_ccs
                                                          2.880000  
U1853                     MUX2ND0         tcbn65gplustc_ccs
                                                          2.880000  
U1854                     INVD0           tcbn65gplustc_ccs
                                                          1.080000  
U1855                     INVD0           tcbn65gplustc_ccs
                                                          1.080000  
U1856                     AOI221D0        tcbn65gplustc_ccs
                                                          2.880000  
U1857                     AO21D0          tcbn65gplustc_ccs
                                                          2.520000  
U1858                     INVD0           tcbn65gplustc_ccs
                                                          1.080000  
U1859                     MAOI222D0       tcbn65gplustc_ccs
                                                          2.880000  
U1860                     MAOI222D0       tcbn65gplustc_ccs
                                                          2.880000  
U1861                     INVD0           tcbn65gplustc_ccs
                                                          1.080000  
U1862                     INVD0           tcbn65gplustc_ccs
                                                          1.080000  
U1863                     MUX2ND0         tcbn65gplustc_ccs
                                                          2.880000  
U1864                     INVD0           tcbn65gplustc_ccs
                                                          1.080000  
U1865                     AOI221D0        tcbn65gplustc_ccs
                                                          2.880000  
U1866                     AO21D0          tcbn65gplustc_ccs
                                                          2.520000  
U1867                     INVD0           tcbn65gplustc_ccs
                                                          1.080000  
U1868                     MAOI222D0       tcbn65gplustc_ccs
                                                          2.880000  
U1869                     MAOI222D0       tcbn65gplustc_ccs
                                                          2.880000  
U1870                     INVD0           tcbn65gplustc_ccs
                                                          1.080000  
U1871                     MUX2ND0         tcbn65gplustc_ccs
                                                          2.880000  
U1872                     INVD0           tcbn65gplustc_ccs
                                                          1.080000  
U1873                     AOI221D0        tcbn65gplustc_ccs
                                                          2.880000  
U1874                     AO21D0          tcbn65gplustc_ccs
                                                          2.520000  
U1875                     MAOI222D0       tcbn65gplustc_ccs
                                                          2.880000  
U1876                     INVD0           tcbn65gplustc_ccs
                                                          1.080000  
U1877                     INVD0           tcbn65gplustc_ccs
                                                          1.080000  
U1878                     MOAI22D0        tcbn65gplustc_ccs
                                                          2.880000  
U1879                     INVD0           tcbn65gplustc_ccs
                                                          1.080000  
U1880                     AOI221D0        tcbn65gplustc_ccs
                                                          2.880000  
U1881                     AO21D0          tcbn65gplustc_ccs
                                                          2.520000  
U1882                     INVD0           tcbn65gplustc_ccs
                                                          1.080000  
U1883                     MAOI222D0       tcbn65gplustc_ccs
                                                          2.880000  
U1884                     MAOI22D0        tcbn65gplustc_ccs
                                                          2.880000  
U1885                     AOI22D0         tcbn65gplustc_ccs
                                                          2.520000  
U1886                     AOI22D0         tcbn65gplustc_ccs
                                                          2.520000  
U1887                     NR2D0           tcbn65gplustc_ccs
                                                          1.440000  
U1888                     AOI22D0         tcbn65gplustc_ccs
                                                          2.520000  
U1889                     OAI221D0        tcbn65gplustc_ccs
                                                          2.880000  
U1890                     INVD0           tcbn65gplustc_ccs
                                                          1.080000  
U1891                     NR2D0           tcbn65gplustc_ccs
                                                          1.440000  
U1892                     AOI221D0        tcbn65gplustc_ccs
                                                          2.880000  
U1893                     NR2D0           tcbn65gplustc_ccs
                                                          1.440000  
U1894                     AOI221D0        tcbn65gplustc_ccs
                                                          2.880000  
U1895                     MAOI222D0       tcbn65gplustc_ccs
                                                          2.880000  
U1896                     INVD0           tcbn65gplustc_ccs
                                                          1.080000  
U1897                     MAOI222D0       tcbn65gplustc_ccs
                                                          2.880000  
U1898                     MAOI22D0        tcbn65gplustc_ccs
                                                          2.880000  
U1899                     INR2D0          tcbn65gplustc_ccs
                                                          2.160000  
U1900                     MAOI222D0       tcbn65gplustc_ccs
                                                          2.880000  
U1901                     INVD0           tcbn65gplustc_ccs
                                                          1.080000  
U1902                     MAOI222D0       tcbn65gplustc_ccs
                                                          2.880000  
U1903                     INVD0           tcbn65gplustc_ccs
                                                          1.080000  
U1904                     MAOI222D0       tcbn65gplustc_ccs
                                                          2.880000  
U1905                     INVD0           tcbn65gplustc_ccs
                                                          1.080000  
U1906                     INVD0           tcbn65gplustc_ccs
                                                          1.080000  
U1907                     MAOI222D0       tcbn65gplustc_ccs
                                                          2.880000  
U1908                     MAOI22D0        tcbn65gplustc_ccs
                                                          2.880000  
U1909                     INVD0           tcbn65gplustc_ccs
                                                          1.080000  
U1910                     ND4D0           tcbn65gplustc_ccs
                                                          2.520000  
U1911                     INVD0           tcbn65gplustc_ccs
                                                          1.080000  
U1912                     CKND2D0         tcbn65gplustc_ccs
                                                          1.440000  
U1913                     OAI211D0        tcbn65gplustc_ccs
                                                          2.520000  
U1914                     AOI22D0         tcbn65gplustc_ccs
                                                          2.520000  
U1915                     OAI221D0        tcbn65gplustc_ccs
                                                          2.880000  
U1916                     CKND2D0         tcbn65gplustc_ccs
                                                          1.440000  
U1917                     OAI21D0         tcbn65gplustc_ccs
                                                          2.160000  
U1918                     AOI221D0        tcbn65gplustc_ccs
                                                          2.880000  
U1919                     INVD0           tcbn65gplustc_ccs
                                                          1.080000  
U1920                     AOI211D0        tcbn65gplustc_ccs
                                                          2.520000  
U1921                     NR2D0           tcbn65gplustc_ccs
                                                          1.440000  
U1922                     AOI22D0         tcbn65gplustc_ccs
                                                          2.520000  
U1923                     INVD0           tcbn65gplustc_ccs
                                                          1.080000  
U1924                     NR3D0           tcbn65gplustc_ccs
                                                          2.160000  
U1925                     NR2D0           tcbn65gplustc_ccs
                                                          1.440000  
U1926                     AOI22D0         tcbn65gplustc_ccs
                                                          2.520000  
U1927                     AOI221D0        tcbn65gplustc_ccs
                                                          2.880000  
U1928                     AOI22D0         tcbn65gplustc_ccs
                                                          2.520000  
U1929                     AOI221D0        tcbn65gplustc_ccs
                                                          2.880000  
U1930                     AOI22D0         tcbn65gplustc_ccs
                                                          2.520000  
U1931                     NR2D0           tcbn65gplustc_ccs
                                                          1.440000  
U1932                     AOI221D0        tcbn65gplustc_ccs
                                                          2.880000  
U1933                     INVD0           tcbn65gplustc_ccs
                                                          1.080000  
U1934                     INVD0           tcbn65gplustc_ccs
                                                          1.080000  
U1935                     AOI22D0         tcbn65gplustc_ccs
                                                          2.520000  
U1936                     OAI221D0        tcbn65gplustc_ccs
                                                          2.880000  
U1937                     AOI22D0         tcbn65gplustc_ccs
                                                          2.520000  
U1938                     CKND2D0         tcbn65gplustc_ccs
                                                          1.440000  
U1939                     AOI22D0         tcbn65gplustc_ccs
                                                          2.520000  
U1940                     OAI221D0        tcbn65gplustc_ccs
                                                          2.880000  
U1941                     OA21D0          tcbn65gplustc_ccs
                                                          2.520000  
U1942                     OAI221D0        tcbn65gplustc_ccs
                                                          2.880000  
U1943                     INVD0           tcbn65gplustc_ccs
                                                          1.080000  
U1944                     FA1D0           tcbn65gplustc_ccs
                                                          9.000000  r
U1945                     INVD0           tcbn65gplustc_ccs
                                                          1.080000  
U1946                     FA1D0           tcbn65gplustc_ccs
                                                          9.000000  r
U1947                     INVD0           tcbn65gplustc_ccs
                                                          1.080000  
U1948                     AOI22D0         tcbn65gplustc_ccs
                                                          2.520000  
U1949                     AOI211D0        tcbn65gplustc_ccs
                                                          2.520000  
U1950                     NR2D0           tcbn65gplustc_ccs
                                                          1.440000  
U1951                     AOI22D0         tcbn65gplustc_ccs
                                                          2.520000  
U1952                     OAI221D0        tcbn65gplustc_ccs
                                                          2.880000  
U1953                     INVD0           tcbn65gplustc_ccs
                                                          1.080000  
U1954                     AOI22D0         tcbn65gplustc_ccs
                                                          2.520000  
U1955                     INR3D0          tcbn65gplustc_ccs
                                                          2.520000  
U1956                     NR2D0           tcbn65gplustc_ccs
                                                          1.440000  
U1957                     INVD0           tcbn65gplustc_ccs
                                                          1.080000  
U1958                     INVD0           tcbn65gplustc_ccs
                                                          1.080000  
U1959                     AOI221D0        tcbn65gplustc_ccs
                                                          2.880000  
U1960                     AO21D0          tcbn65gplustc_ccs
                                                          2.520000  
U1961                     AOI22D0         tcbn65gplustc_ccs
                                                          2.520000  
U1962                     OAI221D0        tcbn65gplustc_ccs
                                                          2.880000  
U1963                     AOI221D0        tcbn65gplustc_ccs
                                                          2.880000  
U1964                     AOI22D0         tcbn65gplustc_ccs
                                                          2.520000  
U1965                     OR2D0           tcbn65gplustc_ccs
                                                          2.160000  
U1966                     INVD0           tcbn65gplustc_ccs
                                                          1.080000  
U1967                     NR2D0           tcbn65gplustc_ccs
                                                          1.440000  
U1968                     AOI32D0         tcbn65gplustc_ccs
                                                          2.880000  
U1969                     INVD0           tcbn65gplustc_ccs
                                                          1.080000  
U1970                     OAI211D0        tcbn65gplustc_ccs
                                                          2.520000  
U1971                     OAI221D0        tcbn65gplustc_ccs
                                                          2.880000  
U1972                     CKND2D0         tcbn65gplustc_ccs
                                                          1.440000  
U1973                     OAI21D0         tcbn65gplustc_ccs
                                                          2.160000  
U1974                     AOI22D0         tcbn65gplustc_ccs
                                                          2.520000  
U1975                     AOI221D0        tcbn65gplustc_ccs
                                                          2.880000  
U1976                     AOI211D0        tcbn65gplustc_ccs
                                                          2.520000  
U1977                     NR2D0           tcbn65gplustc_ccs
                                                          1.440000  
U1978                     AOI22D0         tcbn65gplustc_ccs
                                                          2.520000  
U1979                     AOI221D0        tcbn65gplustc_ccs
                                                          2.880000  
U1980                     AOI22D0         tcbn65gplustc_ccs
                                                          2.520000  
U1981                     AOI221D0        tcbn65gplustc_ccs
                                                          2.880000  
U1982                     AOI22D0         tcbn65gplustc_ccs
                                                          2.520000  
U1983                     NR2D0           tcbn65gplustc_ccs
                                                          1.440000  
U1984                     AOI221D0        tcbn65gplustc_ccs
                                                          2.880000  
U1985                     INVD0           tcbn65gplustc_ccs
                                                          1.080000  
U1986                     INVD0           tcbn65gplustc_ccs
                                                          1.080000  
U1987                     AOI22D0         tcbn65gplustc_ccs
                                                          2.520000  
U1988                     OAI221D0        tcbn65gplustc_ccs
                                                          2.880000  
U1989                     AOI22D0         tcbn65gplustc_ccs
                                                          2.520000  
U1990                     CKND2D0         tcbn65gplustc_ccs
                                                          1.440000  
U1991                     OAI221D0        tcbn65gplustc_ccs
                                                          2.880000  
U1992                     OA21D0          tcbn65gplustc_ccs
                                                          2.520000  
U1993                     AOI22D0         tcbn65gplustc_ccs
                                                          2.520000  
U1994                     OAI221D0        tcbn65gplustc_ccs
                                                          2.880000  
U1995                     INVD0           tcbn65gplustc_ccs
                                                          1.080000  
U1996                     FA1D0           tcbn65gplustc_ccs
                                                          9.000000  r
U1997                     INVD0           tcbn65gplustc_ccs
                                                          1.080000  
U1998                     FA1D0           tcbn65gplustc_ccs
                                                          9.000000  r
U1999                     INVD0           tcbn65gplustc_ccs
                                                          1.080000  
U2000                     AOI22D0         tcbn65gplustc_ccs
                                                          2.520000  
U2001                     NR2D0           tcbn65gplustc_ccs
                                                          1.440000  
U2002                     AOI22D0         tcbn65gplustc_ccs
                                                          2.520000  
U2003                     OAI221D0        tcbn65gplustc_ccs
                                                          2.880000  
U2004                     INVD0           tcbn65gplustc_ccs
                                                          1.080000  
U2005                     FA1D0           tcbn65gplustc_ccs
                                                          9.000000  r
U2006                     INVD0           tcbn65gplustc_ccs
                                                          1.080000  
U2007                     AOI22D0         tcbn65gplustc_ccs
                                                          2.520000  
U2008                     NR2D0           tcbn65gplustc_ccs
                                                          1.440000  
U2009                     BUFFD0          tcbn65gplustc_ccs
                                                          1.440000  
U2010                     BUFFD0          tcbn65gplustc_ccs
                                                          1.440000  
U2011                     BUFFD0          tcbn65gplustc_ccs
                                                          1.440000  
U2012                     BUFFD0          tcbn65gplustc_ccs
                                                          1.440000  
U2013                     BUFFD0          tcbn65gplustc_ccs
                                                          1.440000  
U2014                     BUFFD0          tcbn65gplustc_ccs
                                                          1.440000  
U2015                     BUFFD0          tcbn65gplustc_ccs
                                                          1.440000  
U2016                     BUFFD0          tcbn65gplustc_ccs
                                                          1.440000  
U2017                     BUFFD0          tcbn65gplustc_ccs
                                                          1.440000  
U2018                     BUFFD0          tcbn65gplustc_ccs
                                                          1.440000  
U2019                     BUFFD0          tcbn65gplustc_ccs
                                                          1.440000  
U2020                     BUFFD0          tcbn65gplustc_ccs
                                                          1.440000  
U2021                     BUFFD0          tcbn65gplustc_ccs
                                                          1.440000  
U2022                     BUFFD0          tcbn65gplustc_ccs
                                                          1.440000  
U2023                     BUFFD0          tcbn65gplustc_ccs
                                                          1.440000  
U2024                     BUFFD0          tcbn65gplustc_ccs
                                                          1.440000  
U2025                     BUFFD0          tcbn65gplustc_ccs
                                                          1.440000  
U2026                     BUFFD0          tcbn65gplustc_ccs
                                                          1.440000  
U2027                     BUFFD0          tcbn65gplustc_ccs
                                                          1.440000  
U2028                     BUFFD0          tcbn65gplustc_ccs
                                                          1.440000  
U2029                     BUFFD0          tcbn65gplustc_ccs
                                                          1.440000  
U2030                     BUFFD0          tcbn65gplustc_ccs
                                                          1.440000  
U2031                     BUFFD0          tcbn65gplustc_ccs
                                                          1.440000  
U2032                     BUFFD0          tcbn65gplustc_ccs
                                                          1.440000  
U2033                     BUFFD0          tcbn65gplustc_ccs
                                                          1.440000  
U2034                     INR2D0          tcbn65gplustc_ccs
                                                          2.160000  
U2035                     INR2D0          tcbn65gplustc_ccs
                                                          2.160000  
U2036                     INR2D0          tcbn65gplustc_ccs
                                                          2.160000  
U2037                     INR2D0          tcbn65gplustc_ccs
                                                          2.160000  
U2038                     INR2D0          tcbn65gplustc_ccs
                                                          2.160000  
U2039                     INR2D0          tcbn65gplustc_ccs
                                                          2.160000  
U2040                     INR2D0          tcbn65gplustc_ccs
                                                          2.160000  
U2041                     INR2D0          tcbn65gplustc_ccs
                                                          2.160000  
U2042                     INR2D0          tcbn65gplustc_ccs
                                                          2.160000  
U2043                     INR2D0          tcbn65gplustc_ccs
                                                          2.160000  
U2044                     INR2D0          tcbn65gplustc_ccs
                                                          2.160000  
U2045                     INR2D0          tcbn65gplustc_ccs
                                                          2.160000  
U2046                     INR2D0          tcbn65gplustc_ccs
                                                          2.160000  
U2047                     INR2D0          tcbn65gplustc_ccs
                                                          2.160000  
U2048                     INR2D0          tcbn65gplustc_ccs
                                                          2.160000  
U2049                     INR2D0          tcbn65gplustc_ccs
                                                          2.160000  
U2050                     AOI21D0         tcbn65gplustc_ccs
                                                          2.160000  
U2051                     OAI33D0         tcbn65gplustc_ccs
                                                          3.240000  
U2052                     OAI22D0         tcbn65gplustc_ccs
                                                          2.520000  
U2053                     INVD0           tcbn65gplustc_ccs
                                                          1.080000  
U2054                     BUFFD0          tcbn65gplustc_ccs
                                                          1.440000  
U2055                     MUX3D0          tcbn65gplustc_ccs
                                                          5.760000  
U2056                     INVD0           tcbn65gplustc_ccs
                                                          1.080000  
U2057                     MUX3D0          tcbn65gplustc_ccs
                                                          5.760000  
U2058                     OAI22D0         tcbn65gplustc_ccs
                                                          2.520000  
U2059                     INVD0           tcbn65gplustc_ccs
                                                          1.080000  
U2060                     MUX3D0          tcbn65gplustc_ccs
                                                          5.760000  
U2061                     INVD0           tcbn65gplustc_ccs
                                                          1.080000  
U2062                     MUX3D0          tcbn65gplustc_ccs
                                                          5.760000  
U2063                     MUX3D0          tcbn65gplustc_ccs
                                                          5.760000  
U2064                     MUX3D0          tcbn65gplustc_ccs
                                                          5.760000  
U2065                     OAI22D0         tcbn65gplustc_ccs
                                                          2.520000  
U2066                     INVD0           tcbn65gplustc_ccs
                                                          1.080000  
U2067                     BUFFD0          tcbn65gplustc_ccs
                                                          1.440000  
U2068                     MUX3D0          tcbn65gplustc_ccs
                                                          5.760000  
U2069                     MUX3D0          tcbn65gplustc_ccs
                                                          5.760000  
U2070                     OAI22D0         tcbn65gplustc_ccs
                                                          2.520000  
U2071                     INVD0           tcbn65gplustc_ccs
                                                          1.080000  
U2072                     MUX3D0          tcbn65gplustc_ccs
                                                          5.760000  
U2073                     MUX3D0          tcbn65gplustc_ccs
                                                          5.760000  
U2074                     BUFFD0          tcbn65gplustc_ccs
                                                          1.440000  
U2075                     MUX3D0          tcbn65gplustc_ccs
                                                          5.760000  
U2076                     MUX3D0          tcbn65gplustc_ccs
                                                          5.760000  
U2077                     OAI22D0         tcbn65gplustc_ccs
                                                          2.520000  
U2078                     INVD0           tcbn65gplustc_ccs
                                                          1.080000  
U2079                     BUFFD0          tcbn65gplustc_ccs
                                                          1.440000  
U2080                     MUX3D0          tcbn65gplustc_ccs
                                                          5.760000  
U2081                     INVD0           tcbn65gplustc_ccs
                                                          1.080000  
U2082                     MUX3D0          tcbn65gplustc_ccs
                                                          5.760000  
U2083                     MUX3D0          tcbn65gplustc_ccs
                                                          5.760000  
U2084                     MUX2ND0         tcbn65gplustc_ccs
                                                          2.880000  
U2085                     MUX3D0          tcbn65gplustc_ccs
                                                          5.760000  
U2086                     MUX2ND0         tcbn65gplustc_ccs
                                                          2.880000  
U2087                     INVD0           tcbn65gplustc_ccs
                                                          1.080000  
U2088                     MUX3D0          tcbn65gplustc_ccs
                                                          5.760000  
U2089                     INVD0           tcbn65gplustc_ccs
                                                          1.080000  
U2090                     MUX3D0          tcbn65gplustc_ccs
                                                          5.760000  
U2091                     MUX3D0          tcbn65gplustc_ccs
                                                          5.760000  
U2092                     INVD0           tcbn65gplustc_ccs
                                                          1.080000  
U2093                     MUX2ND0         tcbn65gplustc_ccs
                                                          2.880000  
U2094                     MUX3D0          tcbn65gplustc_ccs
                                                          5.760000  
U2095                     INVD0           tcbn65gplustc_ccs
                                                          1.080000  
U2096                     MUX3D0          tcbn65gplustc_ccs
                                                          5.760000  
U2097                     INVD0           tcbn65gplustc_ccs
                                                          1.080000  
U2098                     OAI221D0        tcbn65gplustc_ccs
                                                          2.880000  
U2099                     ND4D0           tcbn65gplustc_ccs
                                                          2.520000  
U2100                     OAI211D0        tcbn65gplustc_ccs
                                                          2.520000  
U2101                     CKND2D0         tcbn65gplustc_ccs
                                                          1.440000  
U2102                     INVD0           tcbn65gplustc_ccs
                                                          1.080000  
U2103                     NR2D0           tcbn65gplustc_ccs
                                                          1.440000  
U2104                     AOI221D0        tcbn65gplustc_ccs
                                                          2.880000  
U2105                     NR2D0           tcbn65gplustc_ccs
                                                          1.440000  
U2106                     NR2D0           tcbn65gplustc_ccs
                                                          1.440000  
U2107                     OAI21D0         tcbn65gplustc_ccs
                                                          2.160000  
U2108                     AOI21D0         tcbn65gplustc_ccs
                                                          2.160000  
U2109                     INVD0           tcbn65gplustc_ccs
                                                          1.080000  
U2110                     CKND2D0         tcbn65gplustc_ccs
                                                          1.440000  
U2111                     OAI21D0         tcbn65gplustc_ccs
                                                          2.160000  
U2112                     CKND2D0         tcbn65gplustc_ccs
                                                          1.440000  
U2113                     NR2D0           tcbn65gplustc_ccs
                                                          1.440000  
U2114                     AOI222D0        tcbn65gplustc_ccs
                                                          3.600000  
U2115                     FA1D0           tcbn65gplustc_ccs
                                                          9.000000  r
U2116                     AOI21D0         tcbn65gplustc_ccs
                                                          2.160000  
U2117                     AOI211D0        tcbn65gplustc_ccs
                                                          2.520000  
U2118                     OA22D0          tcbn65gplustc_ccs
                                                          2.880000  
U2119                     AOI31D0         tcbn65gplustc_ccs
                                                          2.520000  
U2120                     AOI32D0         tcbn65gplustc_ccs
                                                          2.880000  
U2121                     MOAI22D0        tcbn65gplustc_ccs
                                                          2.880000  
U2122                     MAOI222D0       tcbn65gplustc_ccs
                                                          2.880000  
U2123                     FA1D0           tcbn65gplustc_ccs
                                                          9.000000  r
U2124                     INVD0           tcbn65gplustc_ccs
                                                          1.080000  
U2125                     FA1D0           tcbn65gplustc_ccs
                                                          9.000000  r
U2126                     INVD0           tcbn65gplustc_ccs
                                                          1.080000  
U2127                     MAOI222D0       tcbn65gplustc_ccs
                                                          2.880000  
U2128                     MAOI222D0       tcbn65gplustc_ccs
                                                          2.880000  
U2129                     INVD0           tcbn65gplustc_ccs
                                                          1.080000  
U2130                     MAOI222D0       tcbn65gplustc_ccs
                                                          2.880000  
U2131                     AOI21D0         tcbn65gplustc_ccs
                                                          2.160000  
U2132                     AOI21D0         tcbn65gplustc_ccs
                                                          2.160000  
U2133                     AOI22D0         tcbn65gplustc_ccs
                                                          2.520000  
U2134                     OAI221D0        tcbn65gplustc_ccs
                                                          2.880000  
U2135                     NR2D0           tcbn65gplustc_ccs
                                                          1.440000  
U2136                     AOI22D0         tcbn65gplustc_ccs
                                                          2.520000  
U2137                     OAI22D0         tcbn65gplustc_ccs
                                                          2.520000  
U2138                     NR2D0           tcbn65gplustc_ccs
                                                          1.440000  
U2139                     AOI21D0         tcbn65gplustc_ccs
                                                          2.160000  
U2140                     AOI21D0         tcbn65gplustc_ccs
                                                          2.160000  
U2141                     CKND2D0         tcbn65gplustc_ccs
                                                          1.440000  
U2142                     OAI211D0        tcbn65gplustc_ccs
                                                          2.520000  
U2143                     IOA21D0         tcbn65gplustc_ccs
                                                          2.520000  
U2144                     INVD0           tcbn65gplustc_ccs
                                                          1.080000  
U2145                     AOI22D0         tcbn65gplustc_ccs
                                                          2.520000  
U2146                     OAI221D0        tcbn65gplustc_ccs
                                                          2.880000  
U2147                     OAI211D0        tcbn65gplustc_ccs
                                                          2.520000  
U2148                     CKND2D0         tcbn65gplustc_ccs
                                                          1.440000  
U2149                     OA21D0          tcbn65gplustc_ccs
                                                          2.520000  
U2150                     OAI21D0         tcbn65gplustc_ccs
                                                          2.160000  
U2151                     AOI221D0        tcbn65gplustc_ccs
                                                          2.880000  
U2152                     NR2D0           tcbn65gplustc_ccs
                                                          1.440000  
U2153                     AOI221D0        tcbn65gplustc_ccs
                                                          2.880000  
U2154                     NR2D0           tcbn65gplustc_ccs
                                                          1.440000  
U2155                     AOI221D0        tcbn65gplustc_ccs
                                                          2.880000  
U2156                     CKND2D0         tcbn65gplustc_ccs
                                                          1.440000  
U2157                     FA1D0           tcbn65gplustc_ccs
                                                          9.000000  r
U2158                     NR2D0           tcbn65gplustc_ccs
                                                          1.440000  
U2159                     MAOI222D0       tcbn65gplustc_ccs
                                                          2.880000  
U2160                     NR2D0           tcbn65gplustc_ccs
                                                          1.440000  
U2161                     AOI221D0        tcbn65gplustc_ccs
                                                          2.880000  
U2162                     FA1D0           tcbn65gplustc_ccs
                                                          9.000000  r
U2163                     INVD0           tcbn65gplustc_ccs
                                                          1.080000  
U2164                     MAOI222D0       tcbn65gplustc_ccs
                                                          2.880000  
U2165                     FA1D0           tcbn65gplustc_ccs
                                                          9.000000  r
U2166                     FA1D0           tcbn65gplustc_ccs
                                                          9.000000  r
U2167                     MAOI222D0       tcbn65gplustc_ccs
                                                          2.880000  
U2168                     INVD0           tcbn65gplustc_ccs
                                                          1.080000  
U2169                     MAOI222D0       tcbn65gplustc_ccs
                                                          2.880000  
U2170                     INVD0           tcbn65gplustc_ccs
                                                          1.080000  
U2171                     MAOI222D0       tcbn65gplustc_ccs
                                                          2.880000  
U2172                     AOI21D0         tcbn65gplustc_ccs
                                                          2.160000  
U2173                     AOI21D0         tcbn65gplustc_ccs
                                                          2.160000  
U2174                     AOI22D0         tcbn65gplustc_ccs
                                                          2.520000  
U2175                     OAI221D0        tcbn65gplustc_ccs
                                                          2.880000  
U2176                     AOI22D0         tcbn65gplustc_ccs
                                                          2.520000  
U2177                     OAI22D0         tcbn65gplustc_ccs
                                                          2.520000  
U2178                     NR2D0           tcbn65gplustc_ccs
                                                          1.440000  
U2179                     AOI21D0         tcbn65gplustc_ccs
                                                          2.160000  
U2180                     AOI21D0         tcbn65gplustc_ccs
                                                          2.160000  
U2181                     INVD0           tcbn65gplustc_ccs
                                                          1.080000  
U2182                     AOI22D0         tcbn65gplustc_ccs
                                                          2.520000  
U2183                     NR2D0           tcbn65gplustc_ccs
                                                          1.440000  
U2184                     AOI221D0        tcbn65gplustc_ccs
                                                          2.880000  
U2185                     NR2D0           tcbn65gplustc_ccs
                                                          1.440000  
U2186                     AOI221D0        tcbn65gplustc_ccs
                                                          2.880000  
U2187                     NR2D0           tcbn65gplustc_ccs
                                                          1.440000  
U2188                     AOI22D0         tcbn65gplustc_ccs
                                                          2.520000  
U2189                     AOI221D0        tcbn65gplustc_ccs
                                                          2.880000  
U2190                     FA1D0           tcbn65gplustc_ccs
                                                          9.000000  r
U2191                     FA1D0           tcbn65gplustc_ccs
                                                          9.000000  r
U2192                     AOI22D0         tcbn65gplustc_ccs
                                                          2.520000  
U2193                     AOI221D0        tcbn65gplustc_ccs
                                                          2.880000  
U2194                     AOI22D0         tcbn65gplustc_ccs
                                                          2.520000  
U2195                     AOI221D0        tcbn65gplustc_ccs
                                                          2.880000  
U2196                     AOI22D0         tcbn65gplustc_ccs
                                                          2.520000  
U2197                     AOI221D0        tcbn65gplustc_ccs
                                                          2.880000  
U2198                     AOI22D0         tcbn65gplustc_ccs
                                                          2.520000  
U2199                     AOI221D0        tcbn65gplustc_ccs
                                                          2.880000  
U2200                     FA1D0           tcbn65gplustc_ccs
                                                          9.000000  r
U2201                     FA1D0           tcbn65gplustc_ccs
                                                          9.000000  r
U2202                     FA1D0           tcbn65gplustc_ccs
                                                          9.000000  r
U2203                     AOI221D0        tcbn65gplustc_ccs
                                                          2.880000  
U2204                     AOI22D0         tcbn65gplustc_ccs
                                                          2.520000  
U2205                     AOI221D0        tcbn65gplustc_ccs
                                                          2.880000  
U2206                     AOI221D0        tcbn65gplustc_ccs
                                                          2.880000  
U2207                     NR2D0           tcbn65gplustc_ccs
                                                          1.440000  
U2208                     AOI221D0        tcbn65gplustc_ccs
                                                          2.880000  
U2209                     AOI221D0        tcbn65gplustc_ccs
                                                          2.880000  
U2210                     INVD0           tcbn65gplustc_ccs
                                                          1.080000  
U2211                     INVD0           tcbn65gplustc_ccs
                                                          1.080000  
U2212                     NR2D0           tcbn65gplustc_ccs
                                                          1.440000  
U2213                     AOI221D0        tcbn65gplustc_ccs
                                                          2.880000  
U2214                     AOI22D0         tcbn65gplustc_ccs
                                                          2.520000  
U2215                     AOI221D0        tcbn65gplustc_ccs
                                                          2.880000  
U2216                     AOI22D0         tcbn65gplustc_ccs
                                                          2.520000  
U2217                     AOI221D0        tcbn65gplustc_ccs
                                                          2.880000  
U2218                     FA1D0           tcbn65gplustc_ccs
                                                          9.000000  r
U2219                     FA1D0           tcbn65gplustc_ccs
                                                          9.000000  r
U2220                     FA1D0           tcbn65gplustc_ccs
                                                          9.000000  r
U2221                     AOI22D0         tcbn65gplustc_ccs
                                                          2.520000  
U2222                     AOI221D0        tcbn65gplustc_ccs
                                                          2.880000  
U2223                     AOI22D0         tcbn65gplustc_ccs
                                                          2.520000  
U2224                     AOI221D0        tcbn65gplustc_ccs
                                                          2.880000  
U2225                     AOI22D0         tcbn65gplustc_ccs
                                                          2.520000  
U2226                     AOI221D0        tcbn65gplustc_ccs
                                                          2.880000  
U2227                     AOI22D0         tcbn65gplustc_ccs
                                                          2.520000  
U2228                     AOI221D0        tcbn65gplustc_ccs
                                                          2.880000  
U2229                     NR2D0           tcbn65gplustc_ccs
                                                          1.440000  
U2230                     AOI221D0        tcbn65gplustc_ccs
                                                          2.880000  
U2231                     NR2D0           tcbn65gplustc_ccs
                                                          1.440000  
U2232                     AOI221D0        tcbn65gplustc_ccs
                                                          2.880000  
U2233                     AO21D0          tcbn65gplustc_ccs
                                                          2.520000  
U2234                     FA1D0           tcbn65gplustc_ccs
                                                          9.000000  r
U2235                     FA1D0           tcbn65gplustc_ccs
                                                          9.000000  r
U2236                     AOI221D0        tcbn65gplustc_ccs
                                                          2.880000  
U2237                     NR2D0           tcbn65gplustc_ccs
                                                          1.440000  
U2238                     AOI221D0        tcbn65gplustc_ccs
                                                          2.880000  
U2239                     AOI221D0        tcbn65gplustc_ccs
                                                          2.880000  
U2240                     NR2D0           tcbn65gplustc_ccs
                                                          1.440000  
U2241                     AOI221D0        tcbn65gplustc_ccs
                                                          2.880000  
U2242                     AOI22D0         tcbn65gplustc_ccs
                                                          2.520000  
U2243                     AOI221D0        tcbn65gplustc_ccs
                                                          2.880000  
U2244                     CKND2D0         tcbn65gplustc_ccs
                                                          1.440000  
U2245                     FA1D0           tcbn65gplustc_ccs
                                                          9.000000  r
U2246                     AOI221D0        tcbn65gplustc_ccs
                                                          2.880000  
U2247                     AOI221D0        tcbn65gplustc_ccs
                                                          2.880000  
U2248                     AOI21D0         tcbn65gplustc_ccs
                                                          2.160000  
U2249                     FA1D0           tcbn65gplustc_ccs
                                                          9.000000  r
U2250                     AOI221D0        tcbn65gplustc_ccs
                                                          2.880000  
U2251                     AOI221D0        tcbn65gplustc_ccs
                                                          2.880000  
U2252                     AOI22D0         tcbn65gplustc_ccs
                                                          2.520000  
U2253                     AOI221D0        tcbn65gplustc_ccs
                                                          2.880000  
U2254                     NR2D0           tcbn65gplustc_ccs
                                                          1.440000  
U2255                     NR2D0           tcbn65gplustc_ccs
                                                          1.440000  
U2256                     AOI221D0        tcbn65gplustc_ccs
                                                          2.880000  
U2257                     NR2D0           tcbn65gplustc_ccs
                                                          1.440000  
U2258                     AOI221D0        tcbn65gplustc_ccs
                                                          2.880000  
U2259                     AOI22D0         tcbn65gplustc_ccs
                                                          2.520000  
U2260                     AOI221D0        tcbn65gplustc_ccs
                                                          2.880000  
U2261                     AOI22D0         tcbn65gplustc_ccs
                                                          2.520000  
U2262                     AOI221D0        tcbn65gplustc_ccs
                                                          2.880000  
U2263                     AOI22D0         tcbn65gplustc_ccs
                                                          2.520000  
U2264                     AOI221D0        tcbn65gplustc_ccs
                                                          2.880000  
U2265                     AOI22D0         tcbn65gplustc_ccs
                                                          2.520000  
U2266                     AOI221D0        tcbn65gplustc_ccs
                                                          2.880000  
U2267                     FA1D0           tcbn65gplustc_ccs
                                                          9.000000  r
U2268                     FA1D0           tcbn65gplustc_ccs
                                                          9.000000  r
U2269                     FA1D0           tcbn65gplustc_ccs
                                                          9.000000  r
U2270                     AOI221D0        tcbn65gplustc_ccs
                                                          2.880000  
U2271                     NR2D0           tcbn65gplustc_ccs
                                                          1.440000  
U2272                     AOI221D0        tcbn65gplustc_ccs
                                                          2.880000  
U2273                     NR2D0           tcbn65gplustc_ccs
                                                          1.440000  
U2274                     AOI221D0        tcbn65gplustc_ccs
                                                          2.880000  
U2275                     NR2D0           tcbn65gplustc_ccs
                                                          1.440000  
U2276                     AOI221D0        tcbn65gplustc_ccs
                                                          2.880000  
U2277                     AOI221D0        tcbn65gplustc_ccs
                                                          2.880000  
U2278                     AOI221D0        tcbn65gplustc_ccs
                                                          2.880000  
U2279                     FA1D0           tcbn65gplustc_ccs
                                                          9.000000  r
U2280                     AOI22D0         tcbn65gplustc_ccs
                                                          2.520000  
U2281                     AOI221D0        tcbn65gplustc_ccs
                                                          2.880000  
U2282                     AOI22D0         tcbn65gplustc_ccs
                                                          2.520000  
U2283                     AOI221D0        tcbn65gplustc_ccs
                                                          2.880000  
U2284                     NR2D0           tcbn65gplustc_ccs
                                                          1.440000  
U2285                     AOI221D0        tcbn65gplustc_ccs
                                                          2.880000  
U2286                     FA1D0           tcbn65gplustc_ccs
                                                          9.000000  r
U2287                     FA1D0           tcbn65gplustc_ccs
                                                          9.000000  r
U2288                     FA1D0           tcbn65gplustc_ccs
                                                          9.000000  r
U2289                     AOI221D0        tcbn65gplustc_ccs
                                                          2.880000  
U2290                     AOI221D0        tcbn65gplustc_ccs
                                                          2.880000  
U2291                     NR2D0           tcbn65gplustc_ccs
                                                          1.440000  
U2292                     AOI221D0        tcbn65gplustc_ccs
                                                          2.880000  
U2293                     AO21D0          tcbn65gplustc_ccs
                                                          2.520000  
U2294                     FA1D0           tcbn65gplustc_ccs
                                                          9.000000  r
U2295                     AOI221D0        tcbn65gplustc_ccs
                                                          2.880000  
U2296                     AOI221D0        tcbn65gplustc_ccs
                                                          2.880000  
U2297                     AOI22D0         tcbn65gplustc_ccs
                                                          2.520000  
U2298                     AOI221D0        tcbn65gplustc_ccs
                                                          2.880000  
U2299                     NR2D0           tcbn65gplustc_ccs
                                                          1.440000  
U2300                     AOI221D0        tcbn65gplustc_ccs
                                                          2.880000  
U2301                     AOI22D0         tcbn65gplustc_ccs
                                                          2.520000  
U2302                     AOI221D0        tcbn65gplustc_ccs
                                                          2.880000  
U2303                     NR2D0           tcbn65gplustc_ccs
                                                          1.440000  
U2304                     AOI32D0         tcbn65gplustc_ccs
                                                          2.880000  
U2305                     FA1D0           tcbn65gplustc_ccs
                                                          9.000000  r
U2306                     AOI221D0        tcbn65gplustc_ccs
                                                          2.880000  
U2307                     AOI21D0         tcbn65gplustc_ccs
                                                          2.160000  
U2308                     FA1D0           tcbn65gplustc_ccs
                                                          9.000000  r
U2309                     AOI22D0         tcbn65gplustc_ccs
                                                          2.520000  
U2310                     AOI221D0        tcbn65gplustc_ccs
                                                          2.880000  
U2311                     NR2D0           tcbn65gplustc_ccs
                                                          1.440000  
U2312                     AOI221D0        tcbn65gplustc_ccs
                                                          2.880000  
U2313                     FA1D0           tcbn65gplustc_ccs
                                                          9.000000  r
U2314                     AOI211D0        tcbn65gplustc_ccs
                                                          2.520000  
U2315                     OAI31D0         tcbn65gplustc_ccs
                                                          2.520000  
U2316                     AO22D0          tcbn65gplustc_ccs
                                                          2.880000  
U2317                     INVD0           tcbn65gplustc_ccs
                                                          1.080000  
U2318                     OAI222D0        tcbn65gplustc_ccs
                                                          3.240000  
U2319                     NR2D0           tcbn65gplustc_ccs
                                                          1.440000  
U2320                     AO22D0          tcbn65gplustc_ccs
                                                          2.880000  
U2321                     AO22D0          tcbn65gplustc_ccs
                                                          2.880000  
U2322                     OA22D0          tcbn65gplustc_ccs
                                                          2.880000  
U2323                     OA22D0          tcbn65gplustc_ccs
                                                          2.880000  
U2324                     OA22D0          tcbn65gplustc_ccs
                                                          2.880000  
U2325                     OA22D0          tcbn65gplustc_ccs
                                                          2.880000  
U2326                     OA22D0          tcbn65gplustc_ccs
                                                          2.880000  
intadd_0_U2               FA1D0           tcbn65gplustc_ccs
                                                          9.000000  mo, r
intadd_0_U3               FA1D0           tcbn65gplustc_ccs
                                                          9.000000  mo, r
intadd_0_U4               FA1D0           tcbn65gplustc_ccs
                                                          9.000000  mo, r
intadd_0_U5               FA1D0           tcbn65gplustc_ccs
                                                          9.000000  mo, r
intadd_0_U6               FA1D0           tcbn65gplustc_ccs
                                                          9.000000  mo, r
intadd_0_U7               FA1D0           tcbn65gplustc_ccs
                                                          9.000000  mo, r
intadd_0_U8               FA1D0           tcbn65gplustc_ccs
                                                          9.000000  mo, r
intadd_0_U9               FA1D0           tcbn65gplustc_ccs
                                                          9.000000  mo, r
intadd_0_U10              FA1D0           tcbn65gplustc_ccs
                                                          9.000000  mo, r
intadd_0_U11              FA1D0           tcbn65gplustc_ccs
                                                          9.000000  mo, r
intadd_1_U2               FA1D0           tcbn65gplustc_ccs
                                                          9.000000  mo, r
intadd_1_U3               FA1D0           tcbn65gplustc_ccs
                                                          9.000000  mo, r
intadd_1_U4               FA1D0           tcbn65gplustc_ccs
                                                          9.000000  mo, r
intadd_1_U5               FA1D0           tcbn65gplustc_ccs
                                                          9.000000  mo, r
intadd_1_U6               FA1D0           tcbn65gplustc_ccs
                                                          9.000000  mo, r
intadd_1_U7               FA1D0           tcbn65gplustc_ccs
                                                          9.000000  mo, r
intadd_1_U8               FA1D0           tcbn65gplustc_ccs
                                                          9.000000  mo, r
intadd_1_U9               FA1D0           tcbn65gplustc_ccs
                                                          9.000000  mo, r
intadd_1_U10              FA1D0           tcbn65gplustc_ccs
                                                          9.000000  mo, r
intadd_1_U11              FA1D0           tcbn65gplustc_ccs
                                                          9.000000  mo, r
intadd_2_U2               FA1D0           tcbn65gplustc_ccs
                                                          9.000000  mo, r
intadd_2_U3               FA1D0           tcbn65gplustc_ccs
                                                          9.000000  mo, r
intadd_2_U4               FA1D0           tcbn65gplustc_ccs
                                                          9.000000  mo, r
intadd_2_U5               FA1D0           tcbn65gplustc_ccs
                                                          9.000000  mo, r
intadd_3_U2               FA1D0           tcbn65gplustc_ccs
                                                          9.000000  mo, r
intadd_3_U3               FA1D0           tcbn65gplustc_ccs
                                                          9.000000  mo, r
intadd_3_U4               FA1D0           tcbn65gplustc_ccs
                                                          9.000000  mo, r
intadd_3_U5               FA1D0           tcbn65gplustc_ccs
                                                          9.000000  mo, r
intadd_4_U2               FA1D0           tcbn65gplustc_ccs
                                                          9.000000  mo, r
intadd_4_U3               FA1D0           tcbn65gplustc_ccs
                                                          9.000000  mo, r
intadd_4_U4               FA1D0           tcbn65gplustc_ccs
                                                          9.000000  mo, r
intadd_4_U5               FA1D0           tcbn65gplustc_ccs
                                                          9.000000  mo, r
intadd_5_U2               FA1D0           tcbn65gplustc_ccs
                                                          9.000000  mo, r
intadd_5_U3               FA1D0           tcbn65gplustc_ccs
                                                          9.000000  mo, r
intadd_5_U4               FA1D0           tcbn65gplustc_ccs
                                                          9.000000  mo, r
intadd_5_U5               FA1D0           tcbn65gplustc_ccs
                                                          9.000000  mo, r
intadd_6_U2               FA1D0           tcbn65gplustc_ccs
                                                          9.000000  mo, r
intadd_6_U3               FA1D0           tcbn65gplustc_ccs
                                                          9.000000  mo, r
intadd_6_U4               FA1D0           tcbn65gplustc_ccs
                                                          9.000000  mo, r
intadd_6_U5               FA1D0           tcbn65gplustc_ccs
                                                          9.000000  mo, r
intadd_7_U2               FA1D0           tcbn65gplustc_ccs
                                                          9.000000  mo, r
intadd_7_U3               FA1D0           tcbn65gplustc_ccs
                                                          9.000000  mo, r
intadd_7_U4               FA1D0           tcbn65gplustc_ccs
                                                          9.000000  mo, r
intadd_8_U2               FA1D0           tcbn65gplustc_ccs
                                                          9.000000  mo, r
intadd_8_U3               FA1D0           tcbn65gplustc_ccs
                                                          9.000000  mo, r
intadd_8_U4               FA1D0           tcbn65gplustc_ccs
                                                          9.000000  mo, r
intadd_9_U2               FA1D0           tcbn65gplustc_ccs
                                                          9.000000  mo, r
intadd_9_U3               FA1D0           tcbn65gplustc_ccs
                                                          9.000000  mo, r
intadd_9_U4               FA1D0           tcbn65gplustc_ccs
                                                          9.000000  mo, r
intadd_10_U2              FA1D0           tcbn65gplustc_ccs
                                                          9.000000  mo, r
intadd_10_U3              FA1D0           tcbn65gplustc_ccs
                                                          9.000000  mo, r
intadd_10_U4              FA1D0           tcbn65gplustc_ccs
                                                          9.000000  mo, r
intadd_11_U2              FA1D0           tcbn65gplustc_ccs
                                                          9.000000  mo, r
intadd_11_U3              FA1D0           tcbn65gplustc_ccs
                                                          9.000000  mo, r
intadd_11_U4              FA1D0           tcbn65gplustc_ccs
                                                          9.000000  mo, r
intadd_12_U2              FA1D0           tcbn65gplustc_ccs
                                                          9.000000  mo, r
intadd_12_U3              FA1D0           tcbn65gplustc_ccs
                                                          9.000000  mo, r
intadd_12_U4              FA1D0           tcbn65gplustc_ccs
                                                          9.000000  mo, r
intadd_13_U2              FA1D0           tcbn65gplustc_ccs
                                                          9.000000  mo, r
intadd_13_U3              FA1D0           tcbn65gplustc_ccs
                                                          9.000000  mo, r
intadd_13_U4              FA1D0           tcbn65gplustc_ccs
                                                          9.000000  mo, r
intadd_14_U2              FA1D0           tcbn65gplustc_ccs
                                                          9.000000  mo, r
intadd_14_U3              FA1D0           tcbn65gplustc_ccs
                                                          9.000000  mo, r
intadd_14_U4              FA1D0           tcbn65gplustc_ccs
                                                          9.000000  mo, r
intadd_15_U2              FA1D0           tcbn65gplustc_ccs
                                                          9.000000  mo, r
intadd_15_U3              FA1D0           tcbn65gplustc_ccs
                                                          9.000000  mo, r
intadd_15_U4              FA1D0           tcbn65gplustc_ccs
                                                          9.000000  mo, r
intadd_16_U2              FA1D0           tcbn65gplustc_ccs
                                                          9.000000  mo, r
intadd_16_U3              FA1D0           tcbn65gplustc_ccs
                                                          9.000000  mo, r
intadd_16_U4              FA1D0           tcbn65gplustc_ccs
                                                          9.000000  mo, r
intadd_17_U2              FA1D0           tcbn65gplustc_ccs
                                                          9.000000  mo, r
intadd_17_U3              FA1D0           tcbn65gplustc_ccs
                                                          9.000000  mo, r
intadd_17_U4              FA1D0           tcbn65gplustc_ccs
                                                          9.000000  mo, r
intadd_18_U2              FA1D0           tcbn65gplustc_ccs
                                                          9.000000  mo, r
intadd_18_U3              FA1D0           tcbn65gplustc_ccs
                                                          9.000000  mo, r
intadd_18_U4              FA1D0           tcbn65gplustc_ccs
                                                          9.000000  mo, r
u_core_x0_out_reg_0_      DFCNQD1         tcbn65gplustc_ccs
                                                          7.920000  n
u_core_x0_out_reg_1_      DFCNQD1         tcbn65gplustc_ccs
                                                          7.920000  n
u_core_x0_out_reg_2_      DFCNQD1         tcbn65gplustc_ccs
                                                          7.920000  n
u_core_x0_out_reg_3_      DFCNQD1         tcbn65gplustc_ccs
                                                          7.920000  n
u_core_x0_out_reg_4_      DFCNQD1         tcbn65gplustc_ccs
                                                          7.920000  n
u_core_x0_out_reg_5_      DFCNQD1         tcbn65gplustc_ccs
                                                          7.920000  n
u_core_x0_out_reg_6_      DFCNQD1         tcbn65gplustc_ccs
                                                          7.920000  n
u_core_x0_out_reg_7_      DFCNQD1         tcbn65gplustc_ccs
                                                          7.920000  n
u_core_x0_out_reg_8_      DFCNQD1         tcbn65gplustc_ccs
                                                          7.920000  n
u_core_x0_out_reg_9_      DFCNQD1         tcbn65gplustc_ccs
                                                          7.920000  n
u_core_x0_out_reg_10_     DFCNQD1         tcbn65gplustc_ccs
                                                          7.920000  n
u_core_x0_out_reg_11_     DFCNQD1         tcbn65gplustc_ccs
                                                          7.920000  n
u_core_x0_out_reg_12_     DFCNQD1         tcbn65gplustc_ccs
                                                          7.920000  n
u_core_x0_out_reg_13_     DFCNQD1         tcbn65gplustc_ccs
                                                          7.920000  n
u_core_x0_out_reg_14_     DFCNQD1         tcbn65gplustc_ccs
                                                          7.920000  n
u_core_x0_out_reg_15_     DFCNQD1         tcbn65gplustc_ccs
                                                          7.920000  n
u_core_x1_out_reg_0_      DFCNQD1         tcbn65gplustc_ccs
                                                          7.920000  n
u_core_x1_out_reg_1_      DFCNQD1         tcbn65gplustc_ccs
                                                          7.920000  n
u_core_x1_out_reg_2_      DFCNQD1         tcbn65gplustc_ccs
                                                          7.920000  n
u_core_x1_out_reg_3_      DFCNQD1         tcbn65gplustc_ccs
                                                          7.920000  n
u_core_x1_out_reg_4_      DFCNQD1         tcbn65gplustc_ccs
                                                          7.920000  n
u_core_x1_out_reg_5_      DFCNQD1         tcbn65gplustc_ccs
                                                          7.920000  n
u_core_x1_out_reg_6_      DFCNQD1         tcbn65gplustc_ccs
                                                          7.920000  n
u_core_x1_out_reg_7_      DFCNQD1         tcbn65gplustc_ccs
                                                          7.920000  n
u_core_x1_out_reg_8_      DFCNQD1         tcbn65gplustc_ccs
                                                          7.920000  n
u_core_x1_out_reg_9_      DFCNQD1         tcbn65gplustc_ccs
                                                          7.920000  n
u_core_x1_out_reg_10_     DFCNQD1         tcbn65gplustc_ccs
                                                          7.920000  n
u_core_x1_out_reg_11_     DFCNQD1         tcbn65gplustc_ccs
                                                          7.920000  n
u_core_x1_out_reg_12_     DFCNQD1         tcbn65gplustc_ccs
                                                          7.920000  n
u_core_x1_out_reg_13_     DFCNQD1         tcbn65gplustc_ccs
                                                          7.920000  n
u_core_x1_out_reg_14_     DFCNQD1         tcbn65gplustc_ccs
                                                          7.920000  n
u_core_x1_out_reg_15_     DFCNQD1         tcbn65gplustc_ccs
                                                          7.920000  n
u_ctrl_bfly_reg_0_        DFCNQD1         tcbn65gplustc_ccs
                                                          7.920000  n
u_ctrl_bfly_reg_1_        DFCNQD1         tcbn65gplustc_ccs
                                                          7.920000  n
u_ctrl_bfly_reg_2_        DFCNQD1         tcbn65gplustc_ccs
                                                          7.920000  n
u_ctrl_bfly_reg_3_        DFCNQD1         tcbn65gplustc_ccs
                                                          7.920000  n
u_ctrl_bfly_reg_4_        DFCNQD1         tcbn65gplustc_ccs
                                                          7.920000  n
u_ctrl_bfly_reg_5_        DFCNQD1         tcbn65gplustc_ccs
                                                          7.920000  n
u_ctrl_group_reg_0_       DFCNQD1         tcbn65gplustc_ccs
                                                          7.920000  n
u_ctrl_group_reg_1_       DFCNQD1         tcbn65gplustc_ccs
                                                          7.920000  n
u_ctrl_group_reg_2_       DFCNQD1         tcbn65gplustc_ccs
                                                          7.920000  n
u_ctrl_group_reg_3_       DFCNQD1         tcbn65gplustc_ccs
                                                          7.920000  n
u_ctrl_group_reg_4_       DFCNQD1         tcbn65gplustc_ccs
                                                          7.920000  n
u_ctrl_group_reg_5_       DFCNQD1         tcbn65gplustc_ccs
                                                          7.920000  n
u_ctrl_stage_reg_0_       DFCNQD1         tcbn65gplustc_ccs
                                                          7.920000  n
u_ctrl_stage_reg_1_       DFCNQD1         tcbn65gplustc_ccs
                                                          7.920000  n
u_ctrl_stage_reg_2_       DFCNQD1         tcbn65gplustc_ccs
                                                          7.920000  n
u_ctrl_state_reg_0_       DFCNQD1         tcbn65gplustc_ccs
                                                          7.920000  n
u_ctrl_state_reg_1_       DFCNQD1         tcbn65gplustc_ccs
                                                          7.920000  n
u_ctrl_state_reg_2_       DFCNQD1         tcbn65gplustc_ccs
                                                          7.920000  n
u_ctrl_x0_addr_l_reg_0_   DFCNQD1         tcbn65gplustc_ccs
                                                          7.920000  n
u_ctrl_x0_addr_l_reg_1_   DFCNQD1         tcbn65gplustc_ccs
                                                          7.920000  n
u_ctrl_x0_addr_l_reg_2_   DFCNQD1         tcbn65gplustc_ccs
                                                          7.920000  n
u_ctrl_x0_addr_l_reg_3_   DFCNQD1         tcbn65gplustc_ccs
                                                          7.920000  n
u_ctrl_x0_addr_l_reg_4_   DFCNQD1         tcbn65gplustc_ccs
                                                          7.920000  n
u_ctrl_x0_addr_l_reg_5_   DFCNQD1         tcbn65gplustc_ccs
                                                          7.920000  n
u_ctrl_x0_addr_l_reg_6_   DFCNQD1         tcbn65gplustc_ccs
                                                          7.920000  n
u_ctrl_x0_latched_reg_0_  EDFCNQD1        tcbn65gplustc_ccs
                                                          10.800000 n
u_ctrl_x0_latched_reg_1_  EDFCNQD1        tcbn65gplustc_ccs
                                                          10.800000 n
u_ctrl_x0_latched_reg_2_  EDFCNQD1        tcbn65gplustc_ccs
                                                          10.800000 n
u_ctrl_x0_latched_reg_3_  EDFCNQD1        tcbn65gplustc_ccs
                                                          10.800000 n
u_ctrl_x0_latched_reg_4_  EDFCNQD1        tcbn65gplustc_ccs
                                                          10.800000 n
u_ctrl_x0_latched_reg_5_  EDFCNQD1        tcbn65gplustc_ccs
                                                          10.800000 n
u_ctrl_x0_latched_reg_6_  EDFCNQD1        tcbn65gplustc_ccs
                                                          10.800000 n
u_ctrl_x0_latched_reg_7_  EDFCNQD1        tcbn65gplustc_ccs
                                                          10.800000 n
u_ctrl_x0_latched_reg_8_  EDFCNQD1        tcbn65gplustc_ccs
                                                          10.800000 n
u_ctrl_x0_latched_reg_9_  EDFCNQD1        tcbn65gplustc_ccs
                                                          10.800000 n
u_ctrl_x0_latched_reg_10_ EDFCNQD1        tcbn65gplustc_ccs
                                                          10.800000 n
u_ctrl_x0_latched_reg_11_ EDFCNQD1        tcbn65gplustc_ccs
                                                          10.800000 n
u_ctrl_x0_latched_reg_12_ EDFCNQD1        tcbn65gplustc_ccs
                                                          10.800000 n
u_ctrl_x0_latched_reg_13_ EDFCNQD1        tcbn65gplustc_ccs
                                                          10.800000 n
u_ctrl_x0_latched_reg_14_ EDFCNQD1        tcbn65gplustc_ccs
                                                          10.800000 n
u_ctrl_x0_latched_reg_15_ EDFCNQD1        tcbn65gplustc_ccs
                                                          10.800000 n
u_ctrl_x1_addr_l_reg_0_   EDFCNQD1        tcbn65gplustc_ccs
                                                          10.800000 n
u_ctrl_x1_addr_l_reg_1_   EDFCNQD1        tcbn65gplustc_ccs
                                                          10.800000 n
u_ctrl_x1_addr_l_reg_2_   EDFCNQD1        tcbn65gplustc_ccs
                                                          10.800000 n
u_ctrl_x1_addr_l_reg_3_   EDFCNQD1        tcbn65gplustc_ccs
                                                          10.800000 n
u_ctrl_x1_addr_l_reg_4_   EDFCNQD1        tcbn65gplustc_ccs
                                                          10.800000 n
u_ctrl_x1_addr_l_reg_5_   EDFCNQD1        tcbn65gplustc_ccs
                                                          10.800000 n
u_ctrl_x1_addr_l_reg_6_   EDFCNQD1        tcbn65gplustc_ccs
                                                          10.800000 n
u_data_sram_u_sram_u_sram sram00          USERLIB_nldm_tt_1p00v_1p00v_25c
                                                          31150.861328
                                                                    b, d
u_tw_sram_u_sram_u_sram   sram00          USERLIB_nldm_tt_1p00v_1p00v_25c
                                                          31150.861328
                                                                    b, d
--------------------------------------------------------------------------------
Total 1497 cells                                          66447.842736
1
 
****************************************
Report : port
        -verbose
Design : fft_top
Version: U-2022.12-SP7
Date   : Sat Jun 27 22:09:10 2026
****************************************


                       Pin      Wire     Max     Max     Connection
Port           Dir     Load     Load     Trans   Cap     Class      Attrs
--------------------------------------------------------------------------------
clk            in      0.0000   0.0000    0.39    0.01   --         
rstn           in      0.0000   0.0000    0.39    0.01   --         
start          in      0.0000   0.0000    0.39    0.01   --         
tb_data_addr[0]
               in      0.0000   0.0000    0.39    0.01   --         
tb_data_addr[1]
               in      0.0000   0.0000    0.39    0.01   --         
tb_data_addr[2]
               in      0.0000   0.0000    0.39    0.01   --         
tb_data_addr[3]
               in      0.0000   0.0000    0.39    0.01   --         
tb_data_addr[4]
               in      0.0000   0.0000    0.39    0.01   --         
tb_data_addr[5]
               in      0.0000   0.0000    0.39    0.01   --         
tb_data_addr[6]
               in      0.0000   0.0000    0.39    0.01   --         
tb_data_cen    in      0.0000   0.0000    0.39    0.01   --         
tb_data_din[0] in      0.0000   0.0000    0.39    0.01   --         
tb_data_din[1] in      0.0000   0.0000    0.39    0.01   --         
tb_data_din[2] in      0.0000   0.0000    0.39    0.01   --         
tb_data_din[3] in      0.0000   0.0000    0.39    0.01   --         
tb_data_din[4] in      0.0000   0.0000    0.39    0.01   --         
tb_data_din[5] in      0.0000   0.0000    0.39    0.01   --         
tb_data_din[6] in      0.0000   0.0000    0.39    0.01   --         
tb_data_din[7] in      0.0000   0.0000    0.39    0.01   --         
tb_data_din[8] in      0.0000   0.0000    0.39    0.01   --         
tb_data_din[9] in      0.0000   0.0000    0.39    0.01   --         
tb_data_din[10]
               in      0.0000   0.0000    0.39    0.01   --         
tb_data_din[11]
               in      0.0000   0.0000    0.39    0.01   --         
tb_data_din[12]
               in      0.0000   0.0000    0.39    0.01   --         
tb_data_din[13]
               in      0.0000   0.0000    0.39    0.01   --         
tb_data_din[14]
               in      0.0000   0.0000    0.39    0.01   --         
tb_data_din[15]
               in      0.0000   0.0000    0.39    0.01   --         
tb_data_wen    in      0.0000   0.0000    0.39    0.01   --         
tb_linear_addr[0]
               in      0.0000   0.0000    0.39    0.01   --         
tb_linear_addr[1]
               in      0.0000   0.0000    0.39    0.01   --         
tb_linear_addr[2]
               in      0.0000   0.0000    0.39    0.01   --         
tb_linear_addr[3]
               in      0.0000   0.0000    0.39    0.01   --         
tb_linear_addr[4]
               in      0.0000   0.0000    0.39    0.01   --         
tb_linear_addr[5]
               in      0.0000   0.0000    0.39    0.01   --         
tb_linear_addr[6]
               in      0.0000   0.0000    0.39    0.01   --         
tb_tw_addr[0]  in      0.0000   0.0000    0.39    0.01   --         
tb_tw_addr[1]  in      0.0000   0.0000    0.39    0.01   --         
tb_tw_addr[2]  in      0.0000   0.0000    0.39    0.01   --         
tb_tw_addr[3]  in      0.0000   0.0000    0.39    0.01   --         
tb_tw_addr[4]  in      0.0000   0.0000    0.39    0.01   --         
tb_tw_addr[5]  in      0.0000   0.0000    0.39    0.01   --         
tb_tw_cen      in      0.0000   0.0000    0.39    0.01   --         
tb_tw_din[0]   in      0.0000   0.0000    0.39    0.01   --         
tb_tw_din[1]   in      0.0000   0.0000    0.39    0.01   --         
tb_tw_din[2]   in      0.0000   0.0000    0.39    0.01   --         
tb_tw_din[3]   in      0.0000   0.0000    0.39    0.01   --         
tb_tw_din[4]   in      0.0000   0.0000    0.39    0.01   --         
tb_tw_din[5]   in      0.0000   0.0000    0.39    0.01   --         
tb_tw_din[6]   in      0.0000   0.0000    0.39    0.01   --         
tb_tw_din[7]   in      0.0000   0.0000    0.39    0.01   --         
tb_tw_din[8]   in      0.0000   0.0000    0.39    0.01   --         
tb_tw_din[9]   in      0.0000   0.0000    0.39    0.01   --         
tb_tw_din[10]  in      0.0000   0.0000    0.39    0.01   --         
tb_tw_din[11]  in      0.0000   0.0000    0.39    0.01   --         
tb_tw_din[12]  in      0.0000   0.0000    0.39    0.01   --         
tb_tw_din[13]  in      0.0000   0.0000    0.39    0.01   --         
tb_tw_din[14]  in      0.0000   0.0000    0.39    0.01   --         
tb_tw_din[15]  in      0.0000   0.0000    0.39    0.01   --         
tb_tw_wen      in      0.0000   0.0000    0.39    0.01   --         
busy           out     0.0050   0.0000   --      --      --         
done           out     0.0050   0.0000   --      --      --         
tb_bitrev_addr[0]
               out     0.0050   0.0000   --      --      --         
tb_bitrev_addr[1]
               out     0.0050   0.0000   --      --      --         
tb_bitrev_addr[2]
               out     0.0050   0.0000   --      --      --         
tb_bitrev_addr[3]
               out     0.0050   0.0000   --      --      --         
tb_bitrev_addr[4]
               out     0.0050   0.0000   --      --      --         
tb_bitrev_addr[5]
               out     0.0050   0.0000   --      --      --         
tb_bitrev_addr[6]
               out     0.0050   0.0000   --      --      --         
tb_data_dout[0]
               out     0.0050   0.0000   --      --      --         
tb_data_dout[1]
               out     0.0050   0.0000   --      --      --         
tb_data_dout[2]
               out     0.0050   0.0000   --      --      --         
tb_data_dout[3]
               out     0.0050   0.0000   --      --      --         
tb_data_dout[4]
               out     0.0050   0.0000   --      --      --         
tb_data_dout[5]
               out     0.0050   0.0000   --      --      --         
tb_data_dout[6]
               out     0.0050   0.0000   --      --      --         
tb_data_dout[7]
               out     0.0050   0.0000   --      --      --         
tb_data_dout[8]
               out     0.0050   0.0000   --      --      --         
tb_data_dout[9]
               out     0.0050   0.0000   --      --      --         
tb_data_dout[10]
               out     0.0050   0.0000   --      --      --         
tb_data_dout[11]
               out     0.0050   0.0000   --      --      --         
tb_data_dout[12]
               out     0.0050   0.0000   --      --      --         
tb_data_dout[13]
               out     0.0050   0.0000   --      --      --         
tb_data_dout[14]
               out     0.0050   0.0000   --      --      --         
tb_data_dout[15]
               out     0.0050   0.0000   --      --      --         
tb_tw_dout[0]  out     0.0050   0.0000   --      --      --         
tb_tw_dout[1]  out     0.0050   0.0000   --      --      --         
tb_tw_dout[2]  out     0.0050   0.0000   --      --      --         
tb_tw_dout[3]  out     0.0050   0.0000   --      --      --         
tb_tw_dout[4]  out     0.0050   0.0000   --      --      --         
tb_tw_dout[5]  out     0.0050   0.0000   --      --      --         
tb_tw_dout[6]  out     0.0050   0.0000   --      --      --         
tb_tw_dout[7]  out     0.0050   0.0000   --      --      --         
tb_tw_dout[8]  out     0.0050   0.0000   --      --      --         
tb_tw_dout[9]  out     0.0050   0.0000   --      --      --         
tb_tw_dout[10] out     0.0050   0.0000   --      --      --         
tb_tw_dout[11] out     0.0050   0.0000   --      --      --         
tb_tw_dout[12] out     0.0050   0.0000   --      --      --         
tb_tw_dout[13] out     0.0050   0.0000   --      --      --         
tb_tw_dout[14] out     0.0050   0.0000   --      --      --         
tb_tw_dout[15] out     0.0050   0.0000   --      --      --         


              External  Max             Min                Min       Min
              Number    Wireload        Wireload           Pin       Wire
Port          Points    Model           Model              Load      Load
--------------------------------------------------------------------------------
clk                1      --              --              --        -- 
rstn               1      --              --              --        -- 
start              1      --              --              --        -- 
tb_data_addr[0]
                   1      --              --              --        -- 
tb_data_addr[1]
                   1      --              --              --        -- 
tb_data_addr[2]
                   1      --              --              --        -- 
tb_data_addr[3]
                   1      --              --              --        -- 
tb_data_addr[4]
                   1      --              --              --        -- 
tb_data_addr[5]
                   1      --              --              --        -- 
tb_data_addr[6]
                   1      --              --              --        -- 
tb_data_cen        1      --              --              --        -- 
tb_data_din[0]
                   1      --              --              --        -- 
tb_data_din[1]
                   1      --              --              --        -- 
tb_data_din[2]
                   1      --              --              --        -- 
tb_data_din[3]
                   1      --              --              --        -- 
tb_data_din[4]
                   1      --              --              --        -- 
tb_data_din[5]
                   1      --              --              --        -- 
tb_data_din[6]
                   1      --              --              --        -- 
tb_data_din[7]
                   1      --              --              --        -- 
tb_data_din[8]
                   1      --              --              --        -- 
tb_data_din[9]
                   1      --              --              --        -- 
tb_data_din[10]
                   1      --              --              --        -- 
tb_data_din[11]
                   1      --              --              --        -- 
tb_data_din[12]
                   1      --              --              --        -- 
tb_data_din[13]
                   1      --              --              --        -- 
tb_data_din[14]
                   1      --              --              --        -- 
tb_data_din[15]
                   1      --              --              --        -- 
tb_data_wen        1      --              --              --        -- 
tb_linear_addr[0]
                   1      --              --              --        -- 
tb_linear_addr[1]
                   1      --              --              --        -- 
tb_linear_addr[2]
                   1      --              --              --        -- 
tb_linear_addr[3]
                   1      --              --              --        -- 
tb_linear_addr[4]
                   1      --              --              --        -- 
tb_linear_addr[5]
                   1      --              --              --        -- 
tb_linear_addr[6]
                   1      --              --              --        -- 
tb_tw_addr[0]      1      --              --              --        -- 
tb_tw_addr[1]      1      --              --              --        -- 
tb_tw_addr[2]      1      --              --              --        -- 
tb_tw_addr[3]      1      --              --              --        -- 
tb_tw_addr[4]      1      --              --              --        -- 
tb_tw_addr[5]      1      --              --              --        -- 
tb_tw_cen          1      --              --              --        -- 
tb_tw_din[0]       1      --              --              --        -- 
tb_tw_din[1]       1      --              --              --        -- 
tb_tw_din[2]       1      --              --              --        -- 
tb_tw_din[3]       1      --              --              --        -- 
tb_tw_din[4]       1      --              --              --        -- 
tb_tw_din[5]       1      --              --              --        -- 
tb_tw_din[6]       1      --              --              --        -- 
tb_tw_din[7]       1      --              --              --        -- 
tb_tw_din[8]       1      --              --              --        -- 
tb_tw_din[9]       1      --              --              --        -- 
tb_tw_din[10]      1      --              --              --        -- 
tb_tw_din[11]      1      --              --              --        -- 
tb_tw_din[12]      1      --              --              --        -- 
tb_tw_din[13]      1      --              --              --        -- 
tb_tw_din[14]      1      --              --              --        -- 
tb_tw_din[15]      1      --              --              --        -- 
tb_tw_wen          1      --              --              --        -- 
busy               1      --              --              --        -- 
done               1      --              --              --        -- 
tb_bitrev_addr[0]
                   1      --              --              --        -- 
tb_bitrev_addr[1]
                   1      --              --              --        -- 
tb_bitrev_addr[2]
                   1      --              --              --        -- 
tb_bitrev_addr[3]
                   1      --              --              --        -- 
tb_bitrev_addr[4]
                   1      --              --              --        -- 
tb_bitrev_addr[5]
                   1      --              --              --        -- 
tb_bitrev_addr[6]
                   1      --              --              --        -- 
tb_data_dout[0]
                   1      --              --              --        -- 
tb_data_dout[1]
                   1      --              --              --        -- 
tb_data_dout[2]
                   1      --              --              --        -- 
tb_data_dout[3]
                   1      --              --              --        -- 
tb_data_dout[4]
                   1      --              --              --        -- 
tb_data_dout[5]
                   1      --              --              --        -- 
tb_data_dout[6]
                   1      --              --              --        -- 
tb_data_dout[7]
                   1      --              --              --        -- 
tb_data_dout[8]
                   1      --              --              --        -- 
tb_data_dout[9]
                   1      --              --              --        -- 
tb_data_dout[10]
                   1      --              --              --        -- 
tb_data_dout[11]
                   1      --              --              --        -- 
tb_data_dout[12]
                   1      --              --              --        -- 
tb_data_dout[13]
                   1      --              --              --        -- 
tb_data_dout[14]
                   1      --              --              --        -- 
tb_data_dout[15]
                   1      --              --              --        -- 
tb_tw_dout[0]      1      --              --              --        -- 
tb_tw_dout[1]      1      --              --              --        -- 
tb_tw_dout[2]      1      --              --              --        -- 
tb_tw_dout[3]      1      --              --              --        -- 
tb_tw_dout[4]      1      --              --              --        -- 
tb_tw_dout[5]      1      --              --              --        -- 
tb_tw_dout[6]      1      --              --              --        -- 
tb_tw_dout[7]      1      --              --              --        -- 
tb_tw_dout[8]      1      --              --              --        -- 
tb_tw_dout[9]      1      --              --              --        -- 
tb_tw_dout[10]
                   1      --              --              --        -- 
tb_tw_dout[11]
                   1      --              --              --        -- 
tb_tw_dout[12]
                   1      --              --              --        -- 
tb_tw_dout[13]
                   1      --              --              --        -- 
tb_tw_dout[14]
                   1      --              --              --        -- 
tb_tw_dout[15]
                   1      --              --              --        -- 

                    Input Delay
                  Min             Max       Related   Max
Input Port    Rise    Fall    Rise    Fall   Clock  Fanout
--------------------------------------------------------------------------------
clk           --      --      --      --      --      4.00
rstn          0.50    0.50    0.50    0.50  clk       4.00  
start         0.50    0.50    0.50    0.50  clk       4.00  
tb_data_addr[0]
              0.50    0.50    0.50    0.50  clk       4.00  
tb_data_addr[1]
              0.50    0.50    0.50    0.50  clk       4.00  
tb_data_addr[2]
              0.50    0.50    0.50    0.50  clk       4.00  
tb_data_addr[3]
              0.50    0.50    0.50    0.50  clk       4.00  
tb_data_addr[4]
              0.50    0.50    0.50    0.50  clk       4.00  
tb_data_addr[5]
              0.50    0.50    0.50    0.50  clk       4.00  
tb_data_addr[6]
              0.50    0.50    0.50    0.50  clk       4.00  
tb_data_cen   0.50    0.50    0.50    0.50  clk       4.00  
tb_data_din[0]
              0.50    0.50    0.50    0.50  clk       4.00  
tb_data_din[1]
              0.50    0.50    0.50    0.50  clk       4.00  
tb_data_din[2]
              0.50    0.50    0.50    0.50  clk       4.00  
tb_data_din[3]
              0.50    0.50    0.50    0.50  clk       4.00  
tb_data_din[4]
              0.50    0.50    0.50    0.50  clk       4.00  
tb_data_din[5]
              0.50    0.50    0.50    0.50  clk       4.00  
tb_data_din[6]
              0.50    0.50    0.50    0.50  clk       4.00  
tb_data_din[7]
              0.50    0.50    0.50    0.50  clk       4.00  
tb_data_din[8]
              0.50    0.50    0.50    0.50  clk       4.00  
tb_data_din[9]
              0.50    0.50    0.50    0.50  clk       4.00  
tb_data_din[10]
              0.50    0.50    0.50    0.50  clk       4.00  
tb_data_din[11]
              0.50    0.50    0.50    0.50  clk       4.00  
tb_data_din[12]
              0.50    0.50    0.50    0.50  clk       4.00  
tb_data_din[13]
              0.50    0.50    0.50    0.50  clk       4.00  
tb_data_din[14]
              0.50    0.50    0.50    0.50  clk       4.00  
tb_data_din[15]
              0.50    0.50    0.50    0.50  clk       4.00  
tb_data_wen   0.50    0.50    0.50    0.50  clk       4.00  
tb_linear_addr[0]
              0.50    0.50    0.50    0.50  clk       4.00  
tb_linear_addr[1]
              0.50    0.50    0.50    0.50  clk       4.00  
tb_linear_addr[2]
              0.50    0.50    0.50    0.50  clk       4.00  
tb_linear_addr[3]
              0.50    0.50    0.50    0.50  clk       4.00  
tb_linear_addr[4]
              0.50    0.50    0.50    0.50  clk       4.00  
tb_linear_addr[5]
              0.50    0.50    0.50    0.50  clk       4.00  
tb_linear_addr[6]
              0.50    0.50    0.50    0.50  clk       4.00  
tb_tw_addr[0]
              0.50    0.50    0.50    0.50  clk       4.00  
tb_tw_addr[1]
              0.50    0.50    0.50    0.50  clk       4.00  
tb_tw_addr[2]
              0.50    0.50    0.50    0.50  clk       4.00  
tb_tw_addr[3]
              0.50    0.50    0.50    0.50  clk       4.00  
tb_tw_addr[4]
              0.50    0.50    0.50    0.50  clk       4.00  
tb_tw_addr[5]
              0.50    0.50    0.50    0.50  clk       4.00  
tb_tw_cen     0.50    0.50    0.50    0.50  clk       4.00  
tb_tw_din[0]
              0.50    0.50    0.50    0.50  clk       4.00  
tb_tw_din[1]
              0.50    0.50    0.50    0.50  clk       4.00  
tb_tw_din[2]
              0.50    0.50    0.50    0.50  clk       4.00  
tb_tw_din[3]
              0.50    0.50    0.50    0.50  clk       4.00  
tb_tw_din[4]
              0.50    0.50    0.50    0.50  clk       4.00  
tb_tw_din[5]
              0.50    0.50    0.50    0.50  clk       4.00  
tb_tw_din[6]
              0.50    0.50    0.50    0.50  clk       4.00  
tb_tw_din[7]
              0.50    0.50    0.50    0.50  clk       4.00  
tb_tw_din[8]
              0.50    0.50    0.50    0.50  clk       4.00  
tb_tw_din[9]
              0.50    0.50    0.50    0.50  clk       4.00  
tb_tw_din[10]
              0.50    0.50    0.50    0.50  clk       4.00  
tb_tw_din[11]
              0.50    0.50    0.50    0.50  clk       4.00  
tb_tw_din[12]
              0.50    0.50    0.50    0.50  clk       4.00  
tb_tw_din[13]
              0.50    0.50    0.50    0.50  clk       4.00  
tb_tw_din[14]
              0.50    0.50    0.50    0.50  clk       4.00  
tb_tw_din[15]
              0.50    0.50    0.50    0.50  clk       4.00  
tb_tw_wen     0.50    0.50    0.50    0.50  clk       4.00  


                    Driving Cell
Input Port   Rise(min/max)      Fall(min/max)      Mult(min/max)  Attrs(min/max)
--------------------------------------------------------------------------------
clk          INVD0              INVD0                -- /  --     
rstn         INVD0              INVD0                -- /  --     
start        INVD0              INVD0                -- /  --     
tb_data_addr[0]
             INVD0              INVD0                -- /  --     
tb_data_addr[1]
             INVD0              INVD0                -- /  --     
tb_data_addr[2]
             INVD0              INVD0                -- /  --     
tb_data_addr[3]
             INVD0              INVD0                -- /  --     
tb_data_addr[4]
             INVD0              INVD0                -- /  --     
tb_data_addr[5]
             INVD0              INVD0                -- /  --     
tb_data_addr[6]
             INVD0              INVD0                -- /  --     
tb_data_cen  INVD0              INVD0                -- /  --     
tb_data_din[0]
             INVD0              INVD0                -- /  --     
tb_data_din[1]
             INVD0              INVD0                -- /  --     
tb_data_din[2]
             INVD0              INVD0                -- /  --     
tb_data_din[3]
             INVD0              INVD0                -- /  --     
tb_data_din[4]
             INVD0              INVD0                -- /  --     
tb_data_din[5]
             INVD0              INVD0                -- /  --     
tb_data_din[6]
             INVD0              INVD0                -- /  --     
tb_data_din[7]
             INVD0              INVD0                -- /  --     
tb_data_din[8]
             INVD0              INVD0                -- /  --     
tb_data_din[9]
             INVD0              INVD0                -- /  --     
tb_data_din[10]
             INVD0              INVD0                -- /  --     
tb_data_din[11]
             INVD0              INVD0                -- /  --     
tb_data_din[12]
             INVD0              INVD0                -- /  --     
tb_data_din[13]
             INVD0              INVD0                -- /  --     
tb_data_din[14]
             INVD0              INVD0                -- /  --     
tb_data_din[15]
             INVD0              INVD0                -- /  --     
tb_data_wen  INVD0              INVD0                -- /  --     
tb_linear_addr[0]
             INVD0              INVD0                -- /  --     
tb_linear_addr[1]
             INVD0              INVD0                -- /  --     
tb_linear_addr[2]
             INVD0              INVD0                -- /  --     
tb_linear_addr[3]
             INVD0              INVD0                -- /  --     
tb_linear_addr[4]
             INVD0              INVD0                -- /  --     
tb_linear_addr[5]
             INVD0              INVD0                -- /  --     
tb_linear_addr[6]
             INVD0              INVD0                -- /  --     
tb_tw_addr[0]
             INVD0              INVD0                -- /  --     
tb_tw_addr[1]
             INVD0              INVD0                -- /  --     
tb_tw_addr[2]
             INVD0              INVD0                -- /  --     
tb_tw_addr[3]
             INVD0              INVD0                -- /  --     
tb_tw_addr[4]
             INVD0              INVD0                -- /  --     
tb_tw_addr[5]
             INVD0              INVD0                -- /  --     
tb_tw_cen    INVD0              INVD0                -- /  --     
tb_tw_din[0] INVD0              INVD0                -- /  --     
tb_tw_din[1] INVD0              INVD0                -- /  --     
tb_tw_din[2] INVD0              INVD0                -- /  --     
tb_tw_din[3] INVD0              INVD0                -- /  --     
tb_tw_din[4] INVD0              INVD0                -- /  --     
tb_tw_din[5] INVD0              INVD0                -- /  --     
tb_tw_din[6] INVD0              INVD0                -- /  --     
tb_tw_din[7] INVD0              INVD0                -- /  --     
tb_tw_din[8] INVD0              INVD0                -- /  --     
tb_tw_din[9] INVD0              INVD0                -- /  --     
tb_tw_din[10]
             INVD0              INVD0                -- /  --     
tb_tw_din[11]
             INVD0              INVD0                -- /  --     
tb_tw_din[12]
             INVD0              INVD0                -- /  --     
tb_tw_din[13]
             INVD0              INVD0                -- /  --     
tb_tw_din[14]
             INVD0              INVD0                -- /  --     
tb_tw_din[15]
             INVD0              INVD0                -- /  --     
tb_tw_wen    INVD0              INVD0                -- /  --     


               Max Drive      Min Drive      Resistance    Min    Min       Cell
Input Port    Rise    Fall   Rise    Fall   Max     Min    Cap    Fanout    Deg
--------------------------------------------------------------------------------
clk           --      --     --      --     --      --     --     --        -- 
rstn          --      --     --      --     --      --     --     --        -- 
start         --      --     --      --     --      --     --     --        -- 
tb_data_addr[0]
              --      --     --      --     --      --     --     --        -- 
tb_data_addr[1]
              --      --     --      --     --      --     --     --        -- 
tb_data_addr[2]
              --      --     --      --     --      --     --     --        -- 
tb_data_addr[3]
              --      --     --      --     --      --     --     --        -- 
tb_data_addr[4]
              --      --     --      --     --      --     --     --        -- 
tb_data_addr[5]
              --      --     --      --     --      --     --     --        -- 
tb_data_addr[6]
              --      --     --      --     --      --     --     --        -- 
tb_data_cen   --      --     --      --     --      --     --     --        -- 
tb_data_din[0]
              --      --     --      --     --      --     --     --        -- 
tb_data_din[1]
              --      --     --      --     --      --     --     --        -- 
tb_data_din[2]
              --      --     --      --     --      --     --     --        -- 
tb_data_din[3]
              --      --     --      --     --      --     --     --        -- 
tb_data_din[4]
              --      --     --      --     --      --     --     --        -- 
tb_data_din[5]
              --      --     --      --     --      --     --     --        -- 
tb_data_din[6]
              --      --     --      --     --      --     --     --        -- 
tb_data_din[7]
              --      --     --      --     --      --     --     --        -- 
tb_data_din[8]
              --      --     --      --     --      --     --     --        -- 
tb_data_din[9]
              --      --     --      --     --      --     --     --        -- 
tb_data_din[10]
              --      --     --      --     --      --     --     --        -- 
tb_data_din[11]
              --      --     --      --     --      --     --     --        -- 
tb_data_din[12]
              --      --     --      --     --      --     --     --        -- 
tb_data_din[13]
              --      --     --      --     --      --     --     --        -- 
tb_data_din[14]
              --      --     --      --     --      --     --     --        -- 
tb_data_din[15]
              --      --     --      --     --      --     --     --        -- 
tb_data_wen   --      --     --      --     --      --     --     --        -- 
tb_linear_addr[0]
              --      --     --      --     --      --     --     --        -- 
tb_linear_addr[1]
              --      --     --      --     --      --     --     --        -- 
tb_linear_addr[2]
              --      --     --      --     --      --     --     --        -- 
tb_linear_addr[3]
              --      --     --      --     --      --     --     --        -- 
tb_linear_addr[4]
              --      --     --      --     --      --     --     --        -- 
tb_linear_addr[5]
              --      --     --      --     --      --     --     --        -- 
tb_linear_addr[6]
              --      --     --      --     --      --     --     --        -- 
tb_tw_addr[0]
              --      --     --      --     --      --     --     --        -- 
tb_tw_addr[1]
              --      --     --      --     --      --     --     --        -- 
tb_tw_addr[2]
              --      --     --      --     --      --     --     --        -- 
tb_tw_addr[3]
              --      --     --      --     --      --     --     --        -- 
tb_tw_addr[4]
              --      --     --      --     --      --     --     --        -- 
tb_tw_addr[5]
              --      --     --      --     --      --     --     --        -- 
tb_tw_cen     --      --     --      --     --      --     --     --        -- 
tb_tw_din[0]
              --      --     --      --     --      --     --     --        -- 
tb_tw_din[1]
              --      --     --      --     --      --     --     --        -- 
tb_tw_din[2]
              --      --     --      --     --      --     --     --        -- 
tb_tw_din[3]
              --      --     --      --     --      --     --     --        -- 
tb_tw_din[4]
              --      --     --      --     --      --     --     --        -- 
tb_tw_din[5]
              --      --     --      --     --      --     --     --        -- 
tb_tw_din[6]
              --      --     --      --     --      --     --     --        -- 
tb_tw_din[7]
              --      --     --      --     --      --     --     --        -- 
tb_tw_din[8]
              --      --     --      --     --      --     --     --        -- 
tb_tw_din[9]
              --      --     --      --     --      --     --     --        -- 
tb_tw_din[10]
              --      --     --      --     --      --     --     --        -- 
tb_tw_din[11]
              --      --     --      --     --      --     --     --        -- 
tb_tw_din[12]
              --      --     --      --     --      --     --     --        -- 
tb_tw_din[13]
              --      --     --      --     --      --     --     --        -- 
tb_tw_din[14]
              --      --     --      --     --      --     --     --        -- 
tb_tw_din[15]
              --      --     --      --     --      --     --     --        -- 
tb_tw_wen     --      --     --      --     --      --     --     --        -- 


               Max Tran        Min Tran
Input Port    Rise    Fall    Rise    Fall
--------------------------------------------------------------------------------
clk           --      --      --      -- 
rstn          --      --      --      -- 
start         --      --      --      -- 
tb_data_addr[0]
              --      --      --      -- 
tb_data_addr[1]
              --      --      --      -- 
tb_data_addr[2]
              --      --      --      -- 
tb_data_addr[3]
              --      --      --      -- 
tb_data_addr[4]
              --      --      --      -- 
tb_data_addr[5]
              --      --      --      -- 
tb_data_addr[6]
              --      --      --      -- 
tb_data_cen   --      --      --      -- 
tb_data_din[0]
              --      --      --      -- 
tb_data_din[1]
              --      --      --      -- 
tb_data_din[2]
              --      --      --      -- 
tb_data_din[3]
              --      --      --      -- 
tb_data_din[4]
              --      --      --      -- 
tb_data_din[5]
              --      --      --      -- 
tb_data_din[6]
              --      --      --      -- 
tb_data_din[7]
              --      --      --      -- 
tb_data_din[8]
              --      --      --      -- 
tb_data_din[9]
              --      --      --      -- 
tb_data_din[10]
              --      --      --      -- 
tb_data_din[11]
              --      --      --      -- 
tb_data_din[12]
              --      --      --      -- 
tb_data_din[13]
              --      --      --      -- 
tb_data_din[14]
              --      --      --      -- 
tb_data_din[15]
              --      --      --      -- 
tb_data_wen   --      --      --      -- 
tb_linear_addr[0]
              --      --      --      -- 
tb_linear_addr[1]
              --      --      --      -- 
tb_linear_addr[2]
              --      --      --      -- 
tb_linear_addr[3]
              --      --      --      -- 
tb_linear_addr[4]
              --      --      --      -- 
tb_linear_addr[5]
              --      --      --      -- 
tb_linear_addr[6]
              --      --      --      -- 
tb_tw_addr[0]
              --      --      --      -- 
tb_tw_addr[1]
              --      --      --      -- 
tb_tw_addr[2]
              --      --      --      -- 
tb_tw_addr[3]
              --      --      --      -- 
tb_tw_addr[4]
              --      --      --      -- 
tb_tw_addr[5]
              --      --      --      -- 
tb_tw_cen     --      --      --      -- 
tb_tw_din[0]
              --      --      --      -- 
tb_tw_din[1]
              --      --      --      -- 
tb_tw_din[2]
              --      --      --      -- 
tb_tw_din[3]
              --      --      --      -- 
tb_tw_din[4]
              --      --      --      -- 
tb_tw_din[5]
              --      --      --      -- 
tb_tw_din[6]
              --      --      --      -- 
tb_tw_din[7]
              --      --      --      -- 
tb_tw_din[8]
              --      --      --      -- 
tb_tw_din[9]
              --      --      --      -- 
tb_tw_din[10]
              --      --      --      -- 
tb_tw_din[11]
              --      --      --      -- 
tb_tw_din[12]
              --      --      --      -- 
tb_tw_din[13]
              --      --      --      -- 
tb_tw_din[14]
              --      --      --      -- 
tb_tw_din[15]
              --      --      --      -- 
tb_tw_wen     --      --      --      -- 


                    Output Delay
                  Min             Max      Related  Fanout
Output Port   Rise    Fall    Rise    Fall  Clock     Load
--------------------------------------------------------------------------------
busy          0.10    0.10    0.10    0.10  clk       0.00  
done          0.10    0.10    0.10    0.10  clk       0.00  
tb_bitrev_addr[0]
              0.10    0.10    0.10    0.10  clk       0.00  
tb_bitrev_addr[1]
              0.10    0.10    0.10    0.10  clk       0.00  
tb_bitrev_addr[2]
              0.10    0.10    0.10    0.10  clk       0.00  
tb_bitrev_addr[3]
              0.10    0.10    0.10    0.10  clk       0.00  
tb_bitrev_addr[4]
              0.10    0.10    0.10    0.10  clk       0.00  
tb_bitrev_addr[5]
              0.10    0.10    0.10    0.10  clk       0.00  
tb_bitrev_addr[6]
              0.10    0.10    0.10    0.10  clk       0.00  
tb_data_dout[0]
              0.10    0.10    0.10    0.10  clk       0.00  
tb_data_dout[1]
              0.10    0.10    0.10    0.10  clk       0.00  
tb_data_dout[2]
              0.10    0.10    0.10    0.10  clk       0.00  
tb_data_dout[3]
              0.10    0.10    0.10    0.10  clk       0.00  
tb_data_dout[4]
              0.10    0.10    0.10    0.10  clk       0.00  
tb_data_dout[5]
              0.10    0.10    0.10    0.10  clk       0.00  
tb_data_dout[6]
              0.10    0.10    0.10    0.10  clk       0.00  
tb_data_dout[7]
              0.10    0.10    0.10    0.10  clk       0.00  
tb_data_dout[8]
              0.10    0.10    0.10    0.10  clk       0.00  
tb_data_dout[9]
              0.10    0.10    0.10    0.10  clk       0.00  
tb_data_dout[10]
              0.10    0.10    0.10    0.10  clk       0.00  
tb_data_dout[11]
              0.10    0.10    0.10    0.10  clk       0.00  
tb_data_dout[12]
              0.10    0.10    0.10    0.10  clk       0.00  
tb_data_dout[13]
              0.10    0.10    0.10    0.10  clk       0.00  
tb_data_dout[14]
              0.10    0.10    0.10    0.10  clk       0.00  
tb_data_dout[15]
              0.10    0.10    0.10    0.10  clk       0.00  
tb_tw_dout[0]
              0.10    0.10    0.10    0.10  clk       0.00  
tb_tw_dout[1]
              0.10    0.10    0.10    0.10  clk       0.00  
tb_tw_dout[2]
              0.10    0.10    0.10    0.10  clk       0.00  
tb_tw_dout[3]
              0.10    0.10    0.10    0.10  clk       0.00  
tb_tw_dout[4]
              0.10    0.10    0.10    0.10  clk       0.00  
tb_tw_dout[5]
              0.10    0.10    0.10    0.10  clk       0.00  
tb_tw_dout[6]
              0.10    0.10    0.10    0.10  clk       0.00  
tb_tw_dout[7]
              0.10    0.10    0.10    0.10  clk       0.00  
tb_tw_dout[8]
              0.10    0.10    0.10    0.10  clk       0.00  
tb_tw_dout[9]
              0.10    0.10    0.10    0.10  clk       0.00  
tb_tw_dout[10]
              0.10    0.10    0.10    0.10  clk       0.00  
tb_tw_dout[11]
              0.10    0.10    0.10    0.10  clk       0.00  
tb_tw_dout[12]
              0.10    0.10    0.10    0.10  clk       0.00  
tb_tw_dout[13]
              0.10    0.10    0.10    0.10  clk       0.00  
tb_tw_dout[14]
              0.10    0.10    0.10    0.10  clk       0.00  
tb_tw_dout[15]
              0.10    0.10    0.10    0.10  clk       0.00  

1
 
****************************************
Report : compile_options
Design : fft_top
Version: U-2022.12-SP7
Date   : Sat Jun 27 22:09:10 2026
****************************************

Design                                   Compile Option         Value
--------------------------------------------------------------------------------
fft_top                                  flatten                false
                                         structure              true
                                         structure_boolean      false
                                         structure_timing       true
                                         fix_multiple_port_nets feedthroughs
                                                                constants
                                                                outputs
                                                                buffer_constants
                                         isolate_port           disabled
                                         multibit_options
                                           optimization_mode    non_timing_driven
                                           minimum_width        2
                                           exclude_registers_with_timing_exceptions false
--------------------------------------------------------------------------------
1
 
****************************************
Report : constraint
        -all_violators
        -verbose
Design : fft_top
Version: U-2022.12-SP7
Date   : Sat Jun 27 22:09:10 2026
****************************************

This design has no violated constraints.

1
 
****************************************
Report : timing
        -path full
        -delay max
        -nworst 100
        -max_paths 20
Design : fft_top
Version: U-2022.12-SP7
Date   : Sat Jun 27 22:09:10 2026
****************************************

Operating Conditions: NCCOM   Library: tcbn65gplustc_ccs
Wire Load Model Mode: top

  Startpoint: u_tw_sram_u_sram_u_sram
              (rising edge-triggered flip-flop clocked by clk)
  Endpoint: u_core_x0_out_reg_15_
            (rising edge-triggered flip-flop clocked by clk)
  Path Group: clk
  Path Type: max

  Des/Clust/Port     Wire Load Model       Library
  ------------------------------------------------
  fft_top            ZeroWireload          tcbn65gplustc_ccs

  Point                                                   Incr       Path
  --------------------------------------------------------------------------
  clock clk (rise edge)                                   0.00       0.00
  clock network delay (ideal)                             0.00       0.00
  u_tw_sram_u_sram_u_sram/CLK (sram00)                    0.00       0.00 r
  u_tw_sram_u_sram_u_sram/Q[9] (sram00)                   0.77       0.77 r
  U1138/ZN (INVD2)                                        0.01       0.78 f
  U1244/ZN (INVD0)                                        0.04       0.82 r
  U1151/ZN (AOI21D1)                                      0.03       0.85 f
  U1311/Z (BUFFD0)                                        0.04       0.90 f
  U1312/ZN (INVD0)                                        0.02       0.91 r
  U1591/ZN (NR2D0)                                        0.02       0.94 f
  U1320/Z (BUFFD0)                                        0.04       0.97 f
  U1321/ZN (INVD0)                                        0.03       1.01 r
  U1437/ZN (AOI22D0)                                      0.03       1.04 f
  U1502/ZN (AOI221D0)                                     0.10       1.14 r
  intadd_15_U4/S (FA1D0)                                  0.12       1.26 f
  U2165/S (FA1D0)                                         0.10       1.35 r
  U2163/ZN (INVD0)                                        0.01       1.37 f
  U2164/ZN (MAOI222D0)                                    0.06       1.43 r
  U2167/ZN (MAOI222D0)                                    0.05       1.48 f
  U2168/ZN (INVD0)                                        0.03       1.51 r
  U2169/ZN (MAOI222D0)                                    0.04       1.55 f
  U2171/ZN (MAOI222D0)                                    0.08       1.63 r
  intadd_14_U2/CO (FA1D0)                                 0.11       1.74 r
  intadd_0_U7/S (FA1D0)                                   0.09       1.83 r
  U1201/ZN (INVD0)                                        0.03       1.86 f
  U1652/ZN (MAOI222D0)                                    0.06       1.92 r
  U1653/ZN (INVD0)                                        0.03       1.95 f
  U1654/ZN (MAOI222D0)                                    0.07       2.02 r
  U1655/ZN (INVD0)                                        0.03       2.05 f
  U1656/ZN (MAOI222D0)                                    0.07       2.12 r
  U1657/ZN (INVD0)                                        0.03       2.15 f
  U1114/ZN (MAOI222D1)                                    0.06       2.21 r
  U1141/ZN (INVD0)                                        0.03       2.24 f
  U1113/ZN (MAOI222D1)                                    0.05       2.30 r
  U1139/ZN (INVD0)                                        0.03       2.33 f
  U1659/ZN (MAOI222D0)                                    0.08       2.40 r
  U1660/ZN (INVD0)                                        0.02       2.42 f
  U1679/ZN (AOI21D0)                                      0.03       2.46 r
  U1682/Z (AO22D0)                                        0.05       2.51 r
  u_core_x0_out_reg_15_/D (DFCNQD1)                       0.00       2.51 r
  data arrival time                                                  2.51

  clock clk (rise edge)                                   4.00       4.00
  clock network delay (ideal)                             0.00       4.00
  u_core_x0_out_reg_15_/CP (DFCNQD1)                      0.00       4.00 r
  library setup time                                     -0.01       3.99
  data required time                                                 3.99
  --------------------------------------------------------------------------
  data required time                                                 3.99
  data arrival time                                                 -2.51
  --------------------------------------------------------------------------
  slack (MET)                                                        1.49


  Startpoint: u_tw_sram_u_sram_u_sram
              (rising edge-triggered flip-flop clocked by clk)
  Endpoint: u_core_x0_out_reg_15_
            (rising edge-triggered flip-flop clocked by clk)
  Path Group: clk
  Path Type: max

  Des/Clust/Port     Wire Load Model       Library
  ------------------------------------------------
  fft_top            ZeroWireload          tcbn65gplustc_ccs

  Point                                                   Incr       Path
  --------------------------------------------------------------------------
  clock clk (rise edge)                                   0.00       0.00
  clock network delay (ideal)                             0.00       0.00
  u_tw_sram_u_sram_u_sram/CLK (sram00)                    0.00       0.00 r
  u_tw_sram_u_sram_u_sram/Q[9] (sram00)                   0.77       0.77 r
  U1138/ZN (INVD2)                                        0.01       0.78 f
  U1244/ZN (INVD0)                                        0.04       0.82 r
  U1151/ZN (AOI21D1)                                      0.03       0.85 f
  U1311/Z (BUFFD0)                                        0.04       0.90 f
  U1312/ZN (INVD0)                                        0.02       0.91 r
  U1591/ZN (NR2D0)                                        0.02       0.94 f
  U1320/Z (BUFFD0)                                        0.04       0.97 f
  U1321/ZN (INVD0)                                        0.03       1.01 r
  U1437/ZN (AOI22D0)                                      0.03       1.04 f
  U1502/ZN (AOI221D0)                                     0.10       1.14 r
  intadd_15_U4/S (FA1D0)                                  0.12       1.26 f
  U2165/S (FA1D0)                                         0.10       1.35 r
  U2163/ZN (INVD0)                                        0.01       1.37 f
  U2164/ZN (MAOI222D0)                                    0.06       1.43 r
  U2167/ZN (MAOI222D0)                                    0.05       1.48 f
  U2168/ZN (INVD0)                                        0.03       1.51 r
  U2169/ZN (MAOI222D0)                                    0.04       1.55 f
  U2171/ZN (MAOI222D0)                                    0.08       1.63 r
  intadd_14_U2/CO (FA1D0)                                 0.11       1.74 r
  intadd_0_U7/S (FA1D0)                                   0.09       1.83 r
  U1201/ZN (INVD0)                                        0.03       1.86 f
  U1652/ZN (MAOI222D0)                                    0.06       1.92 r
  U1653/ZN (INVD0)                                        0.03       1.95 f
  U1654/ZN (MAOI222D0)                                    0.07       2.02 r
  U1655/ZN (INVD0)                                        0.03       2.05 f
  U1656/ZN (MAOI222D0)                                    0.07       2.12 r
  U1657/ZN (INVD0)                                        0.03       2.15 f
  U1114/ZN (MAOI222D1)                                    0.06       2.21 r
  U1141/ZN (INVD0)                                        0.03       2.24 f
  U1113/ZN (MAOI222D1)                                    0.05       2.30 r
  U1139/ZN (INVD0)                                        0.03       2.33 f
  U1659/ZN (MAOI222D0)                                    0.08       2.40 r
  U1660/ZN (INVD0)                                        0.02       2.42 f
  U1679/ZN (AOI21D0)                                      0.03       2.46 r
  U1682/Z (AO22D0)                                        0.05       2.51 r
  u_core_x0_out_reg_15_/D (DFCNQD1)                       0.00       2.51 r
  data arrival time                                                  2.51

  clock clk (rise edge)                                   4.00       4.00
  clock network delay (ideal)                             0.00       4.00
  u_core_x0_out_reg_15_/CP (DFCNQD1)                      0.00       4.00 r
  library setup time                                     -0.01       3.99
  data required time                                                 3.99
  --------------------------------------------------------------------------
  data required time                                                 3.99
  data arrival time                                                 -2.51
  --------------------------------------------------------------------------
  slack (MET)                                                        1.49


  Startpoint: u_tw_sram_u_sram_u_sram
              (rising edge-triggered flip-flop clocked by clk)
  Endpoint: u_core_x0_out_reg_15_
            (rising edge-triggered flip-flop clocked by clk)
  Path Group: clk
  Path Type: max

  Des/Clust/Port     Wire Load Model       Library
  ------------------------------------------------
  fft_top            ZeroWireload          tcbn65gplustc_ccs

  Point                                                   Incr       Path
  --------------------------------------------------------------------------
  clock clk (rise edge)                                   0.00       0.00
  clock network delay (ideal)                             0.00       0.00
  u_tw_sram_u_sram_u_sram/CLK (sram00)                    0.00       0.00 r
  u_tw_sram_u_sram_u_sram/Q[9] (sram00)                   0.77       0.77 r
  U1138/ZN (INVD2)                                        0.01       0.78 f
  U1244/ZN (INVD0)                                        0.04       0.82 r
  U1151/ZN (AOI21D1)                                      0.03       0.85 f
  U1311/Z (BUFFD0)                                        0.04       0.90 f
  U1312/ZN (INVD0)                                        0.02       0.91 r
  U1591/ZN (NR2D0)                                        0.02       0.94 f
  U1320/Z (BUFFD0)                                        0.04       0.97 f
  U1321/ZN (INVD0)                                        0.03       1.01 r
  U1437/ZN (AOI22D0)                                      0.03       1.04 f
  U1502/ZN (AOI221D0)                                     0.10       1.14 r
  intadd_15_U4/S (FA1D0)                                  0.12       1.26 f
  U2165/S (FA1D0)                                         0.10       1.35 r
  U2163/ZN (INVD0)                                        0.01       1.37 f
  U2164/ZN (MAOI222D0)                                    0.06       1.43 r
  U2167/ZN (MAOI222D0)                                    0.05       1.48 f
  U2168/ZN (INVD0)                                        0.03       1.50 r
  U2169/ZN (MAOI222D0)                                    0.04       1.55 f
  U2171/ZN (MAOI222D0)                                    0.08       1.63 r
  intadd_14_U2/CO (FA1D0)                                 0.11       1.74 r
  intadd_0_U7/S (FA1D0)                                   0.09       1.83 r
  U1201/ZN (INVD0)                                        0.03       1.86 f
  U1652/ZN (MAOI222D0)                                    0.06       1.92 r
  U1653/ZN (INVD0)                                        0.03       1.95 f
  U1654/ZN (MAOI222D0)                                    0.07       2.02 r
  U1655/ZN (INVD0)                                        0.03       2.05 f
  U1656/ZN (MAOI222D0)                                    0.07       2.12 r
  U1657/ZN (INVD0)                                        0.03       2.15 f
  U1114/ZN (MAOI222D1)                                    0.06       2.21 r
  U1141/ZN (INVD0)                                        0.03       2.24 f
  U1113/ZN (MAOI222D1)                                    0.05       2.29 r
  U1139/ZN (INVD0)                                        0.03       2.32 f
  U1659/ZN (MAOI222D0)                                    0.08       2.40 r
  U1660/ZN (INVD0)                                        0.02       2.42 f
  U1679/ZN (AOI21D0)                                      0.03       2.45 r
  U1682/Z (AO22D0)                                        0.05       2.50 r
  u_core_x0_out_reg_15_/D (DFCNQD1)                       0.00       2.50 r
  data arrival time                                                  2.50

  clock clk (rise edge)                                   4.00       4.00
  clock network delay (ideal)                             0.00       4.00
  u_core_x0_out_reg_15_/CP (DFCNQD1)                      0.00       4.00 r
  library setup time                                     -0.01       3.99
  data required time                                                 3.99
  --------------------------------------------------------------------------
  data required time                                                 3.99
  data arrival time                                                 -2.50
  --------------------------------------------------------------------------
  slack (MET)                                                        1.49


  Startpoint: u_tw_sram_u_sram_u_sram
              (rising edge-triggered flip-flop clocked by clk)
  Endpoint: u_core_x0_out_reg_15_
            (rising edge-triggered flip-flop clocked by clk)
  Path Group: clk
  Path Type: max

  Des/Clust/Port     Wire Load Model       Library
  ------------------------------------------------
  fft_top            ZeroWireload          tcbn65gplustc_ccs

  Point                                                   Incr       Path
  --------------------------------------------------------------------------
  clock clk (rise edge)                                   0.00       0.00
  clock network delay (ideal)                             0.00       0.00
  u_tw_sram_u_sram_u_sram/CLK (sram00)                    0.00       0.00 r
  u_tw_sram_u_sram_u_sram/Q[9] (sram00)                   0.77       0.77 r
  U1138/ZN (INVD2)                                        0.01       0.78 f
  U1244/ZN (INVD0)                                        0.04       0.82 r
  U1151/ZN (AOI21D1)                                      0.03       0.85 f
  U1311/Z (BUFFD0)                                        0.04       0.90 f
  U1312/ZN (INVD0)                                        0.02       0.91 r
  U1591/ZN (NR2D0)                                        0.02       0.94 f
  U1320/Z (BUFFD0)                                        0.04       0.97 f
  U1321/ZN (INVD0)                                        0.03       1.01 r
  U1437/ZN (AOI22D0)                                      0.03       1.04 f
  U1502/ZN (AOI221D0)                                     0.10       1.14 r
  intadd_15_U4/S (FA1D0)                                  0.12       1.26 f
  U2165/S (FA1D0)                                         0.10       1.35 r
  U2163/ZN (INVD0)                                        0.01       1.37 f
  U2164/ZN (MAOI222D0)                                    0.06       1.43 r
  U2167/ZN (MAOI222D0)                                    0.05       1.48 f
  U2168/ZN (INVD0)                                        0.03       1.50 r
  U2169/ZN (MAOI222D0)                                    0.04       1.55 f
  U2171/ZN (MAOI222D0)                                    0.08       1.63 r
  intadd_14_U2/CO (FA1D0)                                 0.11       1.74 r
  intadd_0_U7/S (FA1D0)                                   0.09       1.83 r
  U1201/ZN (INVD0)                                        0.03       1.86 f
  U1652/ZN (MAOI222D0)                                    0.06       1.92 r
  U1653/ZN (INVD0)                                        0.03       1.95 f
  U1654/ZN (MAOI222D0)                                    0.07       2.02 r
  U1655/ZN (INVD0)                                        0.03       2.05 f
  U1656/ZN (MAOI222D0)                                    0.07       2.12 r
  U1657/ZN (INVD0)                                        0.03       2.15 f
  U1114/ZN (MAOI222D1)                                    0.06       2.21 r
  U1141/ZN (INVD0)                                        0.03       2.24 f
  U1113/ZN (MAOI222D1)                                    0.05       2.29 r
  U1139/ZN (INVD0)                                        0.03       2.32 f
  U1659/ZN (MAOI222D0)                                    0.08       2.40 r
  U1660/ZN (INVD0)                                        0.02       2.42 f
  U1679/ZN (AOI21D0)                                      0.03       2.45 r
  U1682/Z (AO22D0)                                        0.05       2.50 r
  u_core_x0_out_reg_15_/D (DFCNQD1)                       0.00       2.50 r
  data arrival time                                                  2.50

  clock clk (rise edge)                                   4.00       4.00
  clock network delay (ideal)                             0.00       4.00
  u_core_x0_out_reg_15_/CP (DFCNQD1)                      0.00       4.00 r
  library setup time                                     -0.01       3.99
  data required time                                                 3.99
  --------------------------------------------------------------------------
  data required time                                                 3.99
  data arrival time                                                 -2.50
  --------------------------------------------------------------------------
  slack (MET)                                                        1.49


  Startpoint: u_tw_sram_u_sram_u_sram
              (rising edge-triggered flip-flop clocked by clk)
  Endpoint: u_core_x0_out_reg_15_
            (rising edge-triggered flip-flop clocked by clk)
  Path Group: clk
  Path Type: max

  Des/Clust/Port     Wire Load Model       Library
  ------------------------------------------------
  fft_top            ZeroWireload          tcbn65gplustc_ccs

  Point                                                   Incr       Path
  --------------------------------------------------------------------------
  clock clk (rise edge)                                   0.00       0.00
  clock network delay (ideal)                             0.00       0.00
  u_tw_sram_u_sram_u_sram/CLK (sram00)                    0.00       0.00 r
  u_tw_sram_u_sram_u_sram/Q[9] (sram00)                   0.77       0.77 r
  U1138/ZN (INVD2)                                        0.01       0.78 f
  U1244/ZN (INVD0)                                        0.04       0.82 r
  U1151/ZN (AOI21D1)                                      0.03       0.85 f
  U1311/Z (BUFFD0)                                        0.04       0.90 f
  U1312/ZN (INVD0)                                        0.02       0.91 r
  U1591/ZN (NR2D0)                                        0.02       0.94 f
  U1320/Z (BUFFD0)                                        0.04       0.97 f
  U1321/ZN (INVD0)                                        0.03       1.01 r
  U1437/ZN (AOI22D0)                                      0.03       1.04 f
  U1502/ZN (AOI221D0)                                     0.10       1.13 r
  intadd_15_U4/S (FA1D0)                                  0.12       1.26 f
  U2165/S (FA1D0)                                         0.10       1.35 r
  U2163/ZN (INVD0)                                        0.01       1.37 f
  U2164/ZN (MAOI222D0)                                    0.06       1.43 r
  U2167/ZN (MAOI222D0)                                    0.05       1.48 f
  U2168/ZN (INVD0)                                        0.03       1.50 r
  U2169/ZN (MAOI222D0)                                    0.04       1.55 f
  U2171/ZN (MAOI222D0)                                    0.08       1.63 r
  intadd_14_U2/CO (FA1D0)                                 0.11       1.74 r
  intadd_0_U7/S (FA1D0)                                   0.09       1.83 r
  U1201/ZN (INVD0)                                        0.03       1.86 f
  U1652/ZN (MAOI222D0)                                    0.06       1.92 r
  U1653/ZN (INVD0)                                        0.03       1.95 f
  U1654/ZN (MAOI222D0)                                    0.07       2.02 r
  U1655/ZN (INVD0)                                        0.03       2.05 f
  U1656/ZN (MAOI222D0)                                    0.07       2.12 r
  U1657/ZN (INVD0)                                        0.03       2.15 f
  U1114/ZN (MAOI222D1)                                    0.06       2.21 r
  U1141/ZN (INVD0)                                        0.03       2.24 f
  U1113/ZN (MAOI222D1)                                    0.05       2.29 r
  U1139/ZN (INVD0)                                        0.03       2.32 f
  U1659/ZN (MAOI222D0)                                    0.08       2.40 r
  U1660/ZN (INVD0)                                        0.02       2.42 f
  U1679/ZN (AOI21D0)                                      0.03       2.45 r
  U1682/Z (AO22D0)                                        0.05       2.50 r
  u_core_x0_out_reg_15_/D (DFCNQD1)                       0.00       2.50 r
  data arrival time                                                  2.50

  clock clk (rise edge)                                   4.00       4.00
  clock network delay (ideal)                             0.00       4.00
  u_core_x0_out_reg_15_/CP (DFCNQD1)                      0.00       4.00 r
  library setup time                                     -0.01       3.99
  data required time                                                 3.99
  --------------------------------------------------------------------------
  data required time                                                 3.99
  data arrival time                                                 -2.50
  --------------------------------------------------------------------------
  slack (MET)                                                        1.49


  Startpoint: u_tw_sram_u_sram_u_sram
              (rising edge-triggered flip-flop clocked by clk)
  Endpoint: u_core_x0_out_reg_15_
            (rising edge-triggered flip-flop clocked by clk)
  Path Group: clk
  Path Type: max

  Des/Clust/Port     Wire Load Model       Library
  ------------------------------------------------
  fft_top            ZeroWireload          tcbn65gplustc_ccs

  Point                                                   Incr       Path
  --------------------------------------------------------------------------
  clock clk (rise edge)                                   0.00       0.00
  clock network delay (ideal)                             0.00       0.00
  u_tw_sram_u_sram_u_sram/CLK (sram00)                    0.00       0.00 r
  u_tw_sram_u_sram_u_sram/Q[9] (sram00)                   0.77       0.77 r
  U1138/ZN (INVD2)                                        0.01       0.78 f
  U1244/ZN (INVD0)                                        0.04       0.82 r
  U1151/ZN (AOI21D1)                                      0.03       0.85 f
  U1311/Z (BUFFD0)                                        0.04       0.90 f
  U1312/ZN (INVD0)                                        0.02       0.91 r
  U1591/ZN (NR2D0)                                        0.02       0.94 f
  U1320/Z (BUFFD0)                                        0.04       0.97 f
  U1321/ZN (INVD0)                                        0.03       1.01 r
  U1437/ZN (AOI22D0)                                      0.03       1.04 f
  U1502/ZN (AOI221D0)                                     0.10       1.14 r
  intadd_15_U4/S (FA1D0)                                  0.12       1.26 f
  U2165/S (FA1D0)                                         0.10       1.35 r
  U2163/ZN (INVD0)                                        0.01       1.37 f
  U2164/ZN (MAOI222D0)                                    0.06       1.43 r
  U2167/ZN (MAOI222D0)                                    0.05       1.48 f
  U2168/ZN (INVD0)                                        0.03       1.51 r
  U2169/ZN (MAOI222D0)                                    0.04       1.55 f
  U2171/ZN (MAOI222D0)                                    0.08       1.63 r
  intadd_14_U2/CO (FA1D0)                                 0.11       1.74 r
  intadd_0_U7/S (FA1D0)                                   0.09       1.83 r
  U1201/ZN (INVD0)                                        0.03       1.85 f
  U1652/ZN (MAOI222D0)                                    0.06       1.92 r
  U1653/ZN (INVD0)                                        0.03       1.95 f
  U1654/ZN (MAOI222D0)                                    0.07       2.02 r
  U1655/ZN (INVD0)                                        0.03       2.05 f
  U1656/ZN (MAOI222D0)                                    0.07       2.12 r
  U1657/ZN (INVD0)                                        0.03       2.15 f
  U1114/ZN (MAOI222D1)                                    0.06       2.21 r
  U1141/ZN (INVD0)                                        0.03       2.24 f
  U1113/ZN (MAOI222D1)                                    0.05       2.29 r
  U1139/ZN (INVD0)                                        0.03       2.32 f
  U1659/ZN (MAOI222D0)                                    0.08       2.40 r
  U1660/ZN (INVD0)                                        0.02       2.42 f
  U1679/ZN (AOI21D0)                                      0.03       2.45 r
  U1682/Z (AO22D0)                                        0.05       2.50 r
  u_core_x0_out_reg_15_/D (DFCNQD1)                       0.00       2.50 r
  data arrival time                                                  2.50

  clock clk (rise edge)                                   4.00       4.00
  clock network delay (ideal)                             0.00       4.00
  u_core_x0_out_reg_15_/CP (DFCNQD1)                      0.00       4.00 r
  library setup time                                     -0.01       3.99
  data required time                                                 3.99
  --------------------------------------------------------------------------
  data required time                                                 3.99
  data arrival time                                                 -2.50
  --------------------------------------------------------------------------
  slack (MET)                                                        1.49


  Startpoint: u_tw_sram_u_sram_u_sram
              (rising edge-triggered flip-flop clocked by clk)
  Endpoint: u_core_x0_out_reg_15_
            (rising edge-triggered flip-flop clocked by clk)
  Path Group: clk
  Path Type: max

  Des/Clust/Port     Wire Load Model       Library
  ------------------------------------------------
  fft_top            ZeroWireload          tcbn65gplustc_ccs

  Point                                                   Incr       Path
  --------------------------------------------------------------------------
  clock clk (rise edge)                                   0.00       0.00
  clock network delay (ideal)                             0.00       0.00
  u_tw_sram_u_sram_u_sram/CLK (sram00)                    0.00       0.00 r
  u_tw_sram_u_sram_u_sram/Q[9] (sram00)                   0.77       0.77 r
  U1138/ZN (INVD2)                                        0.01       0.78 f
  U1244/ZN (INVD0)                                        0.04       0.82 r
  U1151/ZN (AOI21D1)                                      0.03       0.85 f
  U1311/Z (BUFFD0)                                        0.04       0.90 f
  U1312/ZN (INVD0)                                        0.02       0.91 r
  U1591/ZN (NR2D0)                                        0.02       0.94 f
  U1320/Z (BUFFD0)                                        0.04       0.97 f
  U1321/ZN (INVD0)                                        0.03       1.01 r
  U1437/ZN (AOI22D0)                                      0.03       1.04 f
  U1502/ZN (AOI221D0)                                     0.10       1.14 r
  intadd_15_U4/S (FA1D0)                                  0.12       1.26 f
  U2165/S (FA1D0)                                         0.10       1.35 r
  U2163/ZN (INVD0)                                        0.01       1.37 f
  U2164/ZN (MAOI222D0)                                    0.06       1.43 r
  U2167/ZN (MAOI222D0)                                    0.05       1.48 f
  U2168/ZN (INVD0)                                        0.03       1.51 r
  U2169/ZN (MAOI222D0)                                    0.04       1.55 f
  U2171/ZN (MAOI222D0)                                    0.08       1.63 r
  intadd_14_U2/CO (FA1D0)                                 0.11       1.74 r
  intadd_0_U7/S (FA1D0)                                   0.09       1.83 r
  U1201/ZN (INVD0)                                        0.03       1.86 f
  U1652/ZN (MAOI222D0)                                    0.06       1.92 r
  U1653/ZN (INVD0)                                        0.03       1.95 f
  U1654/ZN (MAOI222D0)                                    0.07       2.02 r
  U1655/ZN (INVD0)                                        0.03       2.05 f
  U1656/ZN (MAOI222D0)                                    0.07       2.12 r
  U1657/ZN (INVD0)                                        0.03       2.15 f
  U1114/ZN (MAOI222D1)                                    0.06       2.21 r
  U1141/ZN (INVD0)                                        0.03       2.24 f
  U1113/ZN (MAOI222D1)                                    0.05       2.30 r
  U1139/ZN (INVD0)                                        0.03       2.33 f
  U1659/ZN (MAOI222D0)                                    0.08       2.40 r
  U1660/ZN (INVD0)                                        0.02       2.42 f
  U1679/ZN (AOI21D0)                                      0.03       2.46 r
  U1682/Z (AO22D0)                                        0.05       2.50 r
  u_core_x0_out_reg_15_/D (DFCNQD1)                       0.00       2.50 r
  data arrival time                                                  2.50

  clock clk (rise edge)                                   4.00       4.00
  clock network delay (ideal)                             0.00       4.00
  u_core_x0_out_reg_15_/CP (DFCNQD1)                      0.00       4.00 r
  library setup time                                     -0.01       3.99
  data required time                                                 3.99
  --------------------------------------------------------------------------
  data required time                                                 3.99
  data arrival time                                                 -2.50
  --------------------------------------------------------------------------
  slack (MET)                                                        1.49


  Startpoint: u_tw_sram_u_sram_u_sram
              (rising edge-triggered flip-flop clocked by clk)
  Endpoint: u_core_x0_out_reg_15_
            (rising edge-triggered flip-flop clocked by clk)
  Path Group: clk
  Path Type: max

  Des/Clust/Port     Wire Load Model       Library
  ------------------------------------------------
  fft_top            ZeroWireload          tcbn65gplustc_ccs

  Point                                                   Incr       Path
  --------------------------------------------------------------------------
  clock clk (rise edge)                                   0.00       0.00
  clock network delay (ideal)                             0.00       0.00
  u_tw_sram_u_sram_u_sram/CLK (sram00)                    0.00       0.00 r
  u_tw_sram_u_sram_u_sram/Q[9] (sram00)                   0.77       0.77 r
  U1138/ZN (INVD2)                                        0.01       0.78 f
  U1244/ZN (INVD0)                                        0.04       0.82 r
  U1151/ZN (AOI21D1)                                      0.03       0.85 f
  U1311/Z (BUFFD0)                                        0.04       0.90 f
  U1312/ZN (INVD0)                                        0.02       0.91 r
  U1591/ZN (NR2D0)                                        0.02       0.94 f
  U1320/Z (BUFFD0)                                        0.04       0.97 f
  U1321/ZN (INVD0)                                        0.03       1.01 r
  U1437/ZN (AOI22D0)                                      0.03       1.04 f
  U1502/ZN (AOI221D0)                                     0.10       1.14 r
  intadd_15_U4/S (FA1D0)                                  0.12       1.26 f
  U2165/S (FA1D0)                                         0.10       1.35 r
  U2163/ZN (INVD0)                                        0.01       1.37 f
  U2164/ZN (MAOI222D0)                                    0.06       1.43 r
  U2167/ZN (MAOI222D0)                                    0.05       1.48 f
  U2168/ZN (INVD0)                                        0.03       1.51 r
  U2169/ZN (MAOI222D0)                                    0.04       1.55 f
  U2171/ZN (MAOI222D0)                                    0.08       1.63 r
  intadd_14_U2/CO (FA1D0)                                 0.11       1.74 r
  intadd_0_U7/S (FA1D0)                                   0.09       1.83 r
  U1201/ZN (INVD0)                                        0.03       1.86 f
  U1652/ZN (MAOI222D0)                                    0.06       1.92 r
  U1653/ZN (INVD0)                                        0.03       1.95 f
  U1654/ZN (MAOI222D0)                                    0.07       2.02 r
  U1655/ZN (INVD0)                                        0.03       2.05 f
  U1656/ZN (MAOI222D0)                                    0.07       2.12 r
  U1657/ZN (INVD0)                                        0.03       2.15 f
  U1114/ZN (MAOI222D1)                                    0.06       2.21 r
  U1141/ZN (INVD0)                                        0.03       2.24 f
  U1113/ZN (MAOI222D1)                                    0.05       2.30 r
  U1139/ZN (INVD0)                                        0.03       2.33 f
  U1659/ZN (MAOI222D0)                                    0.08       2.40 r
  U1660/ZN (INVD0)                                        0.02       2.42 f
  U1679/ZN (AOI21D0)                                      0.03       2.46 r
  U1682/Z (AO22D0)                                        0.05       2.50 r
  u_core_x0_out_reg_15_/D (DFCNQD1)                       0.00       2.50 r
  data arrival time                                                  2.50

  clock clk (rise edge)                                   4.00       4.00
  clock network delay (ideal)                             0.00       4.00
  u_core_x0_out_reg_15_/CP (DFCNQD1)                      0.00       4.00 r
  library setup time                                     -0.01       3.99
  data required time                                                 3.99
  --------------------------------------------------------------------------
  data required time                                                 3.99
  data arrival time                                                 -2.50
  --------------------------------------------------------------------------
  slack (MET)                                                        1.49


  Startpoint: u_tw_sram_u_sram_u_sram
              (rising edge-triggered flip-flop clocked by clk)
  Endpoint: u_core_x0_out_reg_15_
            (rising edge-triggered flip-flop clocked by clk)
  Path Group: clk
  Path Type: max

  Des/Clust/Port     Wire Load Model       Library
  ------------------------------------------------
  fft_top            ZeroWireload          tcbn65gplustc_ccs

  Point                                                   Incr       Path
  --------------------------------------------------------------------------
  clock clk (rise edge)                                   0.00       0.00
  clock network delay (ideal)                             0.00       0.00
  u_tw_sram_u_sram_u_sram/CLK (sram00)                    0.00       0.00 r
  u_tw_sram_u_sram_u_sram/Q[9] (sram00)                   0.77       0.77 r
  U1138/ZN (INVD2)                                        0.01       0.78 f
  U1244/ZN (INVD0)                                        0.04       0.82 r
  U1151/ZN (AOI21D1)                                      0.03       0.85 f
  U1311/Z (BUFFD0)                                        0.04       0.90 f
  U1312/ZN (INVD0)                                        0.02       0.91 r
  U1591/ZN (NR2D0)                                        0.02       0.94 f
  U1320/Z (BUFFD0)                                        0.04       0.97 f
  U1321/ZN (INVD0)                                        0.03       1.01 r
  U1437/ZN (AOI22D0)                                      0.03       1.04 f
  U1502/ZN (AOI221D0)                                     0.10       1.13 r
  intadd_15_U4/S (FA1D0)                                  0.12       1.26 f
  U2165/S (FA1D0)                                         0.10       1.35 r
  U2163/ZN (INVD0)                                        0.01       1.37 f
  U2164/ZN (MAOI222D0)                                    0.06       1.43 r
  U2167/ZN (MAOI222D0)                                    0.05       1.48 f
  U2168/ZN (INVD0)                                        0.03       1.50 r
  U2169/ZN (MAOI222D0)                                    0.04       1.55 f
  U2171/ZN (MAOI222D0)                                    0.08       1.63 r
  intadd_14_U2/CO (FA1D0)                                 0.11       1.74 r
  intadd_0_U7/S (FA1D0)                                   0.09       1.83 r
  U1201/ZN (INVD0)                                        0.03       1.85 f
  U1652/ZN (MAOI222D0)                                    0.06       1.92 r
  U1653/ZN (INVD0)                                        0.03       1.95 f
  U1654/ZN (MAOI222D0)                                    0.07       2.02 r
  U1655/ZN (INVD0)                                        0.03       2.05 f
  U1656/ZN (MAOI222D0)                                    0.07       2.12 r
  U1657/ZN (INVD0)                                        0.03       2.15 f
  U1114/ZN (MAOI222D1)                                    0.06       2.21 r
  U1141/ZN (INVD0)                                        0.03       2.24 f
  U1113/ZN (MAOI222D1)                                    0.05       2.29 r
  U1139/ZN (INVD0)                                        0.03       2.32 f
  U1659/ZN (MAOI222D0)                                    0.08       2.40 r
  U1660/ZN (INVD0)                                        0.02       2.42 f
  U1679/ZN (AOI21D0)                                      0.03       2.45 r
  U1682/Z (AO22D0)                                        0.05       2.50 r
  u_core_x0_out_reg_15_/D (DFCNQD1)                       0.00       2.50 r
  data arrival time                                                  2.50

  clock clk (rise edge)                                   4.00       4.00
  clock network delay (ideal)                             0.00       4.00
  u_core_x0_out_reg_15_/CP (DFCNQD1)                      0.00       4.00 r
  library setup time                                     -0.01       3.99
  data required time                                                 3.99
  --------------------------------------------------------------------------
  data required time                                                 3.99
  data arrival time                                                 -2.50
  --------------------------------------------------------------------------
  slack (MET)                                                        1.49


  Startpoint: u_tw_sram_u_sram_u_sram
              (rising edge-triggered flip-flop clocked by clk)
  Endpoint: u_core_x0_out_reg_15_
            (rising edge-triggered flip-flop clocked by clk)
  Path Group: clk
  Path Type: max

  Des/Clust/Port     Wire Load Model       Library
  ------------------------------------------------
  fft_top            ZeroWireload          tcbn65gplustc_ccs

  Point                                                   Incr       Path
  --------------------------------------------------------------------------
  clock clk (rise edge)                                   0.00       0.00
  clock network delay (ideal)                             0.00       0.00
  u_tw_sram_u_sram_u_sram/CLK (sram00)                    0.00       0.00 r
  u_tw_sram_u_sram_u_sram/Q[9] (sram00)                   0.77       0.77 r
  U1138/ZN (INVD2)                                        0.01       0.78 f
  U1244/ZN (INVD0)                                        0.04       0.82 r
  U1151/ZN (AOI21D1)                                      0.03       0.85 f
  U1311/Z (BUFFD0)                                        0.04       0.90 f
  U1312/ZN (INVD0)                                        0.02       0.91 r
  U1591/ZN (NR2D0)                                        0.02       0.94 f
  U1320/Z (BUFFD0)                                        0.04       0.97 f
  U1321/ZN (INVD0)                                        0.03       1.01 r
  U1437/ZN (AOI22D0)                                      0.03       1.04 f
  U1502/ZN (AOI221D0)                                     0.10       1.14 r
  intadd_15_U4/S (FA1D0)                                  0.12       1.26 f
  U2165/S (FA1D0)                                         0.10       1.35 r
  U2163/ZN (INVD0)                                        0.01       1.37 f
  U2164/ZN (MAOI222D0)                                    0.06       1.43 r
  U2167/ZN (MAOI222D0)                                    0.05       1.48 f
  U2168/ZN (INVD0)                                        0.03       1.50 r
  U2169/ZN (MAOI222D0)                                    0.04       1.55 f
  U2171/ZN (MAOI222D0)                                    0.08       1.63 r
  intadd_14_U2/CO (FA1D0)                                 0.11       1.74 r
  intadd_0_U7/S (FA1D0)                                   0.09       1.83 r
  U1201/ZN (INVD0)                                        0.03       1.85 f
  U1652/ZN (MAOI222D0)                                    0.06       1.92 r
  U1653/ZN (INVD0)                                        0.03       1.95 f
  U1654/ZN (MAOI222D0)                                    0.07       2.02 r
  U1655/ZN (INVD0)                                        0.03       2.05 f
  U1656/ZN (MAOI222D0)                                    0.07       2.12 r
  U1657/ZN (INVD0)                                        0.03       2.15 f
  U1114/ZN (MAOI222D1)                                    0.06       2.21 r
  U1141/ZN (INVD0)                                        0.03       2.24 f
  U1113/ZN (MAOI222D1)                                    0.05       2.29 r
  U1139/ZN (INVD0)                                        0.03       2.32 f
  U1659/ZN (MAOI222D0)                                    0.08       2.40 r
  U1660/ZN (INVD0)                                        0.02       2.42 f
  U1679/ZN (AOI21D0)                                      0.03       2.45 r
  U1682/Z (AO22D0)                                        0.05       2.50 r
  u_core_x0_out_reg_15_/D (DFCNQD1)                       0.00       2.50 r
  data arrival time                                                  2.50

  clock clk (rise edge)                                   4.00       4.00
  clock network delay (ideal)                             0.00       4.00
  u_core_x0_out_reg_15_/CP (DFCNQD1)                      0.00       4.00 r
  library setup time                                     -0.01       3.99
  data required time                                                 3.99
  --------------------------------------------------------------------------
  data required time                                                 3.99
  data arrival time                                                 -2.50
  --------------------------------------------------------------------------
  slack (MET)                                                        1.49


  Startpoint: u_tw_sram_u_sram_u_sram
              (rising edge-triggered flip-flop clocked by clk)
  Endpoint: u_core_x0_out_reg_15_
            (rising edge-triggered flip-flop clocked by clk)
  Path Group: clk
  Path Type: max

  Des/Clust/Port     Wire Load Model       Library
  ------------------------------------------------
  fft_top            ZeroWireload          tcbn65gplustc_ccs

  Point                                                   Incr       Path
  --------------------------------------------------------------------------
  clock clk (rise edge)                                   0.00       0.00
  clock network delay (ideal)                             0.00       0.00
  u_tw_sram_u_sram_u_sram/CLK (sram00)                    0.00       0.00 r
  u_tw_sram_u_sram_u_sram/Q[9] (sram00)                   0.77       0.77 r
  U1138/ZN (INVD2)                                        0.01       0.78 f
  U1244/ZN (INVD0)                                        0.04       0.82 r
  U1151/ZN (AOI21D1)                                      0.03       0.85 f
  U1311/Z (BUFFD0)                                        0.04       0.90 f
  U1312/ZN (INVD0)                                        0.02       0.91 r
  U1591/ZN (NR2D0)                                        0.02       0.94 f
  U1320/Z (BUFFD0)                                        0.04       0.97 f
  U1321/ZN (INVD0)                                        0.03       1.01 r
  U1437/ZN (AOI22D0)                                      0.03       1.04 f
  U1502/ZN (AOI221D0)                                     0.10       1.14 r
  intadd_15_U4/S (FA1D0)                                  0.12       1.26 f
  U2165/S (FA1D0)                                         0.10       1.35 r
  U2163/ZN (INVD0)                                        0.01       1.37 f
  U2164/ZN (MAOI222D0)                                    0.06       1.43 r
  U2167/ZN (MAOI222D0)                                    0.05       1.48 f
  U2168/ZN (INVD0)                                        0.03       1.51 r
  U2169/ZN (MAOI222D0)                                    0.04       1.55 f
  U2171/ZN (MAOI222D0)                                    0.08       1.63 r
  intadd_14_U2/CO (FA1D0)                                 0.11       1.74 r
  intadd_0_U7/S (FA1D0)                                   0.09       1.83 r
  U1201/ZN (INVD0)                                        0.03       1.85 f
  U1652/ZN (MAOI222D0)                                    0.06       1.92 r
  U1653/ZN (INVD0)                                        0.03       1.95 f
  U1654/ZN (MAOI222D0)                                    0.07       2.02 r
  U1655/ZN (INVD0)                                        0.03       2.05 f
  U1656/ZN (MAOI222D0)                                    0.07       2.12 r
  U1657/ZN (INVD0)                                        0.03       2.15 f
  U1114/ZN (MAOI222D1)                                    0.06       2.21 r
  U1141/ZN (INVD0)                                        0.03       2.24 f
  U1113/ZN (MAOI222D1)                                    0.05       2.29 r
  U1139/ZN (INVD0)                                        0.03       2.32 f
  U1659/ZN (MAOI222D0)                                    0.08       2.40 r
  U1660/ZN (INVD0)                                        0.02       2.42 f
  U1679/ZN (AOI21D0)                                      0.03       2.45 r
  U1682/Z (AO22D0)                                        0.05       2.50 r
  u_core_x0_out_reg_15_/D (DFCNQD1)                       0.00       2.50 r
  data arrival time                                                  2.50

  clock clk (rise edge)                                   4.00       4.00
  clock network delay (ideal)                             0.00       4.00
  u_core_x0_out_reg_15_/CP (DFCNQD1)                      0.00       4.00 r
  library setup time                                     -0.01       3.99
  data required time                                                 3.99
  --------------------------------------------------------------------------
  data required time                                                 3.99
  data arrival time                                                 -2.50
  --------------------------------------------------------------------------
  slack (MET)                                                        1.49


  Startpoint: u_tw_sram_u_sram_u_sram
              (rising edge-triggered flip-flop clocked by clk)
  Endpoint: u_core_x0_out_reg_15_
            (rising edge-triggered flip-flop clocked by clk)
  Path Group: clk
  Path Type: max

  Des/Clust/Port     Wire Load Model       Library
  ------------------------------------------------
  fft_top            ZeroWireload          tcbn65gplustc_ccs

  Point                                                   Incr       Path
  --------------------------------------------------------------------------
  clock clk (rise edge)                                   0.00       0.00
  clock network delay (ideal)                             0.00       0.00
  u_tw_sram_u_sram_u_sram/CLK (sram00)                    0.00       0.00 r
  u_tw_sram_u_sram_u_sram/Q[9] (sram00)                   0.77       0.77 r
  U1138/ZN (INVD2)                                        0.01       0.78 f
  U1244/ZN (INVD0)                                        0.04       0.82 r
  U1151/ZN (AOI21D1)                                      0.03       0.85 f
  U1311/Z (BUFFD0)                                        0.04       0.90 f
  U1312/ZN (INVD0)                                        0.02       0.91 r
  U1591/ZN (NR2D0)                                        0.02       0.94 f
  U1320/Z (BUFFD0)                                        0.04       0.97 f
  U1321/ZN (INVD0)                                        0.03       1.01 r
  U1437/ZN (AOI22D0)                                      0.03       1.04 f
  U1502/ZN (AOI221D0)                                     0.10       1.14 r
  intadd_15_U4/S (FA1D0)                                  0.12       1.26 f
  U2165/S (FA1D0)                                         0.10       1.35 r
  U2163/ZN (INVD0)                                        0.01       1.37 f
  U2164/ZN (MAOI222D0)                                    0.06       1.43 r
  U2167/ZN (MAOI222D0)                                    0.05       1.48 f
  U2168/ZN (INVD0)                                        0.03       1.51 r
  U2169/ZN (MAOI222D0)                                    0.04       1.55 f
  U2171/ZN (MAOI222D0)                                    0.08       1.63 r
  intadd_14_U2/CO (FA1D0)                                 0.11       1.74 r
  intadd_0_U7/S (FA1D0)                                   0.09       1.83 r
  U1201/ZN (INVD0)                                        0.03       1.86 f
  U1652/ZN (MAOI222D0)                                    0.06       1.92 r
  U1653/ZN (INVD0)                                        0.03       1.95 f
  U1654/ZN (MAOI222D0)                                    0.07       2.02 r
  U1655/ZN (INVD0)                                        0.03       2.05 f
  U1656/ZN (MAOI222D0)                                    0.07       2.12 r
  U1657/ZN (INVD0)                                        0.03       2.15 f
  U1114/ZN (MAOI222D1)                                    0.06       2.21 r
  U1141/ZN (INVD0)                                        0.03       2.24 f
  U1113/ZN (MAOI222D1)                                    0.05       2.29 r
  U1139/ZN (INVD0)                                        0.03       2.32 f
  U1659/ZN (MAOI222D0)                                    0.08       2.40 r
  U1660/ZN (INVD0)                                        0.02       2.42 f
  U1679/ZN (AOI21D0)                                      0.03       2.45 r
  U1682/Z (AO22D0)                                        0.05       2.50 r
  u_core_x0_out_reg_15_/D (DFCNQD1)                       0.00       2.50 r
  data arrival time                                                  2.50

  clock clk (rise edge)                                   4.00       4.00
  clock network delay (ideal)                             0.00       4.00
  u_core_x0_out_reg_15_/CP (DFCNQD1)                      0.00       4.00 r
  library setup time                                     -0.01       3.99
  data required time                                                 3.99
  --------------------------------------------------------------------------
  data required time                                                 3.99
  data arrival time                                                 -2.50
  --------------------------------------------------------------------------
  slack (MET)                                                        1.49


  Startpoint: u_tw_sram_u_sram_u_sram
              (rising edge-triggered flip-flop clocked by clk)
  Endpoint: u_core_x0_out_reg_15_
            (rising edge-triggered flip-flop clocked by clk)
  Path Group: clk
  Path Type: max

  Des/Clust/Port     Wire Load Model       Library
  ------------------------------------------------
  fft_top            ZeroWireload          tcbn65gplustc_ccs

  Point                                                   Incr       Path
  --------------------------------------------------------------------------
  clock clk (rise edge)                                   0.00       0.00
  clock network delay (ideal)                             0.00       0.00
  u_tw_sram_u_sram_u_sram/CLK (sram00)                    0.00       0.00 r
  u_tw_sram_u_sram_u_sram/Q[9] (sram00)                   0.77       0.77 r
  U1138/ZN (INVD2)                                        0.01       0.78 f
  U1244/ZN (INVD0)                                        0.04       0.82 r
  U1151/ZN (AOI21D1)                                      0.03       0.85 f
  U1311/Z (BUFFD0)                                        0.04       0.90 f
  U1312/ZN (INVD0)                                        0.02       0.91 r
  U1591/ZN (NR2D0)                                        0.02       0.94 f
  U1320/Z (BUFFD0)                                        0.04       0.97 f
  U1321/ZN (INVD0)                                        0.03       1.01 r
  U1437/ZN (AOI22D0)                                      0.03       1.04 f
  U1502/ZN (AOI221D0)                                     0.10       1.14 r
  intadd_15_U4/S (FA1D0)                                  0.12       1.26 f
  U2165/S (FA1D0)                                         0.10       1.35 r
  U2163/ZN (INVD0)                                        0.01       1.37 f
  U2164/ZN (MAOI222D0)                                    0.06       1.43 r
  U2167/ZN (MAOI222D0)                                    0.05       1.48 f
  U2168/ZN (INVD0)                                        0.03       1.51 r
  U2169/ZN (MAOI222D0)                                    0.04       1.55 f
  U2171/ZN (MAOI222D0)                                    0.08       1.63 r
  intadd_14_U2/CO (FA1D0)                                 0.11       1.74 r
  intadd_0_U7/S (FA1D0)                                   0.09       1.83 r
  U1201/ZN (INVD0)                                        0.03       1.86 f
  U1652/ZN (MAOI222D0)                                    0.06       1.92 r
  U1653/ZN (INVD0)                                        0.03       1.95 f
  U1654/ZN (MAOI222D0)                                    0.07       2.02 r
  U1655/ZN (INVD0)                                        0.03       2.05 f
  U1656/ZN (MAOI222D0)                                    0.07       2.12 r
  U1657/ZN (INVD0)                                        0.03       2.15 f
  U1114/ZN (MAOI222D1)                                    0.06       2.21 r
  U1141/ZN (INVD0)                                        0.03       2.24 f
  U1113/ZN (MAOI222D1)                                    0.05       2.30 r
  U1139/ZN (INVD0)                                        0.03       2.33 f
  U1659/ZN (MAOI222D0)                                    0.08       2.40 r
  U1660/ZN (INVD0)                                        0.02       2.42 f
  U1679/ZN (AOI21D0)                                      0.03       2.46 r
  U1682/Z (AO22D0)                                        0.05       2.50 r
  u_core_x0_out_reg_15_/D (DFCNQD1)                       0.00       2.50 r
  data arrival time                                                  2.50

  clock clk (rise edge)                                   4.00       4.00
  clock network delay (ideal)                             0.00       4.00
  u_core_x0_out_reg_15_/CP (DFCNQD1)                      0.00       4.00 r
  library setup time                                     -0.01       3.99
  data required time                                                 3.99
  --------------------------------------------------------------------------
  data required time                                                 3.99
  data arrival time                                                 -2.50
  --------------------------------------------------------------------------
  slack (MET)                                                        1.49


  Startpoint: u_tw_sram_u_sram_u_sram
              (rising edge-triggered flip-flop clocked by clk)
  Endpoint: u_core_x0_out_reg_15_
            (rising edge-triggered flip-flop clocked by clk)
  Path Group: clk
  Path Type: max

  Des/Clust/Port     Wire Load Model       Library
  ------------------------------------------------
  fft_top            ZeroWireload          tcbn65gplustc_ccs

  Point                                                   Incr       Path
  --------------------------------------------------------------------------
  clock clk (rise edge)                                   0.00       0.00
  clock network delay (ideal)                             0.00       0.00
  u_tw_sram_u_sram_u_sram/CLK (sram00)                    0.00       0.00 r
  u_tw_sram_u_sram_u_sram/Q[9] (sram00)                   0.77       0.77 r
  U1138/ZN (INVD2)                                        0.01       0.78 f
  U1244/ZN (INVD0)                                        0.04       0.82 r
  U1151/ZN (AOI21D1)                                      0.03       0.85 f
  U1311/Z (BUFFD0)                                        0.04       0.90 f
  U1312/ZN (INVD0)                                        0.02       0.91 r
  U1591/ZN (NR2D0)                                        0.02       0.94 f
  U1320/Z (BUFFD0)                                        0.04       0.97 f
  U1321/ZN (INVD0)                                        0.03       1.01 r
  U1437/ZN (AOI22D0)                                      0.03       1.04 f
  U1502/ZN (AOI221D0)                                     0.10       1.14 r
  intadd_15_U4/S (FA1D0)                                  0.12       1.26 f
  U2165/S (FA1D0)                                         0.10       1.35 r
  U2163/ZN (INVD0)                                        0.01       1.37 f
  U2164/ZN (MAOI222D0)                                    0.06       1.43 r
  U2167/ZN (MAOI222D0)                                    0.05       1.48 f
  U2168/ZN (INVD0)                                        0.03       1.51 r
  U2169/ZN (MAOI222D0)                                    0.04       1.55 f
  U2171/ZN (MAOI222D0)                                    0.08       1.63 r
  intadd_14_U2/CO (FA1D0)                                 0.11       1.74 r
  intadd_0_U7/S (FA1D0)                                   0.09       1.83 r
  U1201/ZN (INVD0)                                        0.03       1.86 f
  U1652/ZN (MAOI222D0)                                    0.06       1.92 r
  U1653/ZN (INVD0)                                        0.03       1.95 f
  U1654/ZN (MAOI222D0)                                    0.07       2.02 r
  U1655/ZN (INVD0)                                        0.03       2.05 f
  U1656/ZN (MAOI222D0)                                    0.07       2.12 r
  U1657/ZN (INVD0)                                        0.03       2.15 f
  U1114/ZN (MAOI222D1)                                    0.06       2.21 r
  U1141/ZN (INVD0)                                        0.03       2.24 f
  U1113/ZN (MAOI222D1)                                    0.05       2.30 r
  U1139/ZN (INVD0)                                        0.03       2.33 f
  U1659/ZN (MAOI222D0)                                    0.08       2.40 r
  U1660/ZN (INVD0)                                        0.02       2.42 f
  U1679/ZN (AOI21D0)                                      0.03       2.46 r
  U1682/Z (AO22D0)                                        0.05       2.50 r
  u_core_x0_out_reg_15_/D (DFCNQD1)                       0.00       2.50 r
  data arrival time                                                  2.50

  clock clk (rise edge)                                   4.00       4.00
  clock network delay (ideal)                             0.00       4.00
  u_core_x0_out_reg_15_/CP (DFCNQD1)                      0.00       4.00 r
  library setup time                                     -0.01       3.99
  data required time                                                 3.99
  --------------------------------------------------------------------------
  data required time                                                 3.99
  data arrival time                                                 -2.50
  --------------------------------------------------------------------------
  slack (MET)                                                        1.49


  Startpoint: u_tw_sram_u_sram_u_sram
              (rising edge-triggered flip-flop clocked by clk)
  Endpoint: u_core_x0_out_reg_15_
            (rising edge-triggered flip-flop clocked by clk)
  Path Group: clk
  Path Type: max

  Des/Clust/Port     Wire Load Model       Library
  ------------------------------------------------
  fft_top            ZeroWireload          tcbn65gplustc_ccs

  Point                                                   Incr       Path
  --------------------------------------------------------------------------
  clock clk (rise edge)                                   0.00       0.00
  clock network delay (ideal)                             0.00       0.00
  u_tw_sram_u_sram_u_sram/CLK (sram00)                    0.00       0.00 r
  u_tw_sram_u_sram_u_sram/Q[9] (sram00)                   0.77       0.77 r
  U1138/ZN (INVD2)                                        0.01       0.78 f
  U1244/ZN (INVD0)                                        0.04       0.82 r
  U1151/ZN (AOI21D1)                                      0.03       0.85 f
  U1311/Z (BUFFD0)                                        0.04       0.90 f
  U1312/ZN (INVD0)                                        0.02       0.91 r
  U1591/ZN (NR2D0)                                        0.02       0.94 f
  U1320/Z (BUFFD0)                                        0.04       0.97 f
  U1321/ZN (INVD0)                                        0.03       1.01 r
  U1437/ZN (AOI22D0)                                      0.03       1.04 f
  U1502/ZN (AOI221D0)                                     0.10       1.14 r
  intadd_15_U4/S (FA1D0)                                  0.12       1.26 f
  U2165/S (FA1D0)                                         0.10       1.35 r
  U2163/ZN (INVD0)                                        0.01       1.37 f
  U2164/ZN (MAOI222D0)                                    0.06       1.43 r
  U2167/ZN (MAOI222D0)                                    0.05       1.48 f
  U2168/ZN (INVD0)                                        0.03       1.50 r
  U2169/ZN (MAOI222D0)                                    0.04       1.55 f
  U2171/ZN (MAOI222D0)                                    0.08       1.63 r
  intadd_14_U2/CO (FA1D0)                                 0.11       1.74 r
  intadd_0_U7/S (FA1D0)                                   0.09       1.83 r
  U1201/ZN (INVD0)                                        0.03       1.85 f
  U1652/ZN (MAOI222D0)                                    0.06       1.92 r
  U1653/ZN (INVD0)                                        0.03       1.95 f
  U1654/ZN (MAOI222D0)                                    0.07       2.02 r
  U1655/ZN (INVD0)                                        0.03       2.05 f
  U1656/ZN (MAOI222D0)                                    0.07       2.12 r
  U1657/ZN (INVD0)                                        0.03       2.15 f
  U1114/ZN (MAOI222D1)                                    0.06       2.21 r
  U1141/ZN (INVD0)                                        0.03       2.24 f
  U1113/ZN (MAOI222D1)                                    0.05       2.29 r
  U1139/ZN (INVD0)                                        0.03       2.32 f
  U1659/ZN (MAOI222D0)                                    0.08       2.40 r
  U1660/ZN (INVD0)                                        0.02       2.42 f
  U1679/ZN (AOI21D0)                                      0.03       2.45 r
  U1682/Z (AO22D0)                                        0.05       2.50 r
  u_core_x0_out_reg_15_/D (DFCNQD1)                       0.00       2.50 r
  data arrival time                                                  2.50

  clock clk (rise edge)                                   4.00       4.00
  clock network delay (ideal)                             0.00       4.00
  u_core_x0_out_reg_15_/CP (DFCNQD1)                      0.00       4.00 r
  library setup time                                     -0.01       3.99
  data required time                                                 3.99
  --------------------------------------------------------------------------
  data required time                                                 3.99
  data arrival time                                                 -2.50
  --------------------------------------------------------------------------
  slack (MET)                                                        1.49


  Startpoint: u_tw_sram_u_sram_u_sram
              (rising edge-triggered flip-flop clocked by clk)
  Endpoint: u_core_x0_out_reg_15_
            (rising edge-triggered flip-flop clocked by clk)
  Path Group: clk
  Path Type: max

  Des/Clust/Port     Wire Load Model       Library
  ------------------------------------------------
  fft_top            ZeroWireload          tcbn65gplustc_ccs

  Point                                                   Incr       Path
  --------------------------------------------------------------------------
  clock clk (rise edge)                                   0.00       0.00
  clock network delay (ideal)                             0.00       0.00
  u_tw_sram_u_sram_u_sram/CLK (sram00)                    0.00       0.00 r
  u_tw_sram_u_sram_u_sram/Q[9] (sram00)                   0.77       0.77 r
  U1138/ZN (INVD2)                                        0.01       0.78 f
  U1244/ZN (INVD0)                                        0.04       0.82 r
  U1151/ZN (AOI21D1)                                      0.03       0.85 f
  U1311/Z (BUFFD0)                                        0.04       0.90 f
  U1312/ZN (INVD0)                                        0.02       0.91 r
  U1591/ZN (NR2D0)                                        0.02       0.94 f
  U1320/Z (BUFFD0)                                        0.04       0.97 f
  U1321/ZN (INVD0)                                        0.03       1.01 r
  U1437/ZN (AOI22D0)                                      0.03       1.04 f
  U1502/ZN (AOI221D0)                                     0.10       1.14 r
  intadd_15_U4/S (FA1D0)                                  0.12       1.26 f
  U2165/S (FA1D0)                                         0.10       1.35 r
  U2163/ZN (INVD0)                                        0.01       1.37 f
  U2164/ZN (MAOI222D0)                                    0.06       1.43 r
  U2167/ZN (MAOI222D0)                                    0.05       1.48 f
  U2168/ZN (INVD0)                                        0.03       1.51 r
  U2169/ZN (MAOI222D0)                                    0.04       1.55 f
  U2171/ZN (MAOI222D0)                                    0.08       1.63 r
  intadd_14_U2/CO (FA1D0)                                 0.11       1.74 r
  intadd_0_U7/S (FA1D0)                                   0.09       1.83 r
  U1201/ZN (INVD0)                                        0.03       1.86 f
  U1652/ZN (MAOI222D0)                                    0.06       1.92 r
  U1653/ZN (INVD0)                                        0.03       1.95 f
  U1654/ZN (MAOI222D0)                                    0.07       2.02 r
  U1655/ZN (INVD0)                                        0.03       2.05 f
  U1656/ZN (MAOI222D0)                                    0.07       2.12 r
  U1657/ZN (INVD0)                                        0.03       2.15 f
  U1114/ZN (MAOI222D1)                                    0.06       2.21 r
  U1141/ZN (INVD0)                                        0.03       2.24 f
  U1113/ZN (MAOI222D1)                                    0.05       2.29 r
  U1139/ZN (INVD0)                                        0.03       2.32 f
  U1659/ZN (MAOI222D0)                                    0.08       2.40 r
  U1660/ZN (INVD0)                                        0.02       2.42 f
  U1679/ZN (AOI21D0)                                      0.03       2.45 r
  U1682/Z (AO22D0)                                        0.05       2.50 r
  u_core_x0_out_reg_15_/D (DFCNQD1)                       0.00       2.50 r
  data arrival time                                                  2.50

  clock clk (rise edge)                                   4.00       4.00
  clock network delay (ideal)                             0.00       4.00
  u_core_x0_out_reg_15_/CP (DFCNQD1)                      0.00       4.00 r
  library setup time                                     -0.01       3.99
  data required time                                                 3.99
  --------------------------------------------------------------------------
  data required time                                                 3.99
  data arrival time                                                 -2.50
  --------------------------------------------------------------------------
  slack (MET)                                                        1.49


  Startpoint: u_tw_sram_u_sram_u_sram
              (rising edge-triggered flip-flop clocked by clk)
  Endpoint: u_core_x0_out_reg_15_
            (rising edge-triggered flip-flop clocked by clk)
  Path Group: clk
  Path Type: max

  Des/Clust/Port     Wire Load Model       Library
  ------------------------------------------------
  fft_top            ZeroWireload          tcbn65gplustc_ccs

  Point                                                   Incr       Path
  --------------------------------------------------------------------------
  clock clk (rise edge)                                   0.00       0.00
  clock network delay (ideal)                             0.00       0.00
  u_tw_sram_u_sram_u_sram/CLK (sram00)                    0.00       0.00 r
  u_tw_sram_u_sram_u_sram/Q[9] (sram00)                   0.77       0.77 r
  U1138/ZN (INVD2)                                        0.01       0.78 f
  U1244/ZN (INVD0)                                        0.04       0.82 r
  U1151/ZN (AOI21D1)                                      0.03       0.85 f
  U1311/Z (BUFFD0)                                        0.04       0.90 f
  U1312/ZN (INVD0)                                        0.02       0.91 r
  U1591/ZN (NR2D0)                                        0.02       0.94 f
  U1320/Z (BUFFD0)                                        0.04       0.97 f
  U1321/ZN (INVD0)                                        0.03       1.01 r
  U1437/ZN (AOI22D0)                                      0.03       1.04 f
  U1502/ZN (AOI221D0)                                     0.10       1.14 r
  intadd_15_U4/S (FA1D0)                                  0.12       1.26 f
  U2165/S (FA1D0)                                         0.10       1.35 r
  U2163/ZN (INVD0)                                        0.01       1.37 f
  U2164/ZN (MAOI222D0)                                    0.06       1.43 r
  U2167/ZN (MAOI222D0)                                    0.05       1.48 f
  U2168/ZN (INVD0)                                        0.03       1.50 r
  U2169/ZN (MAOI222D0)                                    0.04       1.55 f
  U2171/ZN (MAOI222D0)                                    0.08       1.63 r
  intadd_14_U2/CO (FA1D0)                                 0.11       1.73 r
  intadd_0_U7/S (FA1D0)                                   0.09       1.83 r
  U1201/ZN (INVD0)                                        0.03       1.85 f
  U1652/ZN (MAOI222D0)                                    0.06       1.92 r
  U1653/ZN (INVD0)                                        0.03       1.95 f
  U1654/ZN (MAOI222D0)                                    0.07       2.02 r
  U1655/ZN (INVD0)                                        0.03       2.05 f
  U1656/ZN (MAOI222D0)                                    0.07       2.12 r
  U1657/ZN (INVD0)                                        0.03       2.15 f
  U1114/ZN (MAOI222D1)                                    0.06       2.21 r
  U1141/ZN (INVD0)                                        0.03       2.24 f
  U1113/ZN (MAOI222D1)                                    0.05       2.29 r
  U1139/ZN (INVD0)                                        0.03       2.32 f
  U1659/ZN (MAOI222D0)                                    0.08       2.40 r
  U1660/ZN (INVD0)                                        0.02       2.42 f
  U1679/ZN (AOI21D0)                                      0.03       2.45 r
  U1682/Z (AO22D0)                                        0.05       2.50 r
  u_core_x0_out_reg_15_/D (DFCNQD1)                       0.00       2.50 r
  data arrival time                                                  2.50

  clock clk (rise edge)                                   4.00       4.00
  clock network delay (ideal)                             0.00       4.00
  u_core_x0_out_reg_15_/CP (DFCNQD1)                      0.00       4.00 r
  library setup time                                     -0.01       3.99
  data required time                                                 3.99
  --------------------------------------------------------------------------
  data required time                                                 3.99
  data arrival time                                                 -2.50
  --------------------------------------------------------------------------
  slack (MET)                                                        1.49


  Startpoint: u_tw_sram_u_sram_u_sram
              (rising edge-triggered flip-flop clocked by clk)
  Endpoint: u_core_x0_out_reg_15_
            (rising edge-triggered flip-flop clocked by clk)
  Path Group: clk
  Path Type: max

  Des/Clust/Port     Wire Load Model       Library
  ------------------------------------------------
  fft_top            ZeroWireload          tcbn65gplustc_ccs

  Point                                                   Incr       Path
  --------------------------------------------------------------------------
  clock clk (rise edge)                                   0.00       0.00
  clock network delay (ideal)                             0.00       0.00
  u_tw_sram_u_sram_u_sram/CLK (sram00)                    0.00       0.00 r
  u_tw_sram_u_sram_u_sram/Q[9] (sram00)                   0.77       0.77 r
  U1138/ZN (INVD2)                                        0.01       0.78 f
  U1244/ZN (INVD0)                                        0.04       0.82 r
  U1151/ZN (AOI21D1)                                      0.03       0.85 f
  U1311/Z (BUFFD0)                                        0.04       0.90 f
  U1312/ZN (INVD0)                                        0.02       0.91 r
  U1591/ZN (NR2D0)                                        0.02       0.94 f
  U1320/Z (BUFFD0)                                        0.04       0.97 f
  U1321/ZN (INVD0)                                        0.03       1.01 r
  U1437/ZN (AOI22D0)                                      0.03       1.04 f
  U1502/ZN (AOI221D0)                                     0.10       1.14 r
  intadd_15_U4/S (FA1D0)                                  0.12       1.26 f
  U2165/S (FA1D0)                                         0.10       1.35 r
  U2163/ZN (INVD0)                                        0.01       1.37 f
  U2164/ZN (MAOI222D0)                                    0.06       1.43 r
  U2167/ZN (MAOI222D0)                                    0.05       1.48 f
  U2168/ZN (INVD0)                                        0.03       1.50 r
  U2169/ZN (MAOI222D0)                                    0.04       1.55 f
  U2171/ZN (MAOI222D0)                                    0.08       1.63 r
  intadd_14_U2/CO (FA1D0)                                 0.11       1.74 r
  intadd_0_U7/S (FA1D0)                                   0.09       1.83 r
  U1201/ZN (INVD0)                                        0.03       1.86 f
  U1652/ZN (MAOI222D0)                                    0.06       1.92 r
  U1653/ZN (INVD0)                                        0.03       1.95 f
  U1654/ZN (MAOI222D0)                                    0.07       2.02 r
  U1655/ZN (INVD0)                                        0.03       2.05 f
  U1656/ZN (MAOI222D0)                                    0.07       2.12 r
  U1657/ZN (INVD0)                                        0.03       2.15 f
  U1114/ZN (MAOI222D1)                                    0.06       2.21 r
  U1141/ZN (INVD0)                                        0.03       2.24 f
  U1113/ZN (MAOI222D1)                                    0.05       2.29 r
  U1139/ZN (INVD0)                                        0.03       2.32 f
  U1659/ZN (MAOI222D0)                                    0.08       2.40 r
  U1660/ZN (INVD0)                                        0.02       2.42 f
  U1679/ZN (AOI21D0)                                      0.03       2.45 r
  U1682/Z (AO22D0)                                        0.05       2.50 r
  u_core_x0_out_reg_15_/D (DFCNQD1)                       0.00       2.50 r
  data arrival time                                                  2.50

  clock clk (rise edge)                                   4.00       4.00
  clock network delay (ideal)                             0.00       4.00
  u_core_x0_out_reg_15_/CP (DFCNQD1)                      0.00       4.00 r
  library setup time                                     -0.01       3.99
  data required time                                                 3.99
  --------------------------------------------------------------------------
  data required time                                                 3.99
  data arrival time                                                 -2.50
  --------------------------------------------------------------------------
  slack (MET)                                                        1.49


  Startpoint: u_tw_sram_u_sram_u_sram
              (rising edge-triggered flip-flop clocked by clk)
  Endpoint: u_core_x0_out_reg_15_
            (rising edge-triggered flip-flop clocked by clk)
  Path Group: clk
  Path Type: max

  Des/Clust/Port     Wire Load Model       Library
  ------------------------------------------------
  fft_top            ZeroWireload          tcbn65gplustc_ccs

  Point                                                   Incr       Path
  --------------------------------------------------------------------------
  clock clk (rise edge)                                   0.00       0.00
  clock network delay (ideal)                             0.00       0.00
  u_tw_sram_u_sram_u_sram/CLK (sram00)                    0.00       0.00 r
  u_tw_sram_u_sram_u_sram/Q[9] (sram00)                   0.77       0.77 r
  U1138/ZN (INVD2)                                        0.01       0.78 f
  U1244/ZN (INVD0)                                        0.04       0.82 r
  U1151/ZN (AOI21D1)                                      0.03       0.85 f
  U1311/Z (BUFFD0)                                        0.04       0.90 f
  U1312/ZN (INVD0)                                        0.02       0.91 r
  U1591/ZN (NR2D0)                                        0.02       0.94 f
  U1320/Z (BUFFD0)                                        0.04       0.97 f
  U1321/ZN (INVD0)                                        0.03       1.01 r
  U1437/ZN (AOI22D0)                                      0.03       1.04 f
  U1502/ZN (AOI221D0)                                     0.10       1.14 r
  intadd_15_U4/S (FA1D0)                                  0.12       1.26 f
  U2165/S (FA1D0)                                         0.10       1.35 r
  U2163/ZN (INVD0)                                        0.01       1.37 f
  U2164/ZN (MAOI222D0)                                    0.06       1.43 r
  U2167/ZN (MAOI222D0)                                    0.05       1.48 f
  U2168/ZN (INVD0)                                        0.03       1.50 r
  U2169/ZN (MAOI222D0)                                    0.04       1.55 f
  U2171/ZN (MAOI222D0)                                    0.08       1.63 r
  intadd_14_U2/CO (FA1D0)                                 0.11       1.74 r
  intadd_0_U7/S (FA1D0)                                   0.09       1.83 r
  U1201/ZN (INVD0)                                        0.03       1.86 f
  U1652/ZN (MAOI222D0)                                    0.06       1.92 r
  U1653/ZN (INVD0)                                        0.03       1.95 f
  U1654/ZN (MAOI222D0)                                    0.07       2.02 r
  U1655/ZN (INVD0)                                        0.03       2.05 f
  U1656/ZN (MAOI222D0)                                    0.07       2.12 r
  U1657/ZN (INVD0)                                        0.03       2.15 f
  U1114/ZN (MAOI222D1)                                    0.06       2.21 r
  U1141/ZN (INVD0)                                        0.03       2.24 f
  U1113/ZN (MAOI222D1)                                    0.05       2.29 r
  U1139/ZN (INVD0)                                        0.03       2.32 f
  U1659/ZN (MAOI222D0)                                    0.08       2.40 r
  U1660/ZN (INVD0)                                        0.02       2.42 f
  U1679/ZN (AOI21D0)                                      0.03       2.45 r
  U1682/Z (AO22D0)                                        0.05       2.50 r
  u_core_x0_out_reg_15_/D (DFCNQD1)                       0.00       2.50 r
  data arrival time                                                  2.50

  clock clk (rise edge)                                   4.00       4.00
  clock network delay (ideal)                             0.00       4.00
  u_core_x0_out_reg_15_/CP (DFCNQD1)                      0.00       4.00 r
  library setup time                                     -0.01       3.99
  data required time                                                 3.99
  --------------------------------------------------------------------------
  data required time                                                 3.99
  data arrival time                                                 -2.50
  --------------------------------------------------------------------------
  slack (MET)                                                        1.49


  Startpoint: u_tw_sram_u_sram_u_sram
              (rising edge-triggered flip-flop clocked by clk)
  Endpoint: u_core_x0_out_reg_15_
            (rising edge-triggered flip-flop clocked by clk)
  Path Group: clk
  Path Type: max

  Des/Clust/Port     Wire Load Model       Library
  ------------------------------------------------
  fft_top            ZeroWireload          tcbn65gplustc_ccs

  Point                                                   Incr       Path
  --------------------------------------------------------------------------
  clock clk (rise edge)                                   0.00       0.00
  clock network delay (ideal)                             0.00       0.00
  u_tw_sram_u_sram_u_sram/CLK (sram00)                    0.00       0.00 r
  u_tw_sram_u_sram_u_sram/Q[9] (sram00)                   0.77       0.77 r
  U1138/ZN (INVD2)                                        0.01       0.78 f
  U1244/ZN (INVD0)                                        0.04       0.82 r
  U1151/ZN (AOI21D1)                                      0.03       0.85 f
  U1311/Z (BUFFD0)                                        0.04       0.90 f
  U1312/ZN (INVD0)                                        0.02       0.91 r
  U1591/ZN (NR2D0)                                        0.02       0.94 f
  U1320/Z (BUFFD0)                                        0.04       0.97 f
  U1321/ZN (INVD0)                                        0.03       1.01 r
  U1437/ZN (AOI22D0)                                      0.03       1.04 f
  U1502/ZN (AOI221D0)                                     0.10       1.14 r
  intadd_15_U4/S (FA1D0)                                  0.12       1.26 f
  U2165/S (FA1D0)                                         0.10       1.35 r
  U2163/ZN (INVD0)                                        0.01       1.37 f
  U2164/ZN (MAOI222D0)                                    0.06       1.43 r
  U2167/ZN (MAOI222D0)                                    0.05       1.47 f
  U2168/ZN (INVD0)                                        0.03       1.50 r
  U2169/ZN (MAOI222D0)                                    0.04       1.54 f
  U2171/ZN (MAOI222D0)                                    0.08       1.63 r
  intadd_14_U2/CO (FA1D0)                                 0.11       1.73 r
  intadd_0_U7/S (FA1D0)                                   0.09       1.83 r
  U1201/ZN (INVD0)                                        0.03       1.85 f
  U1652/ZN (MAOI222D0)                                    0.06       1.92 r
  U1653/ZN (INVD0)                                        0.03       1.95 f
  U1654/ZN (MAOI222D0)                                    0.07       2.02 r
  U1655/ZN (INVD0)                                        0.03       2.05 f
  U1656/ZN (MAOI222D0)                                    0.07       2.12 r
  U1657/ZN (INVD0)                                        0.03       2.15 f
  U1114/ZN (MAOI222D1)                                    0.06       2.21 r
  U1141/ZN (INVD0)                                        0.03       2.24 f
  U1113/ZN (MAOI222D1)                                    0.05       2.29 r
  U1139/ZN (INVD0)                                        0.03       2.32 f
  U1659/ZN (MAOI222D0)                                    0.08       2.40 r
  U1660/ZN (INVD0)                                        0.02       2.42 f
  U1679/ZN (AOI21D0)                                      0.03       2.45 r
  U1682/Z (AO22D0)                                        0.05       2.50 r
  u_core_x0_out_reg_15_/D (DFCNQD1)                       0.00       2.50 r
  data arrival time                                                  2.50

  clock clk (rise edge)                                   4.00       4.00
  clock network delay (ideal)                             0.00       4.00
  u_core_x0_out_reg_15_/CP (DFCNQD1)                      0.00       4.00 r
  library setup time                                     -0.01       3.99
  data required time                                                 3.99
  --------------------------------------------------------------------------
  data required time                                                 3.99
  data arrival time                                                 -2.50
  --------------------------------------------------------------------------
  slack (MET)                                                        1.49


1
 
****************************************
Report : timing
        -path full
        -delay min
        -nworst 100
        -max_paths 20
Design : fft_top
Version: U-2022.12-SP7
Date   : Sat Jun 27 22:09:10 2026
****************************************

Operating Conditions: NCCOM   Library: tcbn65gplustc_ccs
Wire Load Model Mode: top

  Startpoint: u_core_x0_out_reg_14_
              (rising edge-triggered flip-flop clocked by clk)
  Endpoint: u_data_sram_u_sram_u_sram
            (rising edge-triggered flip-flop clocked by clk)
  Path Group: clk
  Path Type: min

  Des/Clust/Port     Wire Load Model       Library
  ------------------------------------------------
  fft_top            ZeroWireload          tcbn65gplustc_ccs

  Point                                                   Incr       Path
  --------------------------------------------------------------------------
  clock clk (rise edge)                                   0.00       0.00
  clock network delay (ideal)                             0.00       0.00
  u_core_x0_out_reg_14_/CP (DFCNQD1)                      0.00       0.00 r
  u_core_x0_out_reg_14_/Q (DFCNQD1)                       0.11       0.11 r
  U1727/Z (AO222D0)                                       0.05       0.16 r
  u_data_sram_u_sram_u_sram/D[14] (sram00)                0.00       0.16 r
  data arrival time                                                  0.16

  clock clk (rise edge)                                   0.00       0.00
  clock network delay (ideal)                             0.00       0.00
  u_data_sram_u_sram_u_sram/CLK (sram00)                  0.00       0.00 r
  library hold time                                       0.13       0.13
  data required time                                                 0.13
  --------------------------------------------------------------------------
  data required time                                                 0.13
  data arrival time                                                 -0.16
  --------------------------------------------------------------------------
  slack (MET)                                                        0.03


  Startpoint: u_core_x0_out_reg_14_
              (rising edge-triggered flip-flop clocked by clk)
  Endpoint: u_data_sram_u_sram_u_sram
            (rising edge-triggered flip-flop clocked by clk)
  Path Group: clk
  Path Type: min

  Des/Clust/Port     Wire Load Model       Library
  ------------------------------------------------
  fft_top            ZeroWireload          tcbn65gplustc_ccs

  Point                                                   Incr       Path
  --------------------------------------------------------------------------
  clock clk (rise edge)                                   0.00       0.00
  clock network delay (ideal)                             0.00       0.00
  u_core_x0_out_reg_14_/CP (DFCNQD1)                      0.00       0.00 r
  u_core_x0_out_reg_14_/Q (DFCNQD1)                       0.11       0.11 r
  U1727/Z (AO222D0)                                       0.05       0.16 r
  u_data_sram_u_sram_u_sram/D[14] (sram00)                0.00       0.16 r
  data arrival time                                                  0.16

  clock clk (rise edge)                                   0.00       0.00
  clock network delay (ideal)                             0.00       0.00
  u_data_sram_u_sram_u_sram/CLK (sram00)                  0.00       0.00 r
  library hold time                                       0.13       0.13
  data required time                                                 0.13
  --------------------------------------------------------------------------
  data required time                                                 0.13
  data arrival time                                                 -0.16
  --------------------------------------------------------------------------
  slack (MET)                                                        0.03


  Startpoint: u_core_x0_out_reg_14_
              (rising edge-triggered flip-flop clocked by clk)
  Endpoint: u_data_sram_u_sram_u_sram
            (rising edge-triggered flip-flop clocked by clk)
  Path Group: clk
  Path Type: min

  Des/Clust/Port     Wire Load Model       Library
  ------------------------------------------------
  fft_top            ZeroWireload          tcbn65gplustc_ccs

  Point                                                   Incr       Path
  --------------------------------------------------------------------------
  clock clk (rise edge)                                   0.00       0.00
  clock network delay (ideal)                             0.00       0.00
  u_core_x0_out_reg_14_/CP (DFCNQD1)                      0.00       0.00 r
  u_core_x0_out_reg_14_/Q (DFCNQD1)                       0.11       0.11 r
  U1727/Z (AO222D0)                                       0.05       0.16 r
  u_data_sram_u_sram_u_sram/D[14] (sram00)                0.00       0.16 r
  data arrival time                                                  0.16

  clock clk (rise edge)                                   0.00       0.00
  clock network delay (ideal)                             0.00       0.00
  u_data_sram_u_sram_u_sram/CLK (sram00)                  0.00       0.00 r
  library hold time                                       0.13       0.13
  data required time                                                 0.13
  --------------------------------------------------------------------------
  data required time                                                 0.13
  data arrival time                                                 -0.16
  --------------------------------------------------------------------------
  slack (MET)                                                        0.03


  Startpoint: u_core_x0_out_reg_14_
              (rising edge-triggered flip-flop clocked by clk)
  Endpoint: u_data_sram_u_sram_u_sram
            (rising edge-triggered flip-flop clocked by clk)
  Path Group: clk
  Path Type: min

  Des/Clust/Port     Wire Load Model       Library
  ------------------------------------------------
  fft_top            ZeroWireload          tcbn65gplustc_ccs

  Point                                                   Incr       Path
  --------------------------------------------------------------------------
  clock clk (rise edge)                                   0.00       0.00
  clock network delay (ideal)                             0.00       0.00
  u_core_x0_out_reg_14_/CP (DFCNQD1)                      0.00       0.00 r
  u_core_x0_out_reg_14_/Q (DFCNQD1)                       0.11       0.11 r
  U1727/Z (AO222D0)                                       0.05       0.16 r
  u_data_sram_u_sram_u_sram/D[14] (sram00)                0.00       0.16 r
  data arrival time                                                  0.16

  clock clk (rise edge)                                   0.00       0.00
  clock network delay (ideal)                             0.00       0.00
  u_data_sram_u_sram_u_sram/CLK (sram00)                  0.00       0.00 r
  library hold time                                       0.13       0.13
  data required time                                                 0.13
  --------------------------------------------------------------------------
  data required time                                                 0.13
  data arrival time                                                 -0.16
  --------------------------------------------------------------------------
  slack (MET)                                                        0.03


  Startpoint: u_core_x1_out_reg_15_
              (rising edge-triggered flip-flop clocked by clk)
  Endpoint: u_data_sram_u_sram_u_sram
            (rising edge-triggered flip-flop clocked by clk)
  Path Group: clk
  Path Type: min

  Des/Clust/Port     Wire Load Model       Library
  ------------------------------------------------
  fft_top            ZeroWireload          tcbn65gplustc_ccs

  Point                                                   Incr       Path
  --------------------------------------------------------------------------
  clock clk (rise edge)                                   0.00       0.00
  clock network delay (ideal)                             0.00       0.00
  u_core_x1_out_reg_15_/CP (DFCNQD1)                      0.00       0.00 r
  u_core_x1_out_reg_15_/Q (DFCNQD1)                       0.11       0.11 r
  U1726/Z (AO222D0)                                       0.05       0.16 r
  u_data_sram_u_sram_u_sram/D[15] (sram00)                0.00       0.16 r
  data arrival time                                                  0.16

  clock clk (rise edge)                                   0.00       0.00
  clock network delay (ideal)                             0.00       0.00
  u_data_sram_u_sram_u_sram/CLK (sram00)                  0.00       0.00 r
  library hold time                                       0.13       0.13
  data required time                                                 0.13
  --------------------------------------------------------------------------
  data required time                                                 0.13
  data arrival time                                                 -0.16
  --------------------------------------------------------------------------
  slack (MET)                                                        0.03


  Startpoint: u_core_x1_out_reg_7_
              (rising edge-triggered flip-flop clocked by clk)
  Endpoint: u_data_sram_u_sram_u_sram
            (rising edge-triggered flip-flop clocked by clk)
  Path Group: clk
  Path Type: min

  Des/Clust/Port     Wire Load Model       Library
  ------------------------------------------------
  fft_top            ZeroWireload          tcbn65gplustc_ccs

  Point                                                   Incr       Path
  --------------------------------------------------------------------------
  clock clk (rise edge)                                   0.00       0.00
  clock network delay (ideal)                             0.00       0.00
  u_core_x1_out_reg_7_/CP (DFCNQD1)                       0.00       0.00 r
  u_core_x1_out_reg_7_/Q (DFCNQD1)                        0.11       0.11 r
  U1723/Z (AO222D0)                                       0.05       0.16 r
  u_data_sram_u_sram_u_sram/D[7] (sram00)                 0.00       0.16 r
  data arrival time                                                  0.16

  clock clk (rise edge)                                   0.00       0.00
  clock network delay (ideal)                             0.00       0.00
  u_data_sram_u_sram_u_sram/CLK (sram00)                  0.00       0.00 r
  library hold time                                       0.13       0.13
  data required time                                                 0.13
  --------------------------------------------------------------------------
  data required time                                                 0.13
  data arrival time                                                 -0.16
  --------------------------------------------------------------------------
  slack (MET)                                                        0.03


  Startpoint: u_core_x1_out_reg_15_
              (rising edge-triggered flip-flop clocked by clk)
  Endpoint: u_data_sram_u_sram_u_sram
            (rising edge-triggered flip-flop clocked by clk)
  Path Group: clk
  Path Type: min

  Des/Clust/Port     Wire Load Model       Library
  ------------------------------------------------
  fft_top            ZeroWireload          tcbn65gplustc_ccs

  Point                                                   Incr       Path
  --------------------------------------------------------------------------
  clock clk (rise edge)                                   0.00       0.00
  clock network delay (ideal)                             0.00       0.00
  u_core_x1_out_reg_15_/CP (DFCNQD1)                      0.00       0.00 r
  u_core_x1_out_reg_15_/Q (DFCNQD1)                       0.11       0.11 r
  U1726/Z (AO222D0)                                       0.05       0.16 r
  u_data_sram_u_sram_u_sram/D[15] (sram00)                0.00       0.16 r
  data arrival time                                                  0.16

  clock clk (rise edge)                                   0.00       0.00
  clock network delay (ideal)                             0.00       0.00
  u_data_sram_u_sram_u_sram/CLK (sram00)                  0.00       0.00 r
  library hold time                                       0.13       0.13
  data required time                                                 0.13
  --------------------------------------------------------------------------
  data required time                                                 0.13
  data arrival time                                                 -0.16
  --------------------------------------------------------------------------
  slack (MET)                                                        0.03


  Startpoint: u_core_x1_out_reg_7_
              (rising edge-triggered flip-flop clocked by clk)
  Endpoint: u_data_sram_u_sram_u_sram
            (rising edge-triggered flip-flop clocked by clk)
  Path Group: clk
  Path Type: min

  Des/Clust/Port     Wire Load Model       Library
  ------------------------------------------------
  fft_top            ZeroWireload          tcbn65gplustc_ccs

  Point                                                   Incr       Path
  --------------------------------------------------------------------------
  clock clk (rise edge)                                   0.00       0.00
  clock network delay (ideal)                             0.00       0.00
  u_core_x1_out_reg_7_/CP (DFCNQD1)                       0.00       0.00 r
  u_core_x1_out_reg_7_/Q (DFCNQD1)                        0.11       0.11 r
  U1723/Z (AO222D0)                                       0.05       0.16 r
  u_data_sram_u_sram_u_sram/D[7] (sram00)                 0.00       0.16 r
  data arrival time                                                  0.16

  clock clk (rise edge)                                   0.00       0.00
  clock network delay (ideal)                             0.00       0.00
  u_data_sram_u_sram_u_sram/CLK (sram00)                  0.00       0.00 r
  library hold time                                       0.13       0.13
  data required time                                                 0.13
  --------------------------------------------------------------------------
  data required time                                                 0.13
  data arrival time                                                 -0.16
  --------------------------------------------------------------------------
  slack (MET)                                                        0.03


  Startpoint: u_core_x1_out_reg_15_
              (rising edge-triggered flip-flop clocked by clk)
  Endpoint: u_data_sram_u_sram_u_sram
            (rising edge-triggered flip-flop clocked by clk)
  Path Group: clk
  Path Type: min

  Des/Clust/Port     Wire Load Model       Library
  ------------------------------------------------
  fft_top            ZeroWireload          tcbn65gplustc_ccs

  Point                                                   Incr       Path
  --------------------------------------------------------------------------
  clock clk (rise edge)                                   0.00       0.00
  clock network delay (ideal)                             0.00       0.00
  u_core_x1_out_reg_15_/CP (DFCNQD1)                      0.00       0.00 r
  u_core_x1_out_reg_15_/Q (DFCNQD1)                       0.11       0.11 r
  U1726/Z (AO222D0)                                       0.05       0.16 r
  u_data_sram_u_sram_u_sram/D[15] (sram00)                0.00       0.16 r
  data arrival time                                                  0.16

  clock clk (rise edge)                                   0.00       0.00
  clock network delay (ideal)                             0.00       0.00
  u_data_sram_u_sram_u_sram/CLK (sram00)                  0.00       0.00 r
  library hold time                                       0.13       0.13
  data required time                                                 0.13
  --------------------------------------------------------------------------
  data required time                                                 0.13
  data arrival time                                                 -0.16
  --------------------------------------------------------------------------
  slack (MET)                                                        0.03


  Startpoint: u_core_x1_out_reg_7_
              (rising edge-triggered flip-flop clocked by clk)
  Endpoint: u_data_sram_u_sram_u_sram
            (rising edge-triggered flip-flop clocked by clk)
  Path Group: clk
  Path Type: min

  Des/Clust/Port     Wire Load Model       Library
  ------------------------------------------------
  fft_top            ZeroWireload          tcbn65gplustc_ccs

  Point                                                   Incr       Path
  --------------------------------------------------------------------------
  clock clk (rise edge)                                   0.00       0.00
  clock network delay (ideal)                             0.00       0.00
  u_core_x1_out_reg_7_/CP (DFCNQD1)                       0.00       0.00 r
  u_core_x1_out_reg_7_/Q (DFCNQD1)                        0.11       0.11 r
  U1723/Z (AO222D0)                                       0.05       0.16 r
  u_data_sram_u_sram_u_sram/D[7] (sram00)                 0.00       0.16 r
  data arrival time                                                  0.16

  clock clk (rise edge)                                   0.00       0.00
  clock network delay (ideal)                             0.00       0.00
  u_data_sram_u_sram_u_sram/CLK (sram00)                  0.00       0.00 r
  library hold time                                       0.13       0.13
  data required time                                                 0.13
  --------------------------------------------------------------------------
  data required time                                                 0.13
  data arrival time                                                 -0.16
  --------------------------------------------------------------------------
  slack (MET)                                                        0.03


  Startpoint: u_core_x1_out_reg_15_
              (rising edge-triggered flip-flop clocked by clk)
  Endpoint: u_data_sram_u_sram_u_sram
            (rising edge-triggered flip-flop clocked by clk)
  Path Group: clk
  Path Type: min

  Des/Clust/Port     Wire Load Model       Library
  ------------------------------------------------
  fft_top            ZeroWireload          tcbn65gplustc_ccs

  Point                                                   Incr       Path
  --------------------------------------------------------------------------
  clock clk (rise edge)                                   0.00       0.00
  clock network delay (ideal)                             0.00       0.00
  u_core_x1_out_reg_15_/CP (DFCNQD1)                      0.00       0.00 r
  u_core_x1_out_reg_15_/Q (DFCNQD1)                       0.11       0.11 r
  U1726/Z (AO222D0)                                       0.05       0.16 r
  u_data_sram_u_sram_u_sram/D[15] (sram00)                0.00       0.16 r
  data arrival time                                                  0.16

  clock clk (rise edge)                                   0.00       0.00
  clock network delay (ideal)                             0.00       0.00
  u_data_sram_u_sram_u_sram/CLK (sram00)                  0.00       0.00 r
  library hold time                                       0.13       0.13
  data required time                                                 0.13
  --------------------------------------------------------------------------
  data required time                                                 0.13
  data arrival time                                                 -0.16
  --------------------------------------------------------------------------
  slack (MET)                                                        0.03


  Startpoint: u_core_x1_out_reg_7_
              (rising edge-triggered flip-flop clocked by clk)
  Endpoint: u_data_sram_u_sram_u_sram
            (rising edge-triggered flip-flop clocked by clk)
  Path Group: clk
  Path Type: min

  Des/Clust/Port     Wire Load Model       Library
  ------------------------------------------------
  fft_top            ZeroWireload          tcbn65gplustc_ccs

  Point                                                   Incr       Path
  --------------------------------------------------------------------------
  clock clk (rise edge)                                   0.00       0.00
  clock network delay (ideal)                             0.00       0.00
  u_core_x1_out_reg_7_/CP (DFCNQD1)                       0.00       0.00 r
  u_core_x1_out_reg_7_/Q (DFCNQD1)                        0.11       0.11 r
  U1723/Z (AO222D0)                                       0.05       0.16 r
  u_data_sram_u_sram_u_sram/D[7] (sram00)                 0.00       0.16 r
  data arrival time                                                  0.16

  clock clk (rise edge)                                   0.00       0.00
  clock network delay (ideal)                             0.00       0.00
  u_data_sram_u_sram_u_sram/CLK (sram00)                  0.00       0.00 r
  library hold time                                       0.13       0.13
  data required time                                                 0.13
  --------------------------------------------------------------------------
  data required time                                                 0.13
  data arrival time                                                 -0.16
  --------------------------------------------------------------------------
  slack (MET)                                                        0.03


  Startpoint: u_core_x1_out_reg_6_
              (rising edge-triggered flip-flop clocked by clk)
  Endpoint: u_data_sram_u_sram_u_sram
            (rising edge-triggered flip-flop clocked by clk)
  Path Group: clk
  Path Type: min

  Des/Clust/Port     Wire Load Model       Library
  ------------------------------------------------
  fft_top            ZeroWireload          tcbn65gplustc_ccs

  Point                                                   Incr       Path
  --------------------------------------------------------------------------
  clock clk (rise edge)                                   0.00       0.00
  clock network delay (ideal)                             0.00       0.00
  u_core_x1_out_reg_6_/CP (DFCNQD1)                       0.00       0.00 r
  u_core_x1_out_reg_6_/Q (DFCNQD1)                        0.11       0.11 r
  U1725/Z (AO222D0)                                       0.05       0.16 r
  u_data_sram_u_sram_u_sram/D[6] (sram00)                 0.00       0.16 r
  data arrival time                                                  0.16

  clock clk (rise edge)                                   0.00       0.00
  clock network delay (ideal)                             0.00       0.00
  u_data_sram_u_sram_u_sram/CLK (sram00)                  0.00       0.00 r
  library hold time                                       0.13       0.13
  data required time                                                 0.13
  --------------------------------------------------------------------------
  data required time                                                 0.13
  data arrival time                                                 -0.16
  --------------------------------------------------------------------------
  slack (MET)                                                        0.03


  Startpoint: u_core_x1_out_reg_6_
              (rising edge-triggered flip-flop clocked by clk)
  Endpoint: u_data_sram_u_sram_u_sram
            (rising edge-triggered flip-flop clocked by clk)
  Path Group: clk
  Path Type: min

  Des/Clust/Port     Wire Load Model       Library
  ------------------------------------------------
  fft_top            ZeroWireload          tcbn65gplustc_ccs

  Point                                                   Incr       Path
  --------------------------------------------------------------------------
  clock clk (rise edge)                                   0.00       0.00
  clock network delay (ideal)                             0.00       0.00
  u_core_x1_out_reg_6_/CP (DFCNQD1)                       0.00       0.00 r
  u_core_x1_out_reg_6_/Q (DFCNQD1)                        0.11       0.11 r
  U1725/Z (AO222D0)                                       0.05       0.16 r
  u_data_sram_u_sram_u_sram/D[6] (sram00)                 0.00       0.16 r
  data arrival time                                                  0.16

  clock clk (rise edge)                                   0.00       0.00
  clock network delay (ideal)                             0.00       0.00
  u_data_sram_u_sram_u_sram/CLK (sram00)                  0.00       0.00 r
  library hold time                                       0.13       0.13
  data required time                                                 0.13
  --------------------------------------------------------------------------
  data required time                                                 0.13
  data arrival time                                                 -0.16
  --------------------------------------------------------------------------
  slack (MET)                                                        0.03


  Startpoint: u_core_x1_out_reg_6_
              (rising edge-triggered flip-flop clocked by clk)
  Endpoint: u_data_sram_u_sram_u_sram
            (rising edge-triggered flip-flop clocked by clk)
  Path Group: clk
  Path Type: min

  Des/Clust/Port     Wire Load Model       Library
  ------------------------------------------------
  fft_top            ZeroWireload          tcbn65gplustc_ccs

  Point                                                   Incr       Path
  --------------------------------------------------------------------------
  clock clk (rise edge)                                   0.00       0.00
  clock network delay (ideal)                             0.00       0.00
  u_core_x1_out_reg_6_/CP (DFCNQD1)                       0.00       0.00 r
  u_core_x1_out_reg_6_/Q (DFCNQD1)                        0.11       0.11 r
  U1725/Z (AO222D0)                                       0.05       0.16 r
  u_data_sram_u_sram_u_sram/D[6] (sram00)                 0.00       0.16 r
  data arrival time                                                  0.16

  clock clk (rise edge)                                   0.00       0.00
  clock network delay (ideal)                             0.00       0.00
  u_data_sram_u_sram_u_sram/CLK (sram00)                  0.00       0.00 r
  library hold time                                       0.13       0.13
  data required time                                                 0.13
  --------------------------------------------------------------------------
  data required time                                                 0.13
  data arrival time                                                 -0.16
  --------------------------------------------------------------------------
  slack (MET)                                                        0.03


  Startpoint: u_core_x1_out_reg_6_
              (rising edge-triggered flip-flop clocked by clk)
  Endpoint: u_data_sram_u_sram_u_sram
            (rising edge-triggered flip-flop clocked by clk)
  Path Group: clk
  Path Type: min

  Des/Clust/Port     Wire Load Model       Library
  ------------------------------------------------
  fft_top            ZeroWireload          tcbn65gplustc_ccs

  Point                                                   Incr       Path
  --------------------------------------------------------------------------
  clock clk (rise edge)                                   0.00       0.00
  clock network delay (ideal)                             0.00       0.00
  u_core_x1_out_reg_6_/CP (DFCNQD1)                       0.00       0.00 r
  u_core_x1_out_reg_6_/Q (DFCNQD1)                        0.11       0.11 r
  U1725/Z (AO222D0)                                       0.05       0.16 r
  u_data_sram_u_sram_u_sram/D[6] (sram00)                 0.00       0.16 r
  data arrival time                                                  0.16

  clock clk (rise edge)                                   0.00       0.00
  clock network delay (ideal)                             0.00       0.00
  u_data_sram_u_sram_u_sram/CLK (sram00)                  0.00       0.00 r
  library hold time                                       0.13       0.13
  data required time                                                 0.13
  --------------------------------------------------------------------------
  data required time                                                 0.13
  data arrival time                                                 -0.16
  --------------------------------------------------------------------------
  slack (MET)                                                        0.03


  Startpoint: u_core_x0_out_reg_14_
              (rising edge-triggered flip-flop clocked by clk)
  Endpoint: u_data_sram_u_sram_u_sram
            (rising edge-triggered flip-flop clocked by clk)
  Path Group: clk
  Path Type: min

  Des/Clust/Port     Wire Load Model       Library
  ------------------------------------------------
  fft_top            ZeroWireload          tcbn65gplustc_ccs

  Point                                                   Incr       Path
  --------------------------------------------------------------------------
  clock clk (rise edge)                                   0.00       0.00
  clock network delay (ideal)                             0.00       0.00
  u_core_x0_out_reg_14_/CP (DFCNQD1)                      0.00       0.00 r
  u_core_x0_out_reg_14_/Q (DFCNQD1)                       0.11       0.11 r
  U1727/Z (AO222D0)                                       0.05       0.16 r
  u_data_sram_u_sram_u_sram/D[14] (sram00)                0.00       0.16 r
  data arrival time                                                  0.16

  clock clk (rise edge)                                   0.00       0.00
  clock network delay (ideal)                             0.00       0.00
  u_data_sram_u_sram_u_sram/CLK (sram00)                  0.00       0.00 r
  library hold time                                       0.13       0.13
  data required time                                                 0.13
  --------------------------------------------------------------------------
  data required time                                                 0.13
  data arrival time                                                 -0.16
  --------------------------------------------------------------------------
  slack (MET)                                                        0.03


  Startpoint: u_core_x0_out_reg_14_
              (rising edge-triggered flip-flop clocked by clk)
  Endpoint: u_data_sram_u_sram_u_sram
            (rising edge-triggered flip-flop clocked by clk)
  Path Group: clk
  Path Type: min

  Des/Clust/Port     Wire Load Model       Library
  ------------------------------------------------
  fft_top            ZeroWireload          tcbn65gplustc_ccs

  Point                                                   Incr       Path
  --------------------------------------------------------------------------
  clock clk (rise edge)                                   0.00       0.00
  clock network delay (ideal)                             0.00       0.00
  u_core_x0_out_reg_14_/CP (DFCNQD1)                      0.00       0.00 r
  u_core_x0_out_reg_14_/Q (DFCNQD1)                       0.11       0.11 r
  U1727/Z (AO222D0)                                       0.05       0.16 r
  u_data_sram_u_sram_u_sram/D[14] (sram00)                0.00       0.16 r
  data arrival time                                                  0.16

  clock clk (rise edge)                                   0.00       0.00
  clock network delay (ideal)                             0.00       0.00
  u_data_sram_u_sram_u_sram/CLK (sram00)                  0.00       0.00 r
  library hold time                                       0.13       0.13
  data required time                                                 0.13
  --------------------------------------------------------------------------
  data required time                                                 0.13
  data arrival time                                                 -0.16
  --------------------------------------------------------------------------
  slack (MET)                                                        0.03


  Startpoint: u_core_x0_out_reg_14_
              (rising edge-triggered flip-flop clocked by clk)
  Endpoint: u_data_sram_u_sram_u_sram
            (rising edge-triggered flip-flop clocked by clk)
  Path Group: clk
  Path Type: min

  Des/Clust/Port     Wire Load Model       Library
  ------------------------------------------------
  fft_top            ZeroWireload          tcbn65gplustc_ccs

  Point                                                   Incr       Path
  --------------------------------------------------------------------------
  clock clk (rise edge)                                   0.00       0.00
  clock network delay (ideal)                             0.00       0.00
  u_core_x0_out_reg_14_/CP (DFCNQD1)                      0.00       0.00 r
  u_core_x0_out_reg_14_/Q (DFCNQD1)                       0.11       0.11 r
  U1727/Z (AO222D0)                                       0.05       0.16 r
  u_data_sram_u_sram_u_sram/D[14] (sram00)                0.00       0.16 r
  data arrival time                                                  0.16

  clock clk (rise edge)                                   0.00       0.00
  clock network delay (ideal)                             0.00       0.00
  u_data_sram_u_sram_u_sram/CLK (sram00)                  0.00       0.00 r
  library hold time                                       0.13       0.13
  data required time                                                 0.13
  --------------------------------------------------------------------------
  data required time                                                 0.13
  data arrival time                                                 -0.16
  --------------------------------------------------------------------------
  slack (MET)                                                        0.03


  Startpoint: u_core_x0_out_reg_14_
              (rising edge-triggered flip-flop clocked by clk)
  Endpoint: u_data_sram_u_sram_u_sram
            (rising edge-triggered flip-flop clocked by clk)
  Path Group: clk
  Path Type: min

  Des/Clust/Port     Wire Load Model       Library
  ------------------------------------------------
  fft_top            ZeroWireload          tcbn65gplustc_ccs

  Point                                                   Incr       Path
  --------------------------------------------------------------------------
  clock clk (rise edge)                                   0.00       0.00
  clock network delay (ideal)                             0.00       0.00
  u_core_x0_out_reg_14_/CP (DFCNQD1)                      0.00       0.00 r
  u_core_x0_out_reg_14_/Q (DFCNQD1)                       0.11       0.11 r
  U1727/Z (AO222D0)                                       0.05       0.16 r
  u_data_sram_u_sram_u_sram/D[14] (sram00)                0.00       0.16 r
  data arrival time                                                  0.16

  clock clk (rise edge)                                   0.00       0.00
  clock network delay (ideal)                             0.00       0.00
  u_data_sram_u_sram_u_sram/CLK (sram00)                  0.00       0.00 r
  library hold time                                       0.13       0.13
  data required time                                                 0.13
  --------------------------------------------------------------------------
  data required time                                                 0.13
  data arrival time                                                 -0.16
  --------------------------------------------------------------------------
  slack (MET)                                                        0.03


1
 
****************************************
Report : timing_requirements
        -attributes
Design : fft_top
Version: U-2022.12-SP7
Date   : Sat Jun 27 22:09:10 2026
****************************************

1
